category,rating,label,text
Clothing_Shoes_and_Jewelry,5,OR,This is a great belt. My husband loves it
Tools_and_Home_Improvement,2,CG,Beam design is hard to read and use accurately. Not user-friendly.
Clothing_Shoes_and_Jewelry,5,OR,"Berne has good products, better than Carhartt in my opinion.  Not because of any political BS just because of price and weight.  Everything from Carhartt weighs a ton to be warm while everything from Berne is light and warm at the same time.  We've worn their winter bibs for years now, and they last much longer. On to the shirts, they are lightweight, warm, and have a handy pocket over the left pec.  These shirts have been through the gauntlet at my house already, and with a little pre treat the stains come right out.  Soft and comfortable which my husband loves!  Berne has a great product."
Toys_and_Games,4,CG,"Anna sings beautifully and my child loves it. The dress is pretty, but the hair tangles easily. Batteries don't last very long."
Sports_and_Outdoors,4,OR,I purchased it for my larger bug out set up. So far the quality is pretty good. My only con is that it could use at least a few separate compartments. Overall I would recommend this for anyone who is putting a bug out bag together or even just that avid outdoorsman.
Books,2,OR,"I would think mostly 50 yr olds and above still use paper guide books. This is too small to make it useful for us. It is 5.5"" x 8.5"" and should be 10.5 × 8.5 like other guide books. We are driving and don't need a small book."
Kindle_Store,4,OR,"Overall this was a good story. **some vague spoilers** Some grammatical and writing errors (the wedding scene with the vows), but those didn't bother me enough to affect the story or rating. My issue was with Natalia has lived in hell but the author writes that she is sexually excited by Mikhail when he sexually abuses and rapes her (my personal opinion and belief) in the beginning. That is just not realistic at all. As a sexual assault survivor, you're telling me this girl went through 10x worse things but yet doesn't have the issues I'm still working through and it's been almost 10 years since I survived?? Ignorant and insensitive honestly. Other than that stuff it was a good story that I enjoyed!"
Books,5,CG,"Orwell's dystopian classic remains chillingly relevant today. The world he creates is terrifyingly oppressive, and his insights into surveillance and totalitarianism are profound. It's a thought-provoking read that leaves a lasting impression."
Books,5,OR,"This is a very, very hard book to put down. Innocence comes face to face with real evil. I highly recommend."
Electronics,3,OR,It's somewhat difficult to insert battery
Tools_and_Home_Improvement,5,CG,Sturdy construction and good selection of sizes. Perfect for any workshop.
Toys_and_Games,5,CG,An elaborate and fun set for LEGO enthusiasts. The details and features are impressive. Provides hours of creative play. Some small parts can be easily lost.
Electronics,4,CG,"Offers a lot of features for its price, including a vibrant display and long battery life. The design is sleek and comfortable to wear. However, the software can be a bit clunky. Overall, a great value for those looking for an affordable fitness tracker."
Home_and_Kitchen,5,CG,"Handles various cooking tasks efficiently with its convection feature. The digital controls are easy to use, and it heats up quickly. It's a bit bulky, but the performance and versatility make it a great kitchen appliance."
Toys_and_Games,2,CG,The variety of tools and molds is nice but the dough quality is poor. Dries out quickly and the tub is too small to hold everything. Not worth the money.
Tools_and_Home_Improvement,2,CG,Tools feel cheap and break easily. Not suitable for serious work.
Electronics,5,CG,"Excellent sound quality with low self-noise, making it ideal for studio recording. The build quality is solid, and it comes with useful accessories. It's not the best for live performances due to its sensitivity. Highly recommended for home studios."
Clothing_Shoes_and_Jewelry,5,OR,"My son doesn't complain at all about these Cotton Day crew socks, and he is quite picky. They're soft and comfortable and don't slide down. They've got a good stretch to them too. We love all the soft and solid colors. I believe they're priced fairly based on the high quality of material. I'd definitely order these again!"
Clothing_Shoes_and_Jewelry,5,OR,"I like the weight, how flowy, and the pattern. It's a comfortable dress that I can dress up or just wear around the house depending on what it's paired with."
Books,4,CG,Gladwell's book is a thought-provoking exploration of the power of intuition and snap judgments. His engaging writing and fascinating case studies make it a compelling and insightful read.
Home_and_Kitchen,3,CG,"This coffeemaker offers basic features and reliable performance. The programmable settings are convenient, but it lacks advanced features found in higher-end models. An affordable option for those needing a straightforward coffeemaker, but don't expect anything beyond the basics."
Kindle_Store,3,OR,I like this book but I was not in love with it. It's a decent read but compared to some of pepper pace's previous novels I wasn't wowed. I was happy to read one of her books again and I'm still a fan. I just feel like too much of the story was about the movie and not enough about the couples reality. I also feel that the story ended rather abruptly and I was kind of expecting a little more.
Tools_and_Home_Improvement,5,CG,Comes with everything needed for DIY projects. Lightweight and powerful.
Kindle_Store,2,OR,This book is so strange and they were times I was reading it I was thinking did this author just write the weirdest most absurd things to see how stupid people would be to keep on reading? Because honestly this book was bizarre and I got to a point where I just couldn't read it anymore-it was just so screwed up. I don't know why anybody would enjoy this book. An 18-year-old girl and a 35-year-old man who makes her his sex slave and pays her and she's going to go to Columbia University it just doesn't make any sense. I just don't understand why anybody would even like this book.  He offers to pay her extra to wear a butt plug that has a raccoon tail on it. That was it-couldn't go any further-it was just so strange.
Pet_Supplies,5,OR,Works as advertised
Books,4,CG,"Mitnick's autobiography is a fascinating glimpse into the world of hacking and cybersecurity. His stories are thrilling and often unbelievable, making for a page-turning read. It's a must-read for anyone interested in the complexities of digital security."
Toys_and_Games,3,CG,"Engaging for kids. Quite messy and requires frequent cleaning. Assembly is straightforward, but some parts are flimsy."
Tools_and_Home_Improvement,1,OR,"We returned. Not good quality, cheaply made."
Movies_and_TV,5,OR,Good
Home_and_Kitchen,5,OR,This is just what I needed!  It puts out quite a bit of mist.  I would buy it again.
Movies_and_TV,5,CG,Offers a detailed look into military operations with intense action sequences and well-developed characters. Keeps you on the edge of your seat throughout.
Home_and_Kitchen,3,OR,"Although I like the cake pan, I cover is stiff and difficult to remove.  You almost have to turn the cake pan on its side which defeats the purpose.  Perhaps the lid will soften and become more pliable after several uses?"
Toys_and_Games,4,CG,Great for learning and imaginative play. The building is detailed and well-made. Assembly is time-consuming but the result is worth it.
Pet_Supplies,5,OR,ALL FIVE of my dogs LOVE these
Movies_and_TV,4,CG,A wild Marvel adventure with some amazing visuals. The characters are diverse and the plot has a lot of surprises.
Books,4,OR,Love stories about WW2. Have read se real books. This book is long but too much detail sometimes within the story. Smooth reading.
Electronics,2,OR,the mouse didn't really work well returned
Kindle_Store,3,CG,"Compelling narrative with some flaws. The plot is engaging, though some characters lack depth."
Pet_Supplies,5,OR,as described
Toys_and_Games,2,CG,The game is chaotic and not very enjoyable. Hard to keep track of the balls and it gets boring quickly. Wouldn't recommend.
Movies_and_TV,4,CG,"This superhero series is quirky and entertaining with a lot of heart. The humor is offbeat, and the characters are endearing. A refreshing change from the usual superhero fare."
Electronics,5,CG,"The Apple iPad Pro is the gold standard for tablets. The display is stunning, with ProMotion technology making everything smooth and responsive. Performance is lightning fast, handling even the most demanding apps and multitasking with ease. The Apple Pencil support is fantastic for creatives. Battery life is impressive, often lasting two days with moderate use. It's a premium product with a premium price, but it delivers in every aspect."
Sports_and_Outdoors,5,CG,Comfortable and provides excellent grip. Ideal for both indoor and outdoor climbing.
Clothing_Shoes_and_Jewelry,2,CG,"Knit scarf is very soft and comfortable to wear, but it started pilling after just a few uses. Disappointed with the quality considering the price. Would have been perfect if it didn't pill so easily."
Sports_and_Outdoors,2,CG,Difficult to adjust and doesn't fit well. Child seemed uncomfortable during hikes.
Tools_and_Home_Improvement,5,CG,Ideal for DIY projects. Powerful and easy to use.
Kindle_Store,4,CG,"Dark narrative with plenty of twists. The characters are well-drawn, though some twists feel predictable."
Books,5,OR,"Caleb is my favorite out of the Mighty Nein, so picking up this book was a must. The print and paper are luxurious and vivid, with a thick hardcover that protects the pages inside. His backstory is heartwrenching and haunting with surprisingly steamy moments, and I'm so happy that there is beautiful, expressive art that compliments it so well. I'm so happy with this book, I've read it multiple times since receiving it. My only wish is that it was longer!"
Books,1,OR,"80% could have been taken out it would have been easier to read. If there are any other books, I won't be reading them."
Sports_and_Outdoors,5,CG,"Extremely lightweight and comfortable. Provides excellent support and cushioning, making runs feel effortless. Breathable material keeps feet cool. Stylish design that works well both for running and casual wear. Worth every penny."
Electronics,2,CG,"Integrating Google TV into the Chromecast seemed like a great idea, but the reality is disappointing. The interface is sluggish and freezes often, requiring frequent restarts. Streaming quality is inconsistent, and the remote feels cheap and unresponsive. For the price, the performance issues are unacceptable."
Toys_and_Games,4,CG,Perfect size for playrooms. The clubhouse is full of surprises and keeps kids entertained. Some pieces are small and can get lost easily.
Books,5,CG,"Gaiman's novel is a charming and whimsical modern fairy tale that blends fantasy and romance. The writing is lyrical and the story is enchanting, making it a delightful read for fans of magical adventures."
Kindle_Store,4,CG,"Memory, family, and freedom are explored profoundly in this beautifully written book. The magical realism element felt slightly disjointed at times, but the emotional depth and historical insights make it a worthwhile read despite some pacing issues."
Clothing_Shoes_and_Jewelry,1,OR,"This item was completely misrepresented in my opinion. This is more like a long sports jacket, which is silly as opposed to a true wool overcoat. For starters their largest size is still ridiculously small because of course it's Asian measurements. Secondly, not nearly long enough to be an overcoat and third, not nearly warm enough to be called a winter overcoat, unless you are wintering in the Caribbean. Item arrived, wrinkled as well, and unfortunately, there really is nothing redeeming about this item. I would avoid at all costs and find a better quality product to spend your money on."
Electronics,5,OR,"I gifted my previous one on an overseas trip, so I needed to replace it. Only downside? The previous case is just a smidge too big. Works, but there is movement when accessing the buttons. Some great user experience, ; battery (lasts about a week, with daily use. A3 or 4 days with near constant ( 6-8 hours at least daily), brightness (Day or night, indoors or out no issues reading on matt finish screen), touch screen )is a little weird, but again not sure if it is because of ads/wifi. page-turning is instantaneous), size (fits in most pockets), and weight (easy to hold for long periods of binge reading). Not a fan of ads/wifi chip. Lags when using the web browser of the store. Once all is downloaded is fast enough for me."
Movies_and_TV,2,CG,Extremely heavy and depressing. Hard to watch and left me feeling down. Not something I would recommend.
Home_and_Kitchen,4,CG,"Ideal for making large batches of meals with minimal effort, this slow cooker is reliable and easy to use. The locking lid is a great feature for transportation. Some might find it a bit basic, but its simplicity is part of its charm. Great for busy individuals looking to prepare meals in advance."
Tools_and_Home_Improvement,3,OR,"These work well for holding the bits. I have these on my other Dewalt drills and have worked well. I gave them 1 star for install because I can't believe the didn't come with the screws, really Dewalt. The other bit holders that I have purchased came with the screws."
Toys_and_Games,3,CG,The Baby Shark doll is fun and the song is catchy. Can get repetitive and annoying for parents. Kids love it though.
Tools_and_Home_Improvement,5,OR,We have 12' ceilings in our garage. The garage ceiling is in need of some drywall repair and painting. This is the perfect height and moves very easily. Good value for the money.
Electronics,5,OR,I'm pleased with the price and quality.
Pet_Supplies,3,OR,"My cats play with the hanging toys, but mostly sleep on it.  It isn't heavy enough to stay in place and definitely overpriced."
Tools_and_Home_Improvement,5,OR,"So I saw these in a YT video where these were used to hold up a door and to make small adjustments while the user set hinge screws.  I run into many similar problems when fixing things or making repairs so I made my purchase. This worked really well.  I've since used them multiple times with sheetrock, woodworking, and leveling my garage door while I made adjustments.  These are very helpful when you need that 3rd hand to hold something up just a little while you screw it in.  These devices are very sturdy and don't shift around once there is a little weight on them.  These function similarly to a typical speed clamp."
Movies_and_TV,4,CG,"Provides insights into office life with relatable characters and situations. The humor is spot-on, making it a great watch."
Home_and_Kitchen,5,CG,"Handles blending tasks with ease, providing smooth and consistent results. The touch interface is intuitive, and the design is sleek. It's a bit noisy, but the performance is excellent."
Toys_and_Games,5,OR,"My 2yr old granddaughter loves this, toy, and it really helps her to be more, knowledgeable on all of the things in this book.. The sound are great!"
Clothing_Shoes_and_Jewelry,3,CG,"The ring is absolutely beautiful and adds a touch of glamour to any outfit. The crystals sparkle brilliantly, and it looks much more expensive than it is. Unfortunately, within a month of occasional wear, a few of the stones have already fallen out. It's disappointing because the design is so gorgeous. If the quality of the setting were improved, it would be perfect."
Kindle_Store,3,CG,"Engaging plot with a depressing atmosphere. The characters are well-developed, though the narrative can be bleak."
Books,5,OR,This is a lovely book full of well explained instructions and fun ideas!!
Home_and_Kitchen,1,OR,It's not made for any Kirby vacuum cleaner
Tools_and_Home_Improvement,5,OR,"I purchased these, and I get compliments all the time. They stick well and look authentic. They are made of a light weight plastic. I just sold the home…would have liked to seen how the finish lasted over time."
Tools_and_Home_Improvement,3,OR,"I wanted to like it, but I just can't. Case: The case is nice, it has magnetic sides, though I wish it was a trifold of some sort, as the sides fall off easily. This could be remedies with better magnets. Currently the design of the case while ""cool"" is not very functional. No place for the drive to be protected, see driver below for more. The drive resides in a plastic tube with two rubber plugs. If you lose any of these 3 parts, the drive can not longer be secured. There is no room for the charging cable, and no room for the accessories even the base model comes with. The bit holders are fantastic and should be a model for all other companies. The case has no markings for bit size Bits: So far they seem fantastic, it listed them as magnetic, but I haven't found any that are magnetic on their own. You must use the tool on any bit you want to be magnetic, I found it wore off within 5 minutes and frankly was a bit sad. Bits should be marked clearer, with white enamel paint inside the engraved text. or apply lettering to the case to easily see the size. Driver: Super smooth driver with no grip, high initial torque, enough it can fly out of your hands, or spin small devices out of your opposite hand. There should be some texture or rubberized material to reduce this. Overall there is little power to this driver, screws with heads designed to seat into a enclosures such as hard drive screws, it can barely turn them. Driver also has no protection against pushing both buttons, a simple xor gate would have fixed this. it can be one or the other, not both. This driver has no such luxuries, so hopefully it does not get stuck in your pocket, or something presses against the plastic tube that protects it. Lightly pressing on the tube sides cause it to turn on, if you don't catch it, it will burn up the driver. I thought maybe I could face the buttons to the case to protect them, but lightly pressing still activates it. Final thoughts: It also comes with a small magnetic worktable, sadly it is black and screws are hard to see on it. There is no place on the plastic case for it to even stick too. just another accessory to carry around lose, just like the magnetizing tool, and cable. The case has a giant lettering of CS0233 on it, which is just ugly, and means little to nothing, it also has an even bigger 56+1 with a picture of a bit, again pointless the opposite has a giant logo and a screw and spring on it. The lack of protection on pushing both buttons, the weird out of case holder for the driver that only works if you have 3 pieces to combine is just a bad design. The case could be trifold to protect all bits from falling out, and protect the driver. Case could also use an internal battery you can plug the whole case in with a retractable cable, and dock style charging to the driver. This product is a big expensive for the lack of any decent features. Aliexpress has provided us with much better for a fraction of the cost, and only a small loss in quality."
Books,3,OR,"""Mystery""? ""Thriller""? ….not really. There's extended periods of contrived action - annoyingly told from different aspects of the same situation - but additionally diluted by l-o-n-g descriptions of architecture, scenery, furnishings; reminiscing, back stories  … ad infinitum.. Plus it's another of those books where stone cold killers kill anyone and everyone - except what the author would consider to be good guys and gals … coupled with a series of silly scenarios and contrived situations with - seemingly - the only intent being to increase the word count."
Electronics,5,OR,So far we have been trying differnt photos to load. We like the frames décor and picture quality. We may not  be using it correctly yet as it is on all the time (no motion detection. Since its for my mother / grandmother we will need to spend some additional time setting the device up. Will post additional comments as we progress. So far we like this more than an other frame we had.  We are hopeful that we can get a nice suite of photos loaded for my mother  and grandmother that will be easy for her to see and we can update .
Sports_and_Outdoors,2,CG,Not very compressible and takes up too much space in the pack. Expected better for travel use.
Tools_and_Home_Improvement,4,CG,Handles tough jobs well but is a bit heavy. Battery life is okay.
Home_and_Kitchen,5,CG,A game-changer for baking. It provides a non-stick surface and is easy to clean. No more need for parchment paper or cooking spray. Durable and saves money in the long run.
Books,4,CG,"Offers a compelling look into the life of Christopher McCandless and his quest for freedom. The writing is evocative, painting a vivid picture of McCandless's adventures and ultimate demise. A thought-provoking read that questions the ideals of adventure and isolation."
Home_and_Kitchen,5,CG,"Excels at removing pet hair and maintaining a clean home. The design is convenient, and the suction power is impressive. It's a bit heavy, but the performance is unmatched for pet owners."
Sports_and_Outdoors,5,OR,Easy to use with the right type of boot/binder. Just a begginer and they seemed to work easily. A lot of fun with the first Michigan snow of the year.
Clothing_Shoes_and_Jewelry,5,OR,"Comfortable, nice look."
Home_and_Kitchen,5,CG,Combines style and functionality with a durable non-stick surface. The cookware heats evenly and is easy to clean. The handles are comfortable and stay cool. A great set for everyday cooking.
Electronics,2,OR,Didn't realize that some wires are thicker than others.  I was not able to use for intended purposes.
Tools_and_Home_Improvement,5,CG,Ergonomic design makes them easy to use. High-quality construction ensures they last.
Clothing_Shoes_and_Jewelry,5,CG,"Beautiful and comfortable, perfect for warm weather. The material is lightweight and breathable, and the fit is flattering. Received many compliments while wearing it. Very happy with this purchase and would highly recommend."
Tools_and_Home_Improvement,4,CG,Great combo kit with reliable performance. Battery life could be improved.
Kindle_Store,4,CG,"Weaving together multiple narratives seamlessly, this tale is compelling and imaginative. The characters are richly developed, and the plot is intriguing. A bit complex at times, but it's a rewarding read for those who enjoy layered storytelling."
Movies_and_TV,5,CG,Follows an empowering journey with strong performances and thrilling action scenes. The character development is compelling and inspiring.
Pet_Supplies,4,CG,Keeps my dog safe and comfortable during car rides. It's easy to put on and adjust. The straps could be a bit thicker for added security.
Home_and_Kitchen,4,CG,"Ensures clean and great-tasting water. It's easy to fill and fits well in the refrigerator. The filter replacement indicator is helpful. While it could filter water faster, it still offers excellent value for maintaining good water quality at home."
Movies_and_TV,5,CG,"Exemplifies artistic storytelling with unique visuals and a captivating narrative, making it a memorable experience."
Tools_and_Home_Improvement,1,OR,"*UPDATE* Delivered Aug 2nd. Today is Aug 11. It will not turn on tonight. I plugged it in and the little light on the front will not turn on to say charging. Shame. I really liked this product. Cannot return cuz threw box away. I wouldn't be upset if it lasted at least a month (for only $6) but dying 2 weeks later, shame. It goes very warm bright to barely on which is what I wanted besides changing to color mode. The instructions are not clear on how to make it change colors. After 30 min of being frustrated, reading what written directions there were, and trying the different taps, I re-looked at it on here thinking maybe I ordered one that didn't change color. Then I saw the video on here and saw the person do something on the bottom to make it change color. The video is dark so I have no idea what she did so I just pressed and double pressed ""places"" on the bottom. It changed color! Ask me to do it again and I'll have no clue what exactly I did to initially change it. So do yourself a favor and watch the video on here. Other than all that, Im satisfied with this for the price. Again, I just wanted something that was very warm bright to barely there and changes color. I don't see a moving sensor on this nor was there a remote controller."
Clothing_Shoes_and_Jewelry,5,CG,"Comfortable and durable, providing excellent support during workouts. The material is breathable and they fit snugly without being too tight. Have held up well after multiple washes. Very satisfied with this purchase."
Kindle_Store,3,CG,"Set in a communal garden, the atmosphere is intriguing but the pacing is slow. The characters are well-drawn, though the plot can drag."
Electronics,3,CG,"Stylish design and good noise cancellation, but the sound quality is not on par with other headphones in the same price range. Bass is overpowering, and mids and highs are not well-balanced. Comfort is decent, but they feel a bit tight after long use. Overpriced for what they offer."
Home_and_Kitchen,5,OR,"Really nice Moon tapestry, it's even better when you install white christmas lights with it, so you can make it stand out even more and make your area more relaxing, I'm enjoying it, the material its soft and it's very light weight."
Toys_and_Games,5,OR,Beautiful glossy picture of the horses.  Nice quality too!
Home_and_Kitchen,5,CG,"Handles a variety of cooking tasks effortlessly. The multiple functions are easy to use, and it consistently delivers great results. It's a bit bulky, but the versatility and performance make it worth the counter space."
Books,3,OR,"If you wanted to learn how to play the guitar and be able to pick up any sheet music and play it, this is not the book for you. Look closely at the picture, these are not music notes. they are different numbers and a special system called tab, which is not traditional music. There's no actual traditional music notation in the book at all. You're not going to learn to read music, you are going to learn something called tab. They have some special thing called tab which requires you figuring out all the little numbers on the different lines and trying to marry that to the guitar and chords instead of just using regular music notes. It's a bizarre strange thing. I don't understand the point, because unless you've got the special little tab notation system for every piece of music on the planet, you're going to be limited until you turn around and learn how to read music. I assume after some time you'll be able to automatically figure out all the little lines - how they correspond, but it just seems adding an unnecessarily complicated step instead of just showing the music notes and teaching people how to actually really read music. The book itself is a typical 11x17 folded in half and saddle stitched, decent quality paper. The contents just are not a match for me. There's really nothing in this book, other than it showing the finger positions for different chords, that I'm finding useful. I'll keep looking for another beginner book that teaches basic guitar with real music notation. I should have looked at the photos closer. I just assumed they would have the real music in here along with this tab thing they're using. At least it didn't cost a lot."
Clothing_Shoes_and_Jewelry,5,OR,Would work for fat ankles and calves
Pet_Supplies,3,OR,"I bought this product due to the rave reviews. However, I can't tell a difference in my dog, before vs after giving my dog the supplement. I'm not saying the product is not a good product,I'm just saying, I did not notice a difference before vs. after the supplement. I'm willing to continue providing my dog the supplement for, maybe 30 additional days to see if there's a noticeable difference. BTW, my dog loves the flavor. She waits patiently for her scoop at dinner time."
Movies_and_TV,5,CG,Romance in the office is charmingly portrayed with endearing characters and a sweet storyline. Captures the nuances of modern relationships beautifully.
Books,5,OR,"Often when I read a series, I switch between a couple of different books/authors.  I was so completely involved with this series that I read one book after the other until, before I knew it, I had finished the entire series.  The series ended on a good note however I felt that more could have been written.  I hope the author will consider writing more with these same characters, exploring the next stage in their lives."
Sports_and_Outdoors,5,OR,"I was looking for a driver, 3 wood, and hybrid cover, and these work great. They look nice, and fit great. They have the long neck to protect the shafts too."
Clothing_Shoes_and_Jewelry,5,OR,Love the color. Love the fit.
Books,1,OR,Why does this book cost $99.99? No paperback book should cost that much.
Books,5,OR,Made a great gift for relatives who enjoyed the show
Sports_and_Outdoors,5,CG,"Keeps hands warm and dry in harsh weather conditions. The fit is snug but comfortable, ideal for winter sports."
Tools_and_Home_Improvement,5,OR,"Loved them but the screws were too short for the drawers. they fit the doors, but you'll probably have to go buy metric screws to fit the thicker drawers if you have them."
Tools_and_Home_Improvement,3,OR,"The most important thing to report about these cute little lights is that they don't come with any way to affix them to anything. These are meant to be strung on a plant/bush/pole or attached to things using clips or something similar. Several of the flowers had fallen off their bulbs and had to be glued back on as well. They are pretty, and the light they give off is more of a soft pastel vs a bright, neon-y glow."
Kindle_Store,3,CG,"Depiction of suburban life is witty and entertaining. The characters are well-drawn, though the story lacks depth."
Toys_and_Games,1,OR,We have nearly every superhero action figure in the market. My four year old plays with them every day and Captain America is by far the worst one we have and the poorest quality. His head fell off within a couple of weeks and we've glued it back on with special glue and then it breaks off again. My son doesn't even play with it anymore. He gave it a full week and the first time he tried to reintroduce him to the Avengers his head fell off...again. absolute crap.
Kindle_Store,2,OR,"This really is a lowest common denominator romance novel.  Poorly written, terrible behavior that's supposed to be tolerated.  It's sappy and I want my time back."
Home_and_Kitchen,5,OR,Nice piece of art that you can stick on a metal surface.  Would recommend
Tools_and_Home_Improvement,4,CG,Very lightweight and easy to use. Good for light work but not for heavy-duty tasks.
Clothing_Shoes_and_Jewelry,3,CG,"Ballet flats are cute and stylish, ideal for casual wear. Unfortunately, the material is not very durable. The soles started to wear out after a few weeks. Would have been perfect if they lasted longer."
Electronics,4,CG,"Delivers a smooth and fast gaming experience with its high refresh rate and low response time. The display quality is excellent, and the build is sturdy. However, it's quite expensive and not the best for non-gaming tasks. Great for gamers who want top performance."
Clothing_Shoes_and_Jewelry,2,CG,"Tote bag has a cute design, but the quality is lacking. The handles started to fray after a few uses, and the fabric feels flimsy. Disappointed with how quickly it started showing signs of wear. Not worth the price considering the poor durability."
Tools_and_Home_Improvement,5,OR,Like
Kindle_Store,4,OR,This is a beautiful collection of poetry. - COVID-19 - Gaining and losing friends - Finding joy when things don't work out - Faith - Life
Pet_Supplies,5,OR,"My dog loves this toy but he is a super destroyer, it lasts about 3 weeks"
Home_and_Kitchen,5,CG,"Provides excellent steam cleaning for hard floors. It's easy to use and heats up quickly, making cleaning effortless. The performance is consistent, and it's great for sanitizing."
Sports_and_Outdoors,5,OR,Just the right size
Tools_and_Home_Improvement,4,CG,Compact size with good power. Great for tight spaces but a bit expensive.
Pet_Supplies,2,OR,When I bought it the flow was way too strong for my 10gal sponge filter so I used a control valve to slow the release of air and after about a week the whole thing just stopped working. Have used an identical bubbler from Amazon before with no issues but I never had to use a control valve for it so maybe that's what caused it. I would recommend you don't buy unless you want a really powerful flow of air bc a control vale seemed to break the whole thing
Kindle_Store,5,OR,"I am not even sure how to describe how much I LOVE The Hunted. I don't want to pick favorites, because all of the books are so amazing… but if I had to pick- this one would take the cake (probably). If you have not read books 1-4, please pick up The Discovered immediately! You will not regret it. Maggie's writing is so unique and engaging. You walk away after having read her books and they are so engulfing that you keep thinking about them. They have VERY powerful messages regarding emotional well-being and balance. Her writing is truly beautiful and always leaves you craving MORE. Warning this review contains SPOILERS. This book continues the beautiful world-building that we have grown accustomed to. You get to see Iciera and it is beautiful and so are all of the members of the coven. You truly see what it means for a coven to be in balance and it shows Áine and Daelon can finally see what they are fighting for. You will fall in love with all of the new characters. We get insight into Áine's and Daelon's minds… Lucien is not absent from this book and it is ABSOLUTELY DELICIOUS! (He is my favorite, and I am Team Lucien 100%). The ending will leave you desperate for the October release of book 5. This book is amazing."
Toys_and_Games,2,CG,The color wonder feature is nice but the markers are weak. The colors are dull and it doesn't hold my child's attention for long.
Clothing_Shoes_and_Jewelry,5,CG,Running shoes are both comfortable and stylish. Perfect for daily runs and long walks. The cushioning provides excellent support and the design looks great. Fit true to size. Highly recommend for active individuals.
Home_and_Kitchen,5,OR,Just get it and don't worry
Sports_and_Outdoors,5,OR,"The quality of this hammock appears to be the same as the popular brands that cost significantly more. Zero issues with stitching, weight capabilities, etc. I am hard pressed to understand why anyone would need to pay more"
Toys_and_Games,4,CG,Mighty Lookout Tower is impressive and packed with features. Assembly is a bit challenging and it takes up a lot of space. Kids love it though.
Movies_and_TV,4,OR,"This is an interesting story and I was glad to get the information but when it was over, I felt like something was missing. ???? So, I'd say, not great but good enough."
Pet_Supplies,5,CG,This stain and odor eliminator works like magic. It completely removes even the toughest stains. The scent is a bit strong but fades over time.
Kindle_Store,2,OR,Listening to a CD of this book was like watching a 1930s movie.  The dialogue is dated.  What would pass as witty cool dialogue for one generation is boring 4 decades later.  Too many suspects are set up only to be knocked down as the killer.  It was difficult to keep track of the suspects and their relationships to one another.
Pet_Supplies,5,OR,"THESE ARE PERFECT! Best product on the market I'd dare to say. And I tried a bunch of different ones for my recently adopted 8 year old pup who suffers from extreme anxiety and health issues, and will pee around the house when left out of sight. He has managed to wiggle out of all previously used diapers, his hair is short and slick, and he's just very wiggly :) But these are a life changer, these stay on, absorb all his urine and don't stink until taken off."
Sports_and_Outdoors,4,CG,Holds essentials without bouncing. Adjustable strap ensures a comfortable fit during runs.
Sports_and_Outdoors,5,CG,"Items stay cold for days, even in hot weather. Build quality is top-notch and the capacity is just right for a weekend trip."
Clothing_Shoes_and_Jewelry,5,OR,"This is an exceptional poncho per my wife who wears it, very warm and comfortable."
Kindle_Store,1,OR,If there was a way to give this stinking pile -1 stars that would be the rating. I borrowed this book from KU because it came up when searched for 'Disaster Fiction'.  Two thirds of this book is a really bad dime store romance novel.
Movies_and_TV,4,CG,"Embarks on a breathtaking visual journey with complex characters and an engaging plot, a must-watch for superhero fans."
Home_and_Kitchen,5,CG,"Offers convenience and modern design. The touchless feature works flawlessly, and the faucet itself is sleek and stylish. Installation is straightforward, though it requires some adjustments. A great upgrade for any modern kitchen."
Electronics,4,CG,"Excellent sound quality with a detailed and rich audio experience. The build quality is premium, and it supports a wide range of audio formats. However, the interface can be quite complex and not very user-friendly. It's a great choice for audiophiles who are willing to navigate its complicated system."
Clothing_Shoes_and_Jewelry,5,CG,Earrings are absolutely beautiful and elegant. Perfect size for both everyday wear and special occasions. The pearls have a lovely luster and the studs are comfortable. Highly satisfied with the purchase.
Clothing_Shoes_and_Jewelry,5,OR,I ordered a large and fits a little big but will be fine wearing it open. Thought it was going to be more pink but it's more Peach color but still pretty!
Clothing_Shoes_and_Jewelry,4,OR,Good quality
Pet_Supplies,2,OR,"I didn't like how My toy poodle, didn't fit comfortably in this carrier, unfortunately I am not able to return the money, so I just loss my money on something that my fur baby can't use. I do wish I could get a refund for this. I did measure to see if it would work however, the measurements were wrong on here."
Electronics,4,CG,"The Dell XPS 13 is a premium laptop with an impressive display and robust build quality. Performance is top-notch, handling multitasking and professional software effortlessly. The keyboard and trackpad are excellent, making it a joy to use. However, the battery life could be longer, and the price is on the higher side. It's an excellent choice for professionals who need a reliable and powerful machine."
Movies_and_TV,5,OR,Possibly the most fun of all the Spider-Man movies ever made.
Tools_and_Home_Improvement,2,CG,"Bits are of inconsistent quality. Some work well, others break easily."
Kindle_Store,5,CG,"Collaboration between two iconic authors, this book is witty and delightful. The characters are charming, and the story is both humorous and engaging."
Pet_Supplies,1,OR,Dog did not find it interesting. Walked away from it immediately.
Books,5,CG,"This novel is a beautifully written and imaginative story of survival and faith. Martel's narrative is both captivating and thought-provoking, blending adventure with philosophical musings. It's a unique and unforgettable read."
Movies_and_TV,4,CG,Offers a cultural epic with stunning visuals and powerful performances. The narrative is compelling and resonates deeply.
Sports_and_Outdoors,5,CG,Tracks all essential metrics accurately. Comfortable to wear and the battery life is impressive.
Sports_and_Outdoors,4,CG,"Bright and long-lasting, perfect for camping trips. Lightweight and easy to hang in tents. Battery compartment can be hard to open."
Electronics,4,CG,"Delivers excellent gaming performance with smooth and fast gameplay. The design is sleek and visually appealing. However, battery life is quite poor, requiring frequent charging even with light use. Additionally, it's quite heavy, making it less portable. Despite these issues, it's a strong contender for gaming enthusiasts."
Tools_and_Home_Improvement,2,CG,Feels cheaply made and not durable. Flex shaft is not smooth.
Pet_Supplies,4,CG,My small pets love chewing on this. It looks nice in their habitat. The pieces are quite small.
Movies_and_TV,4,CG,Unveils some magical secrets with a story that's rich and visuals that are stunning. The characters' journeys are really emotional.
Tools_and_Home_Improvement,2,CG,Heats up quickly and becomes hard to handle. Not ideal for continuous use.
Toys_and_Games,4,CG,Perfect for large gatherings. The game is easy to understand and quick to play. The humor and illustrations are a big plus. Some might find it a bit chaotic.
Movies_and_TV,5,CG,"Adds depth to a beloved series with well-developed characters and an intriguing, entertaining plot."
Movies_and_TV,4,CG,"Offers an intense thriller with a fast-paced plot and standout performances. The tension builds masterfully, keeping you on edge."
Books,1,OR,I'm not sure why they would make the slots bigger than quarter sizes so they fall out.  As soon as you try to close the book they fall out. Not cool.
Toys_and_Games,5,OR,Seems legit. 5% minoxidil
Home_and_Kitchen,5,OR,Adorable as a gift
Movies_and_TV,2,OR,"An homage is tough to pull off, especially when you announce your intentions up front.  Nightmare Symphony (2020) is not just a love letter to all things Lucio Fulci - the Italian director whose biggest success came during a particular gore drenched string of international hits during the ‘80s – but a reboot of one film in particular:  Cat in the Brain (aka Nightmare Concert) which took an autobiographical approach to tell a behind-the-scenes horror story of a director suffering a creative crisis. In Nightmare Symphony, Frank LaLoggia (director of Fear No Evil and Lady in White) plays a fictionalized version of himself, just putting the finishing touches on his new film.  But his arrival in Italy is marred by the vicious murder of his female star, poor feedback from his collaborator and outrageous demands by his producer.  His only lifeline is Isabelle (Antonella Salvucci), editor and ex-lover, who attempts to talk Frank down from the creative cliff.  But the murders continue, targeting the very troublemakers who have been sabotaging the project, causing Frank to question his own motivations…and sanity. Full of Fulci references and past collaborators (screenwriter Antonio Tentori, who plays himself, wrote the original A Cat in the Brain in 1990) there's certainly no doubt the co-directors Domiziano Cristopharo and Daniele Trani are huge fans of the genre.  And with very limited resources they've managed to tell a competent – if familiar – story that reflects the horrors of the loss of creative control.  LaLoggia, who bears a striking resemblance to Paul Giamatti, deserves particular credit for pulling of a great bit of non-acting as the director struggling to recover his mojo. But for a film built around the giallo format, Nightmare Symphony gets the pacing all wrong.  Opening with a drawn-out torture sequence full of cool blues and scarlet blood, the film is so enamored with the mechanics of it all, it forgets to add the suspense.  Subsequent killings revel in the same cut-rate make-up effects, but are almost completely bereft of the visceral impact Fulci managed to achieve.  Nightmare Symphony is a plagiarized love letter to Italian cinema that's all style but no heart. The Blu-ray release features a pair of interviews and behind-the-scenes reel, along with a chapter-based copy of the score, with a killer main title theme from Fabio Frizzi."
Books,5,CG,"This novel is a richly detailed and engrossing story about loss, survival, and the transformative power of art. Tartt's writing is exquisite, and her characters are deeply compelling. It's a long read, but worth every page."
Electronics,5,CG,"Classic design with amazing sound quality. The bass is powerful, and the mids and highs are clear and well-defined. It's quite loud and can fill a large room easily. Build quality is excellent, and it's very easy to use. Highly recommended for any music lover."
Home_and_Kitchen,5,OR,I like that there's no cord. You just pull the blind up or down from the bottom. Know your size before you buy.
Clothing_Shoes_and_Jewelry,5,OR,"All I cared about is, they fit. I wear a size 12 shoe and socks are always too tight on me. These aren't. Finally!"
Tools_and_Home_Improvement,3,CG,Suitable for light tasks around the house. Not powerful enough for heavy-duty work.
Clothing_Shoes_and_Jewelry,5,OR,"I got these for myself but quickly realized they were meant for my daughter when I saw the color in person. These are a gorgeous green color and mildly transparent. The shape of these are awesome. I collect vintage glasses and I have a ridiculously large collection and these fit right in with my authentic ones. I really recommend these, they're light weight, comfortable, stylish, beautiful color and block a lot of light."
Sports_and_Outdoors,5,OR,"It was very easy to put together and very sturdy while my kids jump on it. The handlebar is a great addition to help keep kids balanced. The foam around the bar is thick enough to prevent any bruises or injuries. There's just enough space to have one kid to be jumping at a time. Two kids there, even two small kids, will get a little crowded. It's not very heavy for teenagers or adults to move around but if you move it and it falls on your foot you'll feel it so wear shoes when moving. Overall a great product for kids and a great way to get them tired out. It is a great gift for any child and for the perfect price"
Home_and_Kitchen,4,CG,"Extracts juice efficiently with its powerful motor. The design is sleek and modern, and it's easy to clean. A bit noisy, but the performance is excellent for the price."
Pet_Supplies,5,OR,"My kittens absolutely love these toys. They have been playing enthusiastically since I opened the package. The favorite of all the toys, is hands down, the tunnel. The spend hours creeping up on each other and just enjoying hiding and playing. I highly recommend this bundle of smiles."
Books,5,CG,King's novel is a chilling and suspenseful thriller that keeps you on the edge of your seat. The claustrophobic setting and the intense psychological tension make it a gripping and terrifying read.
Pet_Supplies,2,OR,This was loved for a short time as it got a hole within and hour of setting it up.  Would not recommend this at all  and for the price.
Tools_and_Home_Improvement,4,OR,"I was about to return since there was no instructions on how to reset the lock with new combo. But once I figured it out it's fine. There's a little button in the bottom, you need to push and set new combo to set. It's not super secure, I'm just using to lock up a case for airport checkin luggage."
Pet_Supplies,1,OR,This is the worst hay I have ever purchased! It is bone dry and more stiff than straw. It pokes like needles and is also extremely dusty. The worst quality ever! Total waste of money 😡
Home_and_Kitchen,5,CG,"Provides excellent cleaning performance with a lightweight design. It's easy to maneuver and works well on various surfaces. The cord length is sufficient for most tasks. A bit noisy, but the performance makes it worth it."
Tools_and_Home_Improvement,3,CG,Decent for light tasks but struggles with tougher materials. Battery life is acceptable.
Home_and_Kitchen,3,OR,"It's a fine enough little stovetop kettle, gooseneck doesn't leak and thermometer seems accurate. But the lid is a tad too big. Hard to put on when the pot is cold, and next to impossible to remove when the pot is hot. I now just prop the lid into place, so I'm making do ok. But I wouldn't buy the same one again."
Tools_and_Home_Improvement,4,OR,This was the easiest and simplest thing to install and I use it in my kitchen so when somebody walks into the kitchen and they get a nice low light. It works beautifully the only thing I find annoying is having to charge it. And that's just me I have so many things that I have to keep charge and it makes me crazy. But it works beautifully and I love that you can adjust the kind of light you want with it be bright white warm white. It was worth buying.
Tools_and_Home_Improvement,2,CG,Lacks the power needed for tougher jobs. Only suitable for light tasks.
Tools_and_Home_Improvement,5,OR,"If your Trane hvac unit came with this filter you have little choice but to use this as the oem filter replacement to be sure dust will not leak past  a cheaper I'll-fitting filter. This vendor sells the filter at one of the lowest prices on the internet, but it is  still expensive. Assembly was not that easy being the first time for me and there is no YouTube how to assemble it video. Once assembled it fits perfectly."
Movies_and_TV,2,CG,Premise and characters were not engaging. Not worth the watch.
Clothing_Shoes_and_Jewelry,1,CG,"Fashion sunglasses looked great online, but in person, they feel flimsy and cheap. The lenses scratch easily and the frames are not sturdy. Very disappointed with the quality. Not worth the price at all."
Electronics,1,CG,"Constant ads on the home screen make the user experience frustrating. The remote is unresponsive, and the device often lags, especially with higher resolution content. While the range of channels is good, the overall performance is poor. Not worth the frustration."
Movies_and_TV,5,OR,Impossible to describe without sounding insane. This was a heart warming little movie. We loved it.
Sports_and_Outdoors,4,CG,"Brews coffee quickly and tastes great. Easy to clean and looks nice on the counter. Slightly noisy, but overall very efficient."
Toys_and_Games,3,CG,Looks great. Quite fragile and pieces fall off easily. Assembly is time-consuming.
Kindle_Store,1,OR,"If I thought my 1-star review would hurt Jennifer Peel's rating on this one, I wouldn't write it, since I like when authors write in new genres, and I like her! Since this book's ratings will stay at about 4.5, I feel OK about saying that I COULD NOT STAND this hero. SO BAD.  (mild spoilers): Rowan is ridiculously horrible, with no real justification. He knows he needs an heir, he tells her he won't force her and that someday she will ""beg"" for his attentions, and then he is inexplicably horrible. Refuses to show her respect in front of his people, determined to ""break"" her (why?? how does he think this will help him get an heir??), refuses to give her proper clothing and then when her death is imminent is somehow furious that she doesn't immediately put on the clothing he ordered, is shocked that she has been abused by his mom (though apparently he was watching the whole time?), and is a complete jealous creep when any man shows her kindness. By the end of his unexplained (or really dumbly explained) awfulness, I felt sick at the idea that she might ever like him. In fact, when he says ""I'm unworthy of you"" suddenly I had the hope that she was actually meant for Merek! No such luck, at least so far. A few other things that were hard to swallow: she's so desperate to have a name, he finally says, ""you can choose your own name!"" and then she just....doesn't seem to care about it enough to do it. She's supposedly strong, but the book is full of gratuitous examples of her failing, physically. Just a LITTLE success in this area would have made her a much stronger character. (for a great example of this, I would recommend the Lachlann Feuds series. Much healthier enemies-to-lovers storyline)"
Home_and_Kitchen,5,OR,"I have had a lot of blankets - Sherpa, fleece, weighted, heated, travel blankets and snuggies. I love this one more than all of them combined. I don't remember the last time I loved a purchase as much as I love this blanket. It has everything. Sleeves aren't heated but they're super warm. The Sherpa lining is so fluffy it is instantly warm on your skin. The heating is magnificent, warm and even without hot spots. The heating even extends to the foot pocket so your feet stay nice and toasty. The controller is great, with 6 heating levels and 4 timer options. I love that the time options range from 2 hrs to 10 hrs. I hate when a blanket has a short time-out and you're stuck turning it back on all the time - not this one. The nice warranty is icing on the cake."
Electronics,4,CG,"Features excellent stabilization and a robust build. The image quality is great, and the autofocus is quick. It's lightweight and portable, but the battery life could be better. A solid choice for those looking for a versatile camera."
Toys_and_Games,4,OR,Durable and fast. My only problem is it uses aaa batteries and they die fast. I wish it had a rechargeable battery.
Movies_and_TV,2,OR,Great actors could've been better.
Books,5,CG,Lee's novel is a thought-provoking and powerful exploration of racism and justice in the American South. The memorable characters and compelling narrative make it a timeless classic that remains relevant today.
Books,5,OR,"It' Beautiful !!! And, Really Great! Love it!!"
Pet_Supplies,1,OR,Light weight and flimsy material.
Tools_and_Home_Improvement,4,CG,Handles most tasks well but could be lighter. Battery life is decent.
Home_and_Kitchen,5,CG,"Provides powerful blending with a sleek design. The controls are intuitive, and the performance is consistent. It's a bit noisy, but the results are excellent."
Toys_and_Games,5,OR,"These glow sticks are great! They are a lot of fun for a kid's party. Some have a loose battery cover, so it's possible small children could get to the button batteries, so PLEASE BE CAREFUL! Other than that, I'd definitely recommend these."
Sports_and_Outdoors,5,OR,This item is Awesome!!!!
Kindle_Store,5,OR,"I have read many, many historical fiction novels and this is a very good read.  The characters are believable, the author gives you insight as to their thoughts and feelings, while keeping the read going.  Some of the insights go a bit longer than needed, for my taste, but they do help develop the character and explain why they react the way they do in certain situations.  The book is set in the submarine war of the South Pacific and is believable and interesting.  Enough actual events are tied into the novels to make it seem like non-fiction.  I look forward to William Roskey's next edition!"
Books,5,OR,You can read this book in whatever order you want. I devoured it and thought it was very interesting. Anything you ever wanted to know and how it can affect everything else in your life is in this book. Everyone should read this!
Tools_and_Home_Improvement,5,OR,"[[VIDEOID:d297ed5090b8157fb25c097c40ae84d7]] This has a really nice finish to it.  I like the deep color it has and it matches my other black decor (sinks faucet, handles etc) perfectly. It comes well packaged and arrived without any scrapes or scratches. Assembly is easy.  It installs like a normal doorknob.  Plenty of YouTube videos out there to help with that!"
Toys_and_Games,5,OR,Vincent loves it and bright colors. Easy to hold and rattle.
Kindle_Store,5,OR,This guys books are something else. He has some that I Did Not Finish and some I will buy my friends for Christmas.
Electronics,4,CG,"Stunning, ultra-wide display that enhances gaming and productivity. However, the high price and occasional firmware issues are drawbacks. Fantastic monitor if you can afford it and deal with potential technical issues."
Toys_and_Games,4,CG,Lots of activities and games to keep kids engaged. The watch is durable. The screen is small and can be hard to see in bright light.
Pet_Supplies,5,CG,"These clippers are powerful and cut through thick fur easily. They are a bit noisy, but they get the job done quickly."
Movies_and_TV,5,CG,Talk about a thrilling ride! This mission had me on the edge of my seat with its non-stop action and suspense.
Home_and_Kitchen,4,OR,This was larger than I expected for the price and super nice. My only complaint is when the wind blows it blows the magnet off so if you live in a really windy place better find something to make the magnet stick better but it's super nice sign otherwise
Books,5,CG,Heller's novel is a brilliant and hilarious satire of war and bureaucracy. The absurdity and dark humor make it a unique and thought-provoking read. It's a classic that remains relevant and entertaining.
Sports_and_Outdoors,4,OR,A little narrow around waist
Pet_Supplies,4,CG,This waterproof mat keeps the area around my pet's food bowls clean. It's easy to wipe down and stays in place. Could be a bit larger.
Clothing_Shoes_and_Jewelry,5,OR,"Not going to lie, I got these for my pregnant self to have a comfy option trig the summer.  I am 5'6"" and 140, these fit nicely under my bump with lots of growing room.  Unrolled they come right to my knee.  For now I like the fit best with the waistband rolled. These also fit my hubby well, he is 5'6"" & 160 pounds."
Toys_and_Games,3,CG,"Impressive model with lots of detail. The build is challenging and time-consuming, but rewarding. Display stand could be more stable."
Electronics,1,OR,"I have an apple tv as well which I hooked up to an alienware oled monitor which came out recently. Compared to the apple tv, the picture quality using chromecast was bad and it was even worse when using my phone to cast it, the quality was TERRIBLE, it made the monitor look like a $100 monitor instead of the latest greatest OLED tech. With the apple tv the quality is fine. After a few weeks of barely using it, the remote light just stayed on permanently and only removing the batteries would make the light go off. I tried the troubleshooting steps recommended, which were to hold down two buttons to repair while removing the batteries, etc.  etc. and the navigation buttons never worked again, although the voice button did work. There is no way to type using your phone if you want. It is just another buggy crappy piece of google hardware. Save yourself the headache and just get an apple tv, you plug it in and it works, that is it, no troubleshooting, no trying to adjust the picture (I hear the latest apple tv has a way to auto adjust the colors using your phone camera even).  Yes, the apple tv is bulkier and more expensive, but what is your time worth? And when it breaks you'll have to get an apple tv anyhow. I've had my apple tv for years and worst that happened was I had to repair my remote a few times in a few years, and maybe reboot my apple tv occasionally. Just....don't."
Pet_Supplies,5,OR,"I've been trying to find a well flying disc that put up with the abuse my dog puts it to.  She doesn't really chew them, but she does like to shake them around, and now my new pup likes to try to play tug-o-war with them as well.  A lot of the rubber/plastic ones don't handle this well, and many of those are heavier and harder to fly.  This puts up with the abuse for the most part, and flies very well.  Checks the boxes I need to have checked!"
Movies_and_TV,5,OR,"I loved this movie. Interesting story, entertaining and the acting was top notch. I'm going to buy a copy instead of renting it again."
Home_and_Kitchen,5,OR,Everything I wanted and they send 3 cleaners and a bag to storage everything in!
Kindle_Store,4,CG,"Lyrical narrative set on a river, filled with enigmatic characters. The story is beautifully written, though the pacing can be slow."
Pet_Supplies,4,CG,This combination scratcher is durable and my cat loves it. It's a bit small for larger cats but otherwise great.
Toys_and_Games,5,OR,My 5 year old grandson enjoyed putting this puzzle together he loves spiderman...
Home_and_Kitchen,5,CG,Perfect for cooking large meals with its giant size and nonstick surface. It heats evenly and is easy to clean. The handle is sturdy and stays cool during cooking. A great addition to any kitchen for family-sized meals.
Movies_and_TV,4,CG,"Expect plenty of action and intrigue. John Krasinski brings a fresh perspective to the iconic character, and the plot is both timely and thrilling. Great production values add to the appeal."
Electronics,5,CG,"Offering powerful performance in a compact form factor, this mini PC is perfect for both home and office use. The M1 chip provides incredible speed and efficiency, making multitasking a breeze. The design is sleek and minimalistic. It's a bit expensive, but the performance and quality justify the price."
Home_and_Kitchen,5,CG,"Combines multiple functions to improve air quality significantly. It's quiet and effective, though the filter replacements can be costly. A great investment for those looking to improve their home's air quality."
Tools_and_Home_Improvement,4,OR,"This mask is comfortable to wear for short periods of time, but you will start to feel neck strain if you use it longer. Also the straps you use to tighten the mask on your face should be on the other end because they get annoying hanging in you peripheral vision."
Kindle_Store,3,CG,"Set during World War II, this narrative is moving but uneven. Some parts are deeply emotional, while others lack the same impact."
Movies_and_TV,5,OR,A wonderful film that is both fun and easy to watch.  I found the family dynamics and growth were rewarding and positive.
Clothing_Shoes_and_Jewelry,5,OR,"Great fit, wonderful design and feel, love this shoe,I have bought 3 different designs of these shoes for work at a 10hour day. They are the most comfortable, this shoe is extremely light like a regular sneaker and don't way heavy on your feet."
Books,5,OR,Loved this book.
Home_and_Kitchen,5,OR,"Looks great, feels study, keeps tea hot, no drips. Perfect for brewing loose tea leaves but plopping in a teabag works too."
Home_and_Kitchen,5,CG,"A fantastic addition to any kitchen. The knives are sharp and well-balanced, and the self-sharpening feature ensures they stay that way. The block is stylish and compact. Highly recommend for both novice and experienced cooks."
Books,5,CG,"Stevenson's classic adventure novel is a thrilling and timeless tale of pirates, treasure, and high seas adventure. The characters are memorable and the story is full of excitement, making it a beloved classic."
Electronics,4,CG,"Good color accuracy and a fast refresh rate. The build quality is decent, and the design is sleek. However, it lacks some advanced features found in more expensive monitors. A great value for those looking for a reliable gaming monitor."
Home_and_Kitchen,5,OR,easy to use
Sports_and_Outdoors,4,CG,"Lightweight and perfect for ultralight backpacking. Heats quickly and evenly. The compact size makes it easy to pack, and the titanium construction is durable. However, it's quite small, so it's best suited for solo trips or minimalist campers. The price is also on the higher side, but the quality justifies it."
Pet_Supplies,2,CG,Self-warming bed doesn't actually warm up. My pet avoids it.
Toys_and_Games,4,CG,The pizza set is fun for pretend play. The pieces are well-made and colorful. Velcro on the pieces wears out over time.
Toys_and_Games,1,OR,"Our family loves everything Bluey. We've also been through some hard times recently. Receiving what we did in the mail (banged and taped up smelling like cigarette smoke) has definitely been a blow for us and our two year old. Not sure why we got one in such condition, but would not recommend."
Clothing_Shoes_and_Jewelry,5,CG,Keeps dry during heavy rain and fits perfectly. The material is durable and the hood provides good coverage. Highly recommend for anyone needing a reliable raincoat that is both stylish and functional.
Sports_and_Outdoors,5,CG,Distributes weight well and has plenty of space for gear. The suspension system is comfortable for long hikes. Durable and weather-resistant materials. A top choice for extended trips.
Books,5,OR,A Halloween gift ....not given yet
Pet_Supplies,5,OR,Only had to push the vibrate one time and my dog got the message. I was really opposed to this but it helped. My dog basically attacks the television when she sees action. So we had to put a stop to it for everyone's sake. It really helped.
Books,2,OR,"Great story concept, mediocre execution, and terrible writing"
Home_and_Kitchen,5,CG,"Ideal for keeping coffee warm. The temperature settings are convenient, and the design is sleek. The included mug is a nice touch. Perfect for those who like to sip their coffee slowly."
Clothing_Shoes_and_Jewelry,1,OR,[[VIDEOID:9dbc4d71468bdcb28c2b1c419feac9fd]] My main issue with it is the way it secures. You get a cord on one side and a leafy ribbon on the other as seen in the photo. You tie them. I had a hard time getting a knot that won't come out. I'm used to the ones that you adjust simply but adjusting the angle. It's itchy. I can't imagine wearing it the whole day.
Home_and_Kitchen,4,CG,"Keeps floors clean with minimal effort. It's easy to set up and use, and the app connectivity adds convenience. Occasionally misses small spots, but overall, it's a reliable and time-saving vacuum."
Tools_and_Home_Improvement,2,CG,Performance doesn't justify the high price. Expected better from DEWALT.
Movies_and_TV,5,OR,Keep me interested from start to finish if they do a sequel I'll check it out
Tools_and_Home_Improvement,5,CG,Amplifies ambient sound while protecting from loud noises. Very comfortable to wear.
Sports_and_Outdoors,5,OR,Easy to use
Kindle_Store,5,OR,"Jade, Emma & Logan are in for a treat as they figure out just what their mother has left them-bright futures! Another good book by Mr. Fenris."
Toys_and_Games,5,OR,Gifted for a second birthday. The small human's Mom reports it is a hit for car rides & waits in the doctor's office. All pieces are attached-nothing to lose. Quiet practice of life skills needed for dressing. Would purchase again!
Toys_and_Games,4,CG,Perfect for outdoor fun. The darts shoot far and are relatively accurate. The design is cool and resembles the in-game blaster. Reloading can be a bit tedious.
Clothing_Shoes_and_Jewelry,3,CG,"Mini backpack is cute and stylish, but not very practical. The compartments are too small to hold much, and the straps are not very comfortable. Good for short outings but not ideal for everyday use."
Books,5,CG,"This science fiction novel is a thrilling and humorous tale of survival on Mars. Weir's meticulous attention to scientific detail and the protagonist's witty, relatable voice make it an incredibly engaging read."
Electronics,5,CG,"Outstanding noise-cancelling capabilities and superb sound quality make these earbuds a top choice. Comfortable fit and long battery life add to the overall appeal. The companion app offers great customization options for sound settings. A bit pricey, but worth it for the premium experience."
Movies_and_TV,3,CG,"This intriguing anthology offers a variety of stories connected by a common theme. The production quality is high, and the performances are strong. Some episodes are better than others, but overall a fascinating watch."
Home_and_Kitchen,5,CG,"Provides excellent cleaning performance with a lightweight design. It's easy to maneuver and works well on various surfaces. The battery life is impressive. A bit pricey, but the performance is worth it."
Sports_and_Outdoors,1,OR,I gave this to my father for Christmas. We couldn't even get it on to try to set up. I followed all the instructions it gave you and still nothing. I bought this on a flash deal over the summer for him so I didn't even get to return it when we realized it did not work due to the time that had passed.
Tools_and_Home_Improvement,4,OR,Easy to use it appears sturdy
Toys_and_Games,5,OR,Great purchase and well worth it!! I bought this learning Alphabet Wall Chart for my one year old niece and she loves it!!! I ordered 3 more!!
Toys_and_Games,5,OR,Great quality. Large selection sticks to the water bottle.
Sports_and_Outdoors,5,OR,GREAT old school bicycle bell
Clothing_Shoes_and_Jewelry,5,OR,gracias
Tools_and_Home_Improvement,2,OR,It's not fair to give this 2 stars but I did so that it grabs the reader's attention. I needed a pump to transfer water from my rain barrel to my flowers or garden. This will do a great job for around the patio running for a short time. I needed a pump (which I didn't realize when I bought this) that would pump further and have a reliable auto shutoff when the pump ran dry. Also the pump gets warm (and that's normal for a pump). I just needed something more powerful and more portable so I ended up going with another pump. This would be great for use in a basement or on the patio for short term usage. If that's all I needed it for I'd give it 4 stars.
Kindle_Store,4,CG,"Journey of a young henna artist in India, filled with vivid descriptions and inspiring moments. The characters are well-developed, and the narrative is captivating."
Pet_Supplies,5,OR,"All 3 of my girls have these collars. 2 pitbulls and a German shepherd, they each have their own color. Very sturdy and I absolutely  LOVE the double D rings at the breakaway clip, makes me feel much more secure when they are on a leash."
Pet_Supplies,1,OR,Pros: - They stuck well to surfaces Cons: - None of the strips worked at all
Books,4,CG,"Captures the complexities of suburban life and the intricacies of family dynamics with precision. The characters are well-developed, and the interwoven storylines keep you engaged. Themes of race, privilege, and identity are explored with depth and nuance, making it a compelling read."
Electronics,4,CG,"Stunning picture quality with deep blacks and vibrant colors truly enhance the viewing experience. The smart features are intuitive and user-friendly. However, occasional screen burn-in issues are a bit disappointing for such a high-end product. Overall, it's an excellent choice for home entertainment, despite these minor issues."
Toys_and_Games,5,OR,I was very skeptical on this but pleasantly surprised. My 7 year old is brutal on doll hair. The brush doesn't work as well on Barbie but it definitely makes a huge difference. My pics are the before and after on a My Life As doll.
Kindle_Store,5,OR,"I have only read a handful of titles by Sarah M. Eden so far and have discovered that I am becoming increasingly enchanted by any of her novels containing members of the Jonquil or Lancaster families. I was thrilled to see a chronological listing of these books as I turned the last page of The Best Intentions. And now my intention is to work through the list chronologically with the books that I have yet to read. This story was a beautiful romance between two people who had experienced more than their fair shares of difficult circumstances and disappointments. I was impressed with the author's ability to create two different situations that Gillian and Scott were struggling with, yet the troubles they faced seemed impossible to overcome. I loved the way these two began to get to know each other and the way that love snuck up on them. And once that love was there, and acknowledged, I thought that their care and concern for each other showed what honorable and genuine people they were. It was great to see so many Jonquils and even one of the Gents in this novel! It makes me eager to start catching up with these characters in the books that I have yet to read. I received a complimentary copy of this book. All opinions are my own."
Movies_and_TV,5,CG,Presents relentless action and high-stakes drama. The choreography and cinematography elevate the viewing experience.
Pet_Supplies,2,OR,"If I had wanted to give my dog several treats within a 60 second period of time, I'd have skipped even trying this. Either my baby is a genius or this is just WAY TO SIMPLE TO FIGURE OUT!!! Waste of money."
Home_and_Kitchen,5,OR,Great size and liability for my new granddaughter's clothes
Books,5,OR,"This is an amazing book.  The first three chapters give the background on three different people with different stories who board the Tamiami Champion passenger train in Charleston, SC, and head north.  Another highlighted character, Pecan Locklear, lives near Rennert, NC and witnesses the crash and is the first non passenger/crewmember on the scene to help.  The deadly crash of two trains that becomes North Carolina's deadliest ever during a late night bitter cold snowstorm is historical fact.  The skillful interweaving of fictional people within the disaster is the masterful imagination of the author.  If you start the book, I can promise you that it won't be put down for long before you pick it back up to continue."
Pet_Supplies,1,CG,The dog collar is made of cheap material and started fraying after a week. Not durable at all.
Kindle_Store,5,OR,"This third book in the series would not have made the same impact on me had I not read the first two books. While the first book took some mental adjustments, once I was familiar with the ""universe"", things took off from there. This book had simultaneous events stretched across Earth and its moon. As with any book, there is a certain level of investment in the characters. When the characters struggle, their wins and losses almost felt like my own wins and losses. This book had me on an emotional rollercoaster from the beginning to the ending."
Books,4,OR,"This book was amazing.  It should have come with a severe trigger warning, so if you are a fellow survivor, be warned there are graphic scenes of torture and assault.  That said, the heroine was tough, flawed, and well written.  The plot was plausible and gripping"
Kindle_Store,5,OR,"Vance and Gwen are unquestionably soul mates. For him to have loved her before she even knew he existed, and for Vance to be the only man to give her butterflies has to mean something! Loved them together and their chemistry. I received a free copy of this book via Booksprout and am voluntarily leaving a review."
Pet_Supplies,3,OR,"I have a Honda CR-V I also have two 65 lbs. labradors that I take in the Honda.  The cargo area alone in the Honda is not big enough for two dogs, so I lay the back seats down.  I thought that this cargo liner would hook onto the FRONT seats of the car, and cover the sides and floor back to the hatch.  It didn't, so I modified its use because I didn't want to just use it in the cargo area.  I hooked the clasp mechanism around the back seat headrest after laying the seats down.  I folded the side panels under, and voila, I had a cargo liner that works well for my purposes.  I recommend that everyone MEASURE their car before purchasing to avoid my mistake.  I am still happy with the quality of this liner, especially since it stays in place well, affords me the waterproof feature, and looks better than a blanket."
Clothing_Shoes_and_Jewelry,3,OR,"These are very tiny earrings, which in itself is ok. But they didn't come in a box or anything, so when I received them the posts were bent out of shape. I was able to somewhat straighten them, except for the very tip on one side. It makes the backing difficult to put on. These are relatively cute, but as far as asymmetric earrings so, there are better options."
Home_and_Kitchen,5,CG,"Provides excellent cooking performance with its nonstick surface. The pans heat evenly and are easy to clean. They are a bit heavy, but the durability and quality justify the weight."
Pet_Supplies,4,CG,Works well to treat my dog's skin issues. The scent is pleasant and it lathers nicely. A bit expensive but worth it.
Electronics,5,OR,"This seems to be one of the few that don't open upside down. I like the elastic band to hold it closed.  My previous one had magnets that broke off, and it would flip open, which shortened the battery charge.  This one seems to have magnets to turn it off when closed, but I don't see them in a place that will break off.  I like the stylus holder as well.  It is very pretty as well."
Clothing_Shoes_and_Jewelry,5,OR,"Wanted a casual outer layer that wasn't as heavy as a sweatshirt and this top fit the bill perfectly. I love that it has a hood and pockets and the waffle texture makes it more unique. The length is perfect - looks great with a pair of jeans and is probably long enough to cover your butt with a pair of leggings. The sleeves are fairly fitting down to about the elbow and then flare out a little to sort of a peasant type sleeve. Makes a nice casual top when the nights start getting a little cooler but you aren't quite ready for a sweatshirt. I am 5'4"", 175 lbs and the XL fits me well (I like my clothes a little loose.)"
Sports_and_Outdoors,5,CG,Solid construction and comfortable fit make these shoes great for long rides. The stiffness of the sole provides excellent power transfer. Good ventilation keeps feet cool. A reliable choice for road cyclists.
Electronics,2,CG,"Despite the high price tag, this router underperforms with frequent connectivity drops and poor range. The interface is complicated and not user-friendly. Customer support has been unhelpful. Overall, it's overpriced for the performance it delivers."
Toys_and_Games,3,CG,Great for creative play but can get messy. The tools are fun to use but the dough dries out quickly if not stored properly.
Books,2,OR,"This book is very well put together and easy to understand for the beginner, BUT, it's a very very beginner book, with basic herbs, nothing that I was looking for was even listed or mentioned (disappointing) but I guess if you want to know about a LOT of the herbs in your kitchen that you already cook with, and a few others, then maybe this book is for you (*see my pictures with the table of contents showing the herbs discussed) I'm disappointed and I may return this book. There's really nothing in here for me to learn or use. Too bad, I really wanted to love this book, but.i do not 😕 7-11-22 book has been returned to Amazon for a refund. Updated my review to 2 stars instead of 3 because 3 was too generous in my opinion."
Movies_and_TV,5,OR,"It's a story about the path we travel to true love. Emma's character is fun to watch her rationalizations.  She's a born matchmaker and her methods are hilarious.  She matches up everyone until she is still alone and unmarried.  The man that she loves desperately, has to teach Emma that love comes when you least expect it."
Kindle_Store,5,OR,"I loved this series. I was so worried that I wouldn't like the ending, but I did. So witty and real. Just perfect."
Books,5,OR,I did not expect so much of the plot of this book.  It was well-written and kept me turning each page to find out what was happening next.
Home_and_Kitchen,3,OR,"These looked as pictured. However, the stems were extremely fragile."
Books,5,CG,"This book provides fascinating insights into the science of habits and how they shape our lives. Duhigg combines scientific research with compelling stories, making it an engaging and practical guide for anyone looking to make positive changes in their behavior."
Clothing_Shoes_and_Jewelry,5,OR,"Fit is perfect for my husband, these look like black pants, you'd never know they're pajamas. He's happy!"
Books,5,OR,Love it! I purchased this for some family members and we love them! We use them daily
Home_and_Kitchen,5,CG,"Handles a variety of cooking tasks effortlessly. The multiple functions are easy to use, and it consistently delivers great results. It's a bit bulky, but the versatility and performance make it worth the counter space."
Movies_and_TV,5,OR,and it gives us another movie to watch
Books,4,CG,"This book is an entertaining collection of essays and stories from Tina Fey's life. Her humor shines through on every page, making it a delightful read. It's perfect for fans of her work or anyone looking for a good laugh."
Movies_and_TV,5,OR,Interesting film. Well written and acted but not too sure about accuracy. A good evening spent watching it.
Electronics,4,OR,"The headset is lightweight and comfortable to wear.  I like the long cord and it was plug and play.  It is much easier to listen to audio on the headset verses the computer speakers.  The reason I got this headset was to provide better audio to the people listening to me.  When participating on zoom calls, I used the built in microphone on my webcamera and hoped this would provide better sound quality.  When i asked my participants to compare the sound quality from the headset and the webcam speaker, they told me there was very little difference.  So apparently either my webcam has a good speaker and the room doesn't echo, or the audio quality is equal.  But I like the headset for the better sound quality for my listening pleasure.  And I still think my audio would be better since I am talking directly into the mic and I am picking up less background noise."
Clothing_Shoes_and_Jewelry,5,OR,Great
Sports_and_Outdoors,4,CG,Brightness is impressive and easily adjustable. The headband is comfortable and stays in place.
Pet_Supplies,5,OR,"This is the only toy I've found that my dog has not destroyed within an hour! I've bought several, only because he lost them, not because they were destroyed."
Books,4,CG,"The gripping and intense plot twists kept me on the edge of my seat. The atmosphere is dark and suspenseful, perfectly fitting the psychological depths explored in the story. However, some of the twists felt a bit predictable towards the end. Overall, it's an engaging read for thriller enthusiasts."
Tools_and_Home_Improvement,5,OR,Nice varied set of putty knifes. Good plastic handles.
Toys_and_Games,4,CG,"Timeless toy that kids love. Sturdy and safe, but the assembly is a bit tricky. The horn could be louder."
Kindle_Store,5,OR,"If you love horses, you must read. If you want to learn more about the enslaved men who built US horse racing, you must read."
Electronics,4,OR,I love my AirPod pros but for the price it could have come with a wall charger (the block piece that plugs into the wall) instead of just a charging cord. Other than this they have pretty solid battery life and work well.
Sports_and_Outdoors,5,CG,"Completely waterproof and windproof. Lightweight and breathable, making it ideal for various weather conditions. Fits well and looks great. Worth the investment for serious outdoor enthusiasts."
Clothing_Shoes_and_Jewelry,5,CG,"Perfect for cooler weather, providing excellent warmth and a comfortable fit. The material is soft against the skin and shows no signs of pilling after multiple washes. Very pleased with this purchase."
Toys_and_Games,5,OR,My 8 year olds are going into 3rd grade so we're starting to learn multiplication. This is a fun tool for understanding the concept because they love pop its.
Tools_and_Home_Improvement,4,OR,"[[VIDEOID:73e7cf2f4e23f5a3a48de776ceeece73]] Based on the photo of the product, I guess I assumed this would include two bulbs, but just for the sake of clarity, it only includes one. I hope the seller will update the wording to make it more clear, unless they are trying to be tricky. Having said that, this has a really cool flame effect that looks just like candle or torch light. I suppose I also expected this to be more bright, which means I might not be able to use this after all. Nonetheless, this has a very cool look to it, and as long as you don't mind having an extremely dim light source that is more ambient and decorative than functional, then you will like this.  I took a little video of it so you could get a sense of how it looks upside down."
Pet_Supplies,5,OR,Helps a lot
Books,5,OR,"Please please someone make a movie of this Riveting can't take my eyes off of the pages this book really comes to life. Thank you, Yolanda."
Toys_and_Games,4,CG,Great for learning letters and numbers. The interactive features are engaging. Some parts are small and can get lost.
Home_and_Kitchen,5,CG,"Provides excellent grilling performance indoors. The temperature control is precise, and it cooks food evenly. It's easy to clean and perfect for indoor grilling."
Clothing_Shoes_and_Jewelry,4,OR,He liked it and the Fit was perfect.
Movies_and_TV,5,CG,Blade's return is dark and intense. The story keeps you on the edge and the action is top-notch.
Electronics,5,OR,"I have a farm. Constant bending, pulling, lifting heavy bags, walking, and I'm outside most of the day.  My ipods always fall out, so I tried these. They've never fallen out and the battery life is fantastic!  I've worn them 8 hrs a day for  almost five days without having to recharge the case. When charging in the case, it's way faster than my ipods. They're also very comfortable. I could wear them all day without hurting my ears. Great for any size ear, but SUPER fantastic for those with small ear canals! For better noise cancellation, go a size up on the buds."
Pet_Supplies,1,OR,My dogs are not aggressive chewers and these were torn up within 5 minutes. Maybe if one hadn't arrived with a huge hole in it to begin with it may have lasted longer. Probably not though. The hole could not be missed so that is pretty crappy on the shipping department or whoever packaged this. I'm very disappointed in this purchase.
Electronics,4,CG,"Offers great value with solid cleaning performance and a slim design that fits under furniture. It's quiet and easy to use. However, it lacks advanced navigation features found in more expensive models. A good budget-friendly robot vacuum."
Electronics,5,OR,"Looked great no scuffs, no sign of previous use. Came packaged basically brand new I couldn't tell the difference. Compared to my $10 Walmart clip speaker from ONN, jbl blows it away with way bigger and deeper bass, way better clarity and loudness with no distortion. I have owned 2 flip 4s, jbl extreme 2, jbl charge 4 and this fits nicely with them sounds great for something I clip onto my waist."
Electronics,5,OR,Works great. We get 95% of the channels in our area.
Clothing_Shoes_and_Jewelry,5,OR,"Fit as expected - I bought it in a much larger size because I wanted comfortable shorts to wear at home. I can fold the top to adjust the length and size, and there is also a draw string that works very well. Comfortable fabric. Overall, they are exactly as pictured. Also very flattering."
Pet_Supplies,3,CG,"Great for indoor play. Soft and lightweight, but my dog tore it apart quickly."
Toys_and_Games,5,CG,"An amazing variety of cars. Perfect for any Hot Wheels fan. The cars are well-detailed and durable. Some duplicates in the pack, but still worth it."
Movies_and_TV,1,OR,"Well filmed, well acted but going nowhere. Had to put subtitles on several times to make out what the characters were saying. Spent part of 2 evenings watching it, never finished, gave it away. This was definitely over hyped. Too bad, all the elements were there for a good film. Score by Van Morrison was good as well. Just doesn't get off the ground. Have better things to do with my time..."
Books,5,CG,"Delivers a deeply moving story about love, loss, and the human spirit. The characters are well-developed, and the writing is both witty and poignant. A touching read that resonates long after the final page."
Clothing_Shoes_and_Jewelry,5,OR,Really enjoy seeing my 2 year old daughter running around in comfortable clothing. Can create easy cute outfits from these color pants. Easy put on her and easy to remove. Soft and stretch allows comfort and room. Great product.
Books,5,CG,Bryson's exploration of science and history is both informative and accessible. His engaging writing style makes complex topics easy to understand and enjoyable to read. It's a fascinating journey through the wonders of the natural world.
Movies_and_TV,5,OR,La música es súper.
Movies_and_TV,4,CG,"Intense sports drama with well-portrayed rivalry and camaraderie. Performances are compelling, making it a must-watch for sports enthusiasts."
Home_and_Kitchen,5,CG,"Blends smoothly and quickly, handling a variety of tasks effortlessly. The large capacity is great for families, though it can be a bit noisy. Overall, a powerful and reliable blender."
Clothing_Shoes_and_Jewelry,4,OR,"We bought this in gray for a teenager attending a funeral. It was dressy enough and fit fine. Love the tiny, unobtrusive stripes. The shirt did get wrinkled in packing, and it was hard to press out. But it was a good purchase and might end up under a cap and gown in a few months."
Movies_and_TV,4,CG,Combines suspense and scares in a thrilling narrative. The performances and direction create a truly frightening experience.
Movies_and_TV,1,OR,"Long and boring.  Subject of abortion is like "" groundhog day""  No solution, no hope, just like the S.C. wants it."
Movies_and_TV,5,CG,"Depicts everyday struggles and joys of life with heartwarming family tales. The characters are lovable, and their interactions are genuine."
Toys_and_Games,5,OR,"I've bought 4 train over the last 3 years and have returned them all, even a couple more expensive than this. None of them would stay on the track under my tree. This one does! It's very nice looking and has a carrier car. My kids love to put toys in it and watch them go around the tree. It did get stepped on and the wheels broke off one car but it still runs, I plan to glue them but haven't had time.  Oh and the steam is very cute. It's also fairly quiet which is nice. I highly recommend this train."
Kindle_Store,2,OR,"The concept of the story is good, but it was very poorly delivered. The whole thing was very rushed. Two days is not enough time to decide that you are in love and want to be married. And I wish that this was made into a full length book. It would've been much better."
Movies_and_TV,4,CG,"Captivates with dark themes and a compelling storyline. The character development is top-notch, ensuring you stay invested in their journeys."
Sports_and_Outdoors,3,OR,The front light is terrible. My phone has more bright.
Books,5,CG,"This novel is a dark and atmospheric tale set in post-war Barcelona. Zafón's storytelling is rich and evocative, with a plot full of mystery and intrigue. It's a beautifully crafted and immersive read."
Clothing_Shoes_and_Jewelry,3,CG,"Dress shoes are stylish and look great with formal wear. However, the soles are quite slippery on smooth surfaces. The fit is good, but the lack of traction is a major issue. Would have been perfect if the soles had better grip."
Kindle_Store,5,OR,"Brandon and Hawwah unexpectedly find and fall for each other.  They have expected and unexpected issues to deal with, making this an intriguing, riveting, and suspenseful story.  I thoroughly enjoyed the book, and learning a few insights into a culture I'm unfamiliar with."
Books,5,OR,"The characters were interesting. The Roper  character being autism enabled made for interesting situation. The Hooley  character as the ""old man"" just seemed right. The vocabulary caught me out more than once, it made for interesting word play. Overall well done."
Home_and_Kitchen,5,CG,"Offers exceptional cooking performance with its stainless steel construction. The cookware heats evenly and is easy to clean. It's a bit heavy, but the durability and quality make it a worthwhile investment."
Tools_and_Home_Improvement,4,OR,"I love the lamp and it's adjustable brightness and color temperature!  Yes, I said temperature because you can go from all white light to mixture or white and yellow to all yellow light!  Which is a nice feature.  The only problem most people will have is using touch to select and change the settings and to turn it on and off.  It does take some practice and eventually it will become second nature."
Clothing_Shoes_and_Jewelry,5,CG,"Pearl necklace is both elegant and timeless, perfect for any occasion. The pearls have a beautiful luster and the clasp is secure. Received numerous compliments while wearing it. Highly recommend for anyone looking for a classic piece of jewelry."
Tools_and_Home_Improvement,3,CG,Struggles with tougher materials. Not as powerful as advertised.
Books,4,CG,"This novel is a dark, unsettling exploration of motherhood and the nature of evil. Shriver's writing is compelling and the story is deeply disturbing. It's a difficult but thought-provoking read that will stay with you long after you finish it."
Pet_Supplies,5,OR,"Good price, works well."
Tools_and_Home_Improvement,5,OR,worked really well and I loved the color and the way it turned out
Movies_and_TV,2,CG,Hard to follow plot and painfully slow pacing. Not enjoyable at all.
Clothing_Shoes_and_Jewelry,5,CG,"Great for winter, providing excellent warmth without being overly bulky. The fit is perfect and the material feels high-quality. Keeps warm even in very cold weather. Very satisfied with this purchase."
Books,5,OR,"My kids, ages 10-3, love this book! We have been reading it every night before bed. Love the variety of animals!"
Pet_Supplies,4,CG,"Leaves my dog's coat soft and shiny. The scent is pleasant, but it doesn't lather well."
Clothing_Shoes_and_Jewelry,5,CG,Statement necklace has an eye-catching design that truly stands out. The colors are vibrant and the craftsmanship is excellent. Perfect for dressing up any outfit. Comfortable to wear and doesn't feel too heavy. Very pleased with this purchase.
Home_and_Kitchen,5,OR,"Used these as a goodie bag stuffer. Quality is great, they look fabulous."
Movies_and_TV,5,OR,"Very late to the party. I watched The vampire diaries very recently with my 15-year-old niece... romantic and fun little teenage drama, I enjoyed it. The originals, however, is a very well done series with a grown up feel. Anyway I'm enjoying it very much I just finished season 1 and about to start season 2. The acting is stupendous for this type of a series.. wow. My only real question is why the heck didn't they develop Hayley into a more meaningful character.. I mean I couldn't care less about her but it would have been nice to get an idea of what the heck Elijah is so attracted to in her other than she's a cute girl that's pregnant with his brothers baby. Other than that she's of absolutely no interest."
Home_and_Kitchen,4,OR,"A little thin, I feel like they won't last a super long time, but so far they are holding up."
Tools_and_Home_Improvement,5,CG,"Handles tough jobs with ease. Battery life is impressive, and build quality is top-notch."
Clothing_Shoes_and_Jewelry,5,OR,"Just flew on Spirit and Frontier (and lived to talk about it). This bag was perfect sized for the free ""personal item"" as long as it wasn't STUFFED full. Just feel rather cheap, but it gets the job done. No issues with any of the zippers either."
Kindle_Store,4,CG,"Set during World War II, this narrative follows the life of a young girl in extraordinary circumstances. The characters are well-developed, and the plot is gripping."
Pet_Supplies,1,CG,Didn't work at all. My cat wasn't bothered by it and continued the unwanted behavior.
Toys_and_Games,4,CG,"Interactive and educational, keeps toddlers engaged. Some features are a bit repetitive but it helps with learning basics. Sturdy and well-made."
Kindle_Store,4,OR,I like it.
Movies_and_TV,4,CG,Delivers a gripping spy thriller with intense action and suspenseful moments. The story keeps you engaged from start to finish.
Electronics,5,OR,"It is unbelievable the amount of things you can get in his backpack. The look the style is stunning. It's sleek, modern and high-quality leather."
Books,2,OR,The headline for this review says is all. I found this book un-readable.
Movies_and_TV,5,OR,I enjoyed watching the programs
Toys_and_Games,4,CG,Great for imaginative play. The costumes are well-made and fit a range of sizes. Accessories add a nice touch. Storage trunk is flimsy.
Tools_and_Home_Improvement,5,CG,Perfect for DIY projects around the house. Lightweight and easy to handle.
Home_and_Kitchen,5,CG,"Keeps knives sharp with its self-sharpening feature. The knives are well-balanced and durable, making them great for various kitchen tasks. The block is stylish and compact."
Home_and_Kitchen,1,CG,The POP containers are overpriced for what they offer. The seals are not as airtight as advertised and food still goes stale quickly. The plastic feels cheap and they crack easily.
Pet_Supplies,2,CG,This litter pan is large but my cat makes a mess every time he uses it. Cleaning is a hassle.
Books,5,OR,"I wanted something for my son, who has been playing trumpet at school for three years, to play over the summer. This has a good mix of songs to hold his interest, and it seems to be at about the right level or slightly challenging, so he'll be able to use this for a while as he learns some higher notes."
Books,4,OR,This was a fun read. Quick and easy and a good way to spend the afternoon.
Toys_and_Games,5,CG,Impressive power and accuracy. Great for Nerf battles. Large capacity means less reloading. The size and weight might be too much for younger kids.
Books,5,CG,Steinbeck's novel is a compelling and richly detailed family saga that explores themes of good and evil. The complex characters and the sweeping narrative make it a deeply moving and thought-provoking read.
Electronics,4,OR,Speed$ not there but it will suffice til i decide to spend more for a faster onr.
Toys_and_Games,5,OR,My grandson liked he could pretend this chelsa boy was him and his sister who had the Chelsea  girl pretended it was her. My grand daughter  is 3 and grandson is 2 1/2
Clothing_Shoes_and_Jewelry,5,OR,"This is a fun dress to have, dress up or not it looks good"
Electronics,4,CG,"Affordable and functional drawing tablet. The screen is good, and the pen works well. However, the color accuracy is not perfect, and the build feels a bit cheap. A good entry-level tablet for aspiring artists."
Sports_and_Outdoors,5,OR,"When reliability and performance count, this is a real Streamlight battery, and recently manufactured per the date code."
Sports_and_Outdoors,5,OR,Top portion protects the golf heads.  Mesh area makes the whole thing a lot lighter than full plastic bags.  Has compartments for extra storage.  The whole bottom mesh folds into the plastic compartment to store away.  Includes a cloth bag to protect the whole thing.  This was a great buy.
Sports_and_Outdoors,3,OR,"Even though the company has ""US"" in the title, these are made and shipped from Asia (too 4 weeks to arrive)  sizing is off because manufacturer is not familiar with US sizing."
Movies_and_TV,2,CG,"Nothing special in the plot and characters, failed to hold my interest."
Sports_and_Outdoors,5,CG,"Light and easy to handle. Perfect for alpine climbing and mountaineering. The build quality is excellent, and it feels secure in use. A great addition to any climber's gear."
Toys_and_Games,5,OR,Perfect beginner puzzle for young child
Kindle_Store,4,CG,"Following the lives of several generations, this saga is filled with rich cultural details and complex characters. The storytelling is immersive, although the extensive cast might be confusing at times. A rewarding read for those who enjoy family epics."
Home_and_Kitchen,5,OR,It is great for little dessert fondue!
Sports_and_Outdoors,1,OR,"Literally threw it outside for a few days after trying to clear the smell from an air purifier+filter in closed off closet. HORRIBLE SMELL to this day, wish I would have picked another. Throwing this out at this point 2 months later, gives me a headache when near.."
Electronics,4,CG,"Offers great value for money with solid performance and build quality. The battery life is good, and the keyboard is comfortable to type on. However, the display could be brighter, and the trackpad is a bit finicky. Overall, a solid choice for budget-conscious buyers."
Kindle_Store,4,CG,"Family dynamics and secrets are explored in this engaging drama. The characters are well-developed, though some storylines feel unresolved."
Electronics,5,CG,"Powerful suction and versatile attachments make this vacuum excellent for cleaning various surfaces. The battery life is impressive, and the LCD screen provides useful information. It's lightweight and easy to maneuver. Expensive, but the performance justifies the cost. Perfect for those looking for a high-quality, efficient vacuum."
Electronics,4,CG,"Impressive brightness and vibrant colors make this TV stand out, performing exceptionally well even in bright rooms. Smart features are robust, and sound quality is decent for a built-in system. However, the viewing angles are not as wide as expected, and the price is quite steep. It's a great TV for those who prioritize display quality."
Books,5,CG,Atwood's dystopian novel is both powerful and disturbing. The chilling portrayal of a totalitarian society that oppresses women is a stark reminder of the importance of vigilance in protecting rights and freedoms. It's a gripping and thought-provoking read.
Books,5,OR,"We bought the thesaurus to help expand my youngest's vocabulary when using writing prompts for his ELA program.  He has had a great time going through it and figuring out substitutions for words regardless of if it was for an assignment or not! The illustrations make it fun and colorful, and there's a decent amount of entries for each word. We have gone through it and made a game where I will give him the basic word and he will tell me more interesting substitutions. I've noticed his vocabulary improving in conversations as well as on his school work. The book arrived well packaged and in wonderful condition, just as stated considering it was used. It looked like it was close to new condition which made us very happy"
Movies_and_TV,1,CG,Episodes felt random and didn't seem to have any coherent storyline.
Pet_Supplies,5,OR,my three little puppies love these toys
Electronics,5,OR,"I work standing, so I need to make sure my keyboard doesn't break my wrists. This product works as it should; there are even switches to turn off unused USB ports."
Electronics,5,OR,I use this splitter on my laptop to connect my flash drive and headset. It works well and the little blue light tells me that it's powered.
Kindle_Store,2,CG,"A story that failed to evoke any strong emotions. The plot was flat, and the characters were forgettable."
Electronics,4,CG,"Offers great sound quality with a compact and stylish design. The interface is user-friendly, but the app selection is limited compared to smartphones. Battery life is good, but not exceptional. Perfect for audiophiles looking for a dedicated music player, but not a full smartphone replacement."
Home_and_Kitchen,5,OR,"Very pretty, but does not handle high heat well.  I put chargers on top of the placemats to put my plates upon. I love the pattern and it looks so pretty in almost any beach themed kitchen. I got the coasters too and love them. Just protect them from high heat and getting too wet."
Home_and_Kitchen,5,CG,Offers exceptional cleaning performance and durability. It's quiet and highly effective on various surfaces. The premium price is justified by its superior build and longevity. A top choice for those serious about cleanliness.
Clothing_Shoes_and_Jewelry,4,OR,"The only thing I don't like about this shoe is all the “plastic” around shoe strings and the label on the tongue of the shoe. Seems unnecessary. I have bought these twice however, because the tread is excellent."
Electronics,5,CG,"Outstanding performance with a beautiful display and excellent camera. The battery life is solid, and the build quality feels premium. Priced competitively, making it a great value for a flagship phone. Highly recommended for those looking for top-tier features without breaking the bank."
Electronics,5,OR,Used it to wall mount a 55 inch TV. Installation is easier with 2. The frame sturdy and holds up 55 inch TV with no sagging. smooth articulation.
Sports_and_Outdoors,1,OR,[[VIDEOID:8796531e06dbf08055aa31e594a3d714]] The video was taken right when it started raining. It rained for hours!!! It was a nightmare. If you are sleeping under a roof then you will be good but what's the point of camping under a roof?
Kindle_Store,5,OR,"I didn't think Tim Combs could surpass the previous books, but he did. Combine terrorism and chemical warfare AND a locked down ER. Heroic doctors combined with doctors resolved to live made this a book impossible to put down."
Movies_and_TV,4,CG,"Combines chaotic fun with humor and action. The characters are quirky and the plot is unpredictable, making it a fun watch."
Home_and_Kitchen,5,CG,"Provides a consistent grind, essential for great coffee. It's easy to adjust and clean. The design is sleek, though it takes up some counter space. Great value for coffee enthusiasts."
Books,2,CG,"While this psychological thriller had an interesting premise, I found the plot to be predictable and the characters unlikable. The twists were not as surprising as I had hoped, and it didn't quite live up to the hype for me."
Pet_Supplies,4,CG,Makes loading my cat much easier. The two-door design is very convenient. The plastic could be sturdier.
Home_and_Kitchen,5,CG,"Handles a variety of cooking tasks with ease. The performance is consistent, and the digital controls are user-friendly. It's a bit bulky, but the versatility makes it a great addition to any kitchen."
Electronics,4,CG,"Solid performance and a good display. The build quality is decent, and the cooling system works well. However, the battery life is average, and it's a bit bulky. A solid choice for budget-conscious gamers."
Books,3,CG,"This book is a touching exploration of personal redemption and human connections. The protagonist's journey is heartwarming, but the pacing is quite slow. It's a gentle read that requires patience to fully appreciate the subtle emotional depth."
Home_and_Kitchen,5,OR,"This really helps my comfort level and I'm sleeping better. The only problem is that this keeps moving on the bed, so I""ll be looking for something to help with that. Although it was a battle, I was able to remove it and get it on the bed without help, in spite of being almost 80 and dealing with pain and RA. Although some people have complained about odor, there was none that I was able to detect. The cover is essential! I""m very happy with this topper."
Home_and_Kitchen,1,OR,I bought this item as present for my wife now 6 months later the machine is leaking all over the place for the amount of money I paid you would think it would last longer than that
Home_and_Kitchen,5,OR,"The fan mode is quiet and provides a nice, albeit gentle, breeze. The active cooling on the neck plate is really cool; it's also a heatsink by design, so it's refreshing even with the active cooling off. The air vents could be aimed a bit better, even after trimming my beard it's not as much of a wind as I'm expecting. The LED lights are interesting, though I don't know what they're actually meant for, I guess it'll make it easier for people to find me at night, lol."
Home_and_Kitchen,5,OR,This is a beautiful comforter. Well made it is soft and warm. It is breathable and not too hot or heavy. It has ties to secure to a duvet cover. Smart to use with a cover. It puffs up nicely after a spin through the dryer. Lovely comforter that should last.
Movies_and_TV,3,OR,"Originally titled Birthday Wonderland, this feature was based on Sachiko Kashiwaba's children's book from 1988. Keiichi Hara from Doraemon directed this for Warner Bros. Japan, even though it didn't get a wide American theatrical release, which has widely been seen as being a Studio Ghibli wannabe film. Akane is a middle schooler feeling left out of her friends' social circle, and decides to spend the day before her birthday at home pretending to be sick. Her mother sends her on an errand to a family friend Chii, who runs her own nick-nack store. While there, Akane accidently put her hand on an old clay handprint, which summons a mysterious top-hatted man appears from Chii's basement calling himself Hippocrates along with his fairy companion. Akane is labeled as the chosen Green Goddess meant to save this alternative world from running out of water, so she and Chii travel to this magical realm that somehow diverted into its own timeline due to interdimensional spiders capable of creating pathways to different worlds. Once in this ""wonderland"", our heroes' enthusiasm changes as Chii wants to explore it, but Akane merely wishes to return to her own world. The movie does have some stunning character designs, colorful backgrounds, and an endearing soundtrack. The plot and character development though seriously drags in this near 2-hour long movie, making it seem more amateurish for such a lavish visual production. The Wonderland is a decent screening for a lazy Sunday afternoon, but not exactly worth going out of your way for."
Pet_Supplies,5,OR,Ordered this for my chihuahua when he needs to be at work with me. We have one at home and he loves sleeping in it so I bought one for our shop . Super affordable vs going to the pet store
Movies_and_TV,5,OR,Good quality and affordable
Home_and_Kitchen,5,OR,Love all the flexibility in so many options of how u can cut and sizes and all that. Pop in the dishwasher and comes out clean! Make sure u use the safety feature to save ur fingertips
Books,5,OR,I enjoyed this book so much that I went looking for other books by the same author. I bought 3 additional books and look forward to reading them!!
Tools_and_Home_Improvement,5,CG,Compact but very powerful. Great for light to medium tasks.
Books,5,OR,I enjoyed the characters and the storyline.  The story moves along at a good pace. The female characters are strong and interesting.
Electronics,2,CG,"Frequent crashes and unstable performance make this NAS more trouble than it's worth. The setup process is overly complicated, and the software is outdated. For the price, I expected a much more stable and user-friendly device. Not recommended."
Tools_and_Home_Improvement,2,CG,Battery life is short and doesn't hold charge well. Disappointed.
Books,5,OR,Another great work from Kevin Freeman and team!  Well researched and informative book on what is happening today.  I am buying copies for several wealth managers I know.  Thanks Kevin
Movies_and_TV,2,CG,Bland characters and forgettable storyline. Nothing particularly interesting.
Home_and_Kitchen,4,CG,"Creating sparkling water at home is both fun and convenient with the SodaStream Fizzi One Touch. It's easy to use and saves money in the long run. Some users might find the carbonation level inconsistent, but overall, it's a great addition to any kitchen for sparkling water enthusiasts."
Home_and_Kitchen,2,CG,Expected more from this food processor. It struggles with tougher vegetables and the motor overheats quickly. The design is bulky and takes up too much counter space. Cleaning it is also a hassle.
Home_and_Kitchen,5,OR,"This glass is amazing. Mine came crystal clear and pretty well protected, no chips or damage of any kind. It came fairly fast, about a day earlier than predicted. Love that as you enjoy your whisky that at the bottom of the glass it has The Glencairn Glass etched into the bottom of it. Have not put it in the dishwasher and don't plan to. Whisky finally has a proper glass."
Home_and_Kitchen,5,CG,"Achieving restaurant-quality results at home is easy with the Anova Sous Vide Precision Cooker. It ensures perfectly cooked food every time, maintaining flavor and moisture. The app integration adds convenience, making it user-friendly for both beginners and experienced cooks. Highly recommend for anyone serious about precise cooking."
Books,5,OR,"I loved this book.  Reading from the perspective of the young girl was very different but well done.  A couple of times she seemed whiny and it was irritating but, again, it was from a young girl's perspective.  Otherwise it was great."
Tools_and_Home_Improvement,4,OR,"This hand pump triggered our old one that had broken.  It is made of quality metal and send to work quite well.  It is, however, a touch smaller than I was expecting.  Still, a nice purchase at a reasonable price"
Tools_and_Home_Improvement,4,OR,I believe that a real good kick or a ram would open this product. That is the only reason I give it 4 stars instead of 5. I think for your average uses it it more than enough.
Books,5,CG,"Martin's epic fantasy novel is a captivating and richly detailed story of power, intrigue, and betrayal. The complex characters and intricate plot make it a must-read for fantasy fans."
Books,5,CG,Tolkien's classic adventure is a whimsical and enchanting tale that captures the imagination. The richly detailed world and memorable characters make it a delightful read for both children and adults. It's a timeless story of courage and friendship.
Sports_and_Outdoors,3,CG,"Provide solid support and keep feet dry. Great for rough terrains. These boots are comfortable right out of the box with no break-in period needed. The grip is fantastic on both wet and dry surfaces, and they provide excellent ankle support. They are a bit heavy, but that adds to their durability. Perfect for long hikes."
Movies_and_TV,4,OR,Good movie
Tools_and_Home_Improvement,5,OR,This book light is very bright.  I actually covered the light with a little piece of tape that I blackened a bit.  It clips onto books very well.
Books,5,OR,Was very enjoyable!
Pet_Supplies,4,OR,Good thing i found this online cause they didn't have this in stores when i found he liked this!
Kindle_Store,3,CG,"Plot is intriguing but the pacing is slow. The characters are well-developed, though the narrative can drag."
Home_and_Kitchen,5,CG,"Produces delicious homemade bread with consistent results. The machine is easy to use and clean, and the programmable settings are convenient. A bit bulky, but the quality and performance are worth it."
Pet_Supplies,4,CG,This litter pan is perfect for my ferret. It's easy to clean and fits well in the cage. The sides could be a bit higher.
Books,5,OR,Perfect for my class
Tools_and_Home_Improvement,5,CG,Powerful motor and comfortable grip. Works well for various grinding tasks.
Tools_and_Home_Improvement,2,CG,Underwhelmed by its performance. Feels flimsy and lacks power compared to other brands.
Toys_and_Games,4,CG,Fun and interactive. The lights and sounds are engaging. The car is a bit small and can be hard to open.
Home_and_Kitchen,4,CG,"Combining pressure cooking and air frying, this Ninja Foodi is a versatile kitchen gadget. It excels at producing crispy textures without excessive oil and cooks meals quickly. Somewhat bulky and requiring ample storage space, but the convenience it offers compensates for this minor drawback. Ideal for busy households looking to diversify their cooking methods."
Toys_and_Games,5,OR,Purchased for my 5 yr. old grandson whole loves Pokemon cards.  This order only had 2 cards that he already had but the rest were cards he did not have.  He was very happy with this collection of cards.
Pet_Supplies,5,OR,Was easy to use but my puppy was scared of it  so we couldn't use it
Clothing_Shoes_and_Jewelry,3,CG,"Beautiful design and vibrant colors make it a standout piece. However, it feels quite heavy around the neck and can be uncomfortable to wear for extended periods. Great for short events but not ideal for all-day wear."
Movies_and_TV,5,OR,"Not sure why no reviews. As a basic Lord of the Rings, Hobbit fan this show is right on track."
Sports_and_Outdoors,4,CG,Provides great cushioning for yoga sessions. Non-slip surface ensures stability during poses.
Kindle_Store,3,CG,"Cold War spy narrative is intriguing but uneven. The characters are interesting, though the plot lacks cohesion."
Electronics,5,OR,Great quality and charges fast. Very impressed at the value for the price point. Highly recommend to anyone!
Movies_and_TV,5,CG,"Portrays rural life in a charming and realistic manner. The characters are endearing, and the storyline is both touching and relatable."
Books,5,CG,This book is a game-changer for anyone interested in entrepreneurship. Ries's principles of lean startups and continuous innovation are practical and insightful. His real-world examples make the concepts easy to understand and apply.
Toys_and_Games,4,OR,Easy for kids to play.
Electronics,1,OR,Not one channel. Installed it. Scanned it twice. NOTHING.  Reconnected the OLD antenna. Scanned it. Got 34 channels. I knew better but fell for the hype.
Electronics,5,OR,I bought these to use in our cars for a good connection to our android auto as well as reliable charging. Working great and will buy again if needed.
Home_and_Kitchen,2,CG,This coffee maker is overpriced for the features it offers. The coffee doesn't taste great and the machine is bulky. It's also difficult to clean.
Pet_Supplies,5,OR,My dogs love these.I can give them treats much more often.And you can.not beat the price.
Tools_and_Home_Improvement,2,CG,Click mechanism stopped working properly. Not dependable.
Home_and_Kitchen,3,OR,"This shoe rack fits perfectly between our freezer and wall so we can put our shoes in it before entering the main part of the house. We roll it out, put our shoes in or take them out, then roll it back in it's little space. However, we had to modify it before using it. First, we put a piece of board on each shelf so the dirt from the shoe soles above doesn't fall into the shoes below. Next, we added an X brace in the back with some thin metal screwed into the vertical posts for stability. It was really wobbly before we added the bracing. So, out of the box it is crap, but with a few modifications, it's OK."
Toys_and_Games,2,CG,The blaster jams frequently and the darts don't fly far. The overall build quality is poor. Not worth the money.
Books,4,CG,"Riordan's novel is a fun and engaging fantasy adventure that blends Greek mythology with modern-day settings. The characters are likable and the plot is fast-paced, making it a great read for young audiences and fantasy fans alike."
Home_and_Kitchen,5,CG,"Significantly improves air quality, making a noticeable difference. It's quiet and covers large areas effectively. The filter replacement can be a bit expensive, but the results justify the cost. Great for those with allergies or looking to improve indoor air quality."
Home_and_Kitchen,4,CG,"Perfect for small spaces, delivering robust espresso without taking up much counter space. It's easy to use and clean, though it can be a bit loud. Overall, it offers great value for espresso lovers."
Tools_and_Home_Improvement,3,OR,"It's easy to install, and it seemed like a great idea for my studio (which isn't at my house.) But so far, I haven't been able to get it to charge, beyond the charge it came with. the panel gets full sun. I'll keep messing with it. I may be doing something wrong."
Home_and_Kitchen,4,CG,"Offers the flexibility of brewing a single cup or a full pot. The programmable features are convenient, and the performance is consistent. It's a bit bulky, but the versatility makes it a great choice for coffee lovers."
Books,5,CG,"Combines adventure, romance, and humor in a delightful blend. The charming characters and witty narrative style create a light-hearted and entertaining read. Perfect for those looking for a whimsical escape."
Toys_and_Games,3,CG,"Perfect for little train enthusiasts. The wooden pieces are durable, but the track disconnects easily during play. Assembly is straightforward."
Books,5,CG,"McCarthy's novel is a brutal and haunting exploration of violence and the American frontier. His vivid descriptions and philosophical musings make it a challenging but deeply impactful read. It's a dark, powerful work that leaves a lasting impression."
Electronics,2,CG,"While the concept of audio sunglasses is cool, execution is lacking. Audio quality is mediocre, with a noticeable lack of bass. The frames are bulky and uncomfortable to wear for long periods. Additionally, the battery life is quite short, requiring frequent charges. At this price point, I expected much better performance and comfort."
Electronics,5,CG,"Easy to install and integrate with smart home systems, these bulbs offer a wide range of colors and brightness levels. The app is intuitive, allowing for easy customization and automation. A bit pricey compared to regular bulbs, but the convenience and functionality are worth it. Perfect for creating the right ambiance in any room."
Clothing_Shoes_and_Jewelry,5,OR,I love how it fits.  I love the material.  I love the color.
Tools_and_Home_Improvement,5,OR,These do not twist or deflect when used hard.
Tools_and_Home_Improvement,5,OR,Easy to install and very good quality
Kindle_Store,5,OR,"***i was an ARC reader for this book, but my review is my opinion only**** So. Freaking. Good. Clench your legs together, GOOD. I cannot convey how steamy and passion filled this story is. You want spice? Check. You want a why choose story with extremely hot people? Check. You want hockey romance with possessiveness? Check. You want a story that's so good you can't put it down? Check. Jake - ahhh goofy, lovable, heart on his sleeve jake. He is panty melting from the prequel, and then he just gets better and funnier. He's rugged, but sensitive. He has his insecurities, but he wants what he wants and protects what/who is his. He learns a new side to himself and new feelings for others. He becomes free to be who he wants. I wish we saw more of him coming into hisself. Carter - good ole broody Caleb. Former hockey player, now equipment manager. He has a guard up and keeps people at a distance. When he's all in, he's all in. He's bi and in love with his best friend for years. He's also got certain equipment that's very, very beneficial to them alllll! I do wish he would've gotten some one on one scenes with Jake about his feelings that he has had all along. Ilmari - Holy tatted Thor! He's Finnish and quiet and keeps to himself. He doesn't let people in, friends or teammates, he's a big, broody guy on the outside, but has a big ole heart on the inside. He faces some obstacles, but with help he over comes them. He lets his guards down and comes out of his shell and gains a family. He is smoking and his Finnish sayings? Adds even more sexiness to him. Oh and did I mention tree trunk thighs and a man bun? Swooon Rachel - girl is a bad ass woman. She's grown up in the spotlight. She's had experience in all sorts of things tagging along with her rockstar dad. She's worked hard to recover from choices that she made when she was younger. She's smart, gorgeous, and funny as hell. She wants what she wants. She helps those that she loves. She has a hard time accepting that people choose her and choose to accept her baggage and spotlight and the press that comes with it. She's a firecracker that has a big heart that she wants to share. These guys come along and challenge her, excite her, bring out the best in her, and most of all, accept her for who she is. (She does have some selfish tendencies) 5/5 for 🌶 4.5/5 for ⭐️"
Sports_and_Outdoors,1,OR,It broke within a few days
Clothing_Shoes_and_Jewelry,5,OR,"This was a Christmas gift for my son inlaw and I was so proud that I chose this shirt, fit was extra large and just right and the color was a very muted purple. He really likes the shirt. It's comfy, not bulky. Looks really nice."
Electronics,5,OR,"Not an expensive sound bar but sounds really good, super easy set up and bar is nice and small, doesn't cover ir port on the tv"
Pet_Supplies,4,CG,Has really helped my dog with his anxiety during storms. Easy to put on and has a calming effect. Material could be more breathable.
Toys_and_Games,5,CG,My kids love these building blocks. They're sturdy and safe for young children. The set offers a good variety of shapes and sizes. Could use more pieces for larger projects.
Electronics,5,CG,"Customizable buttons make this device a game-changer for streamers, making streaming more efficient and interactive. The setup is straightforward, and the software is user-friendly. It integrates seamlessly with various streaming platforms and software. The price is high, but the convenience and functionality make it a worthy investment."
Home_and_Kitchen,5,CG,"Excellent for spot cleaning carpets and upholstery. It's easy to set up and use, and the suction power is impressive. A bit heavy for a portable unit, but the performance makes it worth it."
Home_and_Kitchen,3,OR,Color is more shades of orange. Small.
Books,5,CG,"Niffenegger's novel is a poignant and beautifully written story of love and loss. The unique premise of time travel adds depth to the narrative, making it a compelling and emotional read."
Home_and_Kitchen,4,CG,"Offers powerful blending in a compact design. The Auto-IQ feature is convenient, and the performance is consistent. It's easy to clean and perfect for small kitchens."
Pet_Supplies,4,OR,"The Costume is cute on my Maltese.  There was a bunch of fuzzies from the fur, and alot of threads hanging off of it that needed cleaned up before putting it on my dog."
Tools_and_Home_Improvement,5,OR,"These are replacement candle stem covers for our 30+ years old chandelier.  I was cleaning, and the old covers were crumbling.  I got on Amazon right away, found these that measure exactly what the old ones did, and within a couple of days, the chandelier looks brand new.  Perfect replacement!"
Pet_Supplies,4,CG,"This personalized collar is both stylish and functional. The engraving is clear and easy to read. It fits well, but the material could be a bit softer for extra comfort."
Electronics,3,CG,"Sound quality is decent, but the device frequently encounters bugs and connectivity issues. Google Assistant often misinterprets commands, and the integration with other smart home devices is hit-or-miss. It's an okay smart speaker, but the persistent bugs are frustrating."
Tools_and_Home_Improvement,3,OR,"Cheap, flimsy, and way too wide and long. I wanted this for my bedroom door. The door is solid wood so hopefully I will be able to tact or nail this to stay on. It should be about 4"" shorter and at least a 1/2"" less in width. Should be able to just slide this right on for a snug fit no such luck. Oh, well, live and learn."
Sports_and_Outdoors,5,CG,Lightweight yet sturdy. The indicator feature adds an extra layer of safety during climbs.
Tools_and_Home_Improvement,2,CG,Too heavy and bulky for comfortable use. Gets tiring after a while.
Clothing_Shoes_and_Jewelry,3,CG,"Stylish and look great, but the fit is quite tight. The material doesn't have much give, making them uncomfortable for extended wear. Would recommend sizing up for a more comfortable fit."
Pet_Supplies,4,CG,Keeps my dog secure during car rides. Easy to adjust and put on. Could use more padding for extra comfort.
Electronics,3,CG,"Stylish design with a clear display and good performance. However, the battery life is very short, often requiring multiple charges a day. The fitness tracking features are basic compared to competitors. It's a decent smartwatch, but the battery life is a significant drawback."
Kindle_Store,5,CG,"Final book in the trilogy, it brings a powerful and satisfying conclusion to the story. The characters' arcs are well-developed, and the plot is gripping."
Movies_and_TV,4,OR,Good movie. I like all 3 Spider-Man's and dr strange leading into the latest dr strange release. Multiverse
Books,2,OR,"This ""book"" reminds me of photocopied school books I used when growing up in Central America. All black and white, no real structure, the information in the book is just copy paste from who knows where... depressing ""guide book"""
Books,5,OR,Supports the movie
Books,5,CG,Blurs the lines between reality and fantasy in an enchanting tale. The lyrical prose and deep emotional undertones create a hauntingly beautiful read. Perfect for those who enjoy mystical and introspective stories.
Pet_Supplies,5,OR,"I love this collar! I chose it specifically for the buckle. It's so much easier than the ones that slip over the dog's head. The buckle feels strong and secure, even when it isn't locked. The plastic feels thick enough that it won't weaken over time. It feels like quality material in general. The color was as pictured and it looks really nice. I'm also a huge fan of the tag loop! It's so much easier to get those little key rings on that than with a traditional D ring. This collar passed the ultimate test when my dog crawled under a parked car two days after the collar arrived. She and the collar came out covered in grease and dirt. I just rubbed a bit of dish soap on the collar, tossed it in the washing machine with the rest of the laundry, and it came out good as new! It doesn't seem to get dirty easily, but when it does it's easy to clean. I'll definitely be ordering one for my other dog."
Tools_and_Home_Improvement,5,OR,They're comfortable to wear while staying safe.
Clothing_Shoes_and_Jewelry,5,CG,Walking shoes are great for long walks and everyday use. They are very comfortable and provide excellent support. The fit is perfect and they look stylish. Very happy with this purchase and highly recommend.
Toys_and_Games,4,CG,"Packed with features that make playtime exciting. The extendable ladder and sound effects are great. It's large, so storage can be an issue."
Movies_and_TV,5,CG,"Epic crime saga with a sprawling narrative and richly drawn characters. The storytelling is masterful, capturing the rise and fall of its central figures."
Movies_and_TV,4,CG,Shazam is back with more laughs and action. It's a fun mix that keeps you entertained all the way through.
Pet_Supplies,2,CG,Fountain is too noisy and my pets avoid it. Difficult to clean and maintain.
Kindle_Store,4,CG,"Characters are deeply relatable, and the narrative pulls at the heartstrings. Some parts felt a bit melodramatic, but overall, it's a touching read."
Pet_Supplies,4,CG,These supplements have reduced my dog's allergy symptoms. He likes the taste and it's easy to give. The price is a bit high.
Books,5,OR,Grandson loves this series so he was excited to get this book.
Tools_and_Home_Improvement,3,CG,Changing blades is a hassle. Not user-friendly.
Toys_and_Games,5,OR,"My two year old granddaughter loved these sticker books! They are small enough for her to hold and apply the stickers! They also fit in the diaper bag/backpack! If you know a little one that loves stickers, they will love this!"
Movies_and_TV,2,CG,Disturbing themes without satisfying resolution. Left unsatisfied.
Movies_and_TV,5,CG,Offers a dark character study with a powerful performance at its core. The psychological depth and intense narrative make it a gripping watch.
Clothing_Shoes_and_Jewelry,1,OR,I am not a fan of leggings that look shiny and these do. Material is also thick. I did think the style was cute .
Kindle_Store,4,CG,"Dark narrative with suspenseful elements. The plot is engaging, though some parts feel predictable."
Toys_and_Games,4,CG,Stacking game that's easy to learn but hard to master. Great for family game nights. Pieces are lightweight and can be knocked over easily.
Electronics,4,OR,"Not really as sturdy as it should be for a 16"" macbook pro. You can only use it on low and flat you cannot tilt. The 13"" macbooks are just fine though and you can use all of the functionality. The phone port comfortably fits larger phones - Galaxy 22 ultra and Ip  4 max- both work well and can be used while resting on the base."
Pet_Supplies,2,CG,Folding pet steps are not stable and wobble when my dog uses them. Not safe for older pets.
Sports_and_Outdoors,5,CG,Easy to fill and clean. The flow rate is great and fits well in my hydration pack.
Kindle_Store,5,OR,"I quite liked the writing style and the story.  I'm intrigued about the world building and would like more, pretty please."
Books,3,CG,"A sprawling post-apocalyptic tale with memorable characters and gripping plotlines. The pacing can be uneven, and some sections feel unnecessarily long. Still, it's a compelling read for fans of epic storytelling and complex narratives."
Books,4,OR,"some were subjective to answer.  overall, we spent 4 hours reading them and trying to answer them out loud. Then, my parents came over and we spent another 2 hours .  Good buy and my preteen loved it"
Electronics,5,CG,"Combines the power of a full-frame camera with a compact design. Image quality is outstanding, and it's perfect for travel photography. The autofocus is fast and accurate. Battery life is good, but the menu system can be a bit complex. Highly recommended for photographers on the go."
Books,5,CG,"This book is an eye-opening exploration of the racial injustices in the American legal system. Alexander's arguments are well-researched and compelling, making a powerful case for the need for systemic change. It's a challenging but necessary read for anyone looking to understand the deep-rooted issues of race and justice."
Electronics,4,CG,"Small, compact design that fits anywhere in the house. Alexa integration is seamless, making it easy to control smart home devices and get information quickly. The sound quality is decent for its size, but not as rich as larger speakers. Great value for the price, especially if you're already invested in the Amazon ecosystem."
Toys_and_Games,2,CG,The stable is cute but falls apart easily. The horses are small and not very detailed. Expected better quality from Melissa & Doug.
Toys_and_Games,5,OR,Bought for granddaughter and she loves it. She especially loves the sound.
Electronics,4,OR,"I have this 4 stars because it feels quite fragile and the mechanism that pushes the usb-c connection out isn't really smooth. For what I use mine for, I would probably spend more to get something a bit more durable"
Pet_Supplies,5,CG,This heated cat bed keeps my cat warm and cozy. It's well-made and easy to clean. The cord could be longer.
Pet_Supplies,4,CG,This harness is reliable and comfortable for my dog. It's easy to adjust and put on. Some additional padding would be nice.
Clothing_Shoes_and_Jewelry,4,OR,I would have given 5 stars but they are a  little to tight around the ankle. I bought the large size since I am a ten in shoes. They are ok to wear for a couple of hours but I can't recommend wearing them longer.
Kindle_Store,5,OR,Looking for book 6 in the future
Home_and_Kitchen,5,OR,"The item is as pictured. What I really love, and is unique for this product is that the top AND bottom shelves both slide out. On most of the products like this, only the bottom shelf slides out. I highly recommend this and would order again!!!"
Clothing_Shoes_and_Jewelry,3,OR,Small
Pet_Supplies,3,CG,The grooming kit works fine but the clippers aren't very powerful. It struggles with thicker fur. Could be better.
Home_and_Kitchen,4,OR,The suction is super strong. One of the baskets seems flimsy and the other has a wire that was broken. But it adds space in the shower and holds other things like speaker and or phone out of the way from shower water. I recommend
Books,4,OR,I like reading Tasha Alexander's books
Sports_and_Outdoors,1,OR,"Very simple instructions on where and how to use the ""pump"". It seems more like a air cavity with a one way valve. In order to kinda get any air into the pad, I had to inflate it manually. It did inflate fully, but not with the pump. I was surprised at how fast it does inflate using only my lungs, but I went with this more expensive option  because it was advertised with a pump integrated into it! Very disappointing. Overall, I like it, but I could have gotten similar sized pads at half the price I paid. If their customer service makes this right, I'll update this review to reflect this."
Electronics,5,CG,"Best streaming device on the market with excellent performance and a wide range of features. Supports 4K HDR and has a powerful processor. The remote is intuitive, and the interface is smooth. Highly recommended for anyone looking for a premium streaming experience."
Books,1,OR,Terrible story. Very disturbing to read. Nothing enjoyable about this book. Would not recommend it. It's terrible that they make kids read this in school.
Clothing_Shoes_and_Jewelry,5,OR,Provides durability and strength between calf and ankle when exercising. It also helps prevent blood clots.
Books,5,CG,McMurtry's novel is a classic Western epic that captures the rugged beauty and harsh realities of life on the frontier. The richly developed characters and sweeping narrative make it a compelling and immersive read.
Electronics,4,CG,"Versatile 2-in-1 design with reliable performance and a vibrant display. The keyboard is comfortable, and the battery life is good. However, it's a bit heavy for a convertible laptop, and the fan can be noisy. Overall, a solid choice for those looking for flexibility."
Toys_and_Games,1,OR,I'm on my second package. Thinking I broke all the ones in the first packet from poor skills. Which was partially my fault many of the first times these loops broke from mishandling. But they are also breaking from doing the example tricks on the video. This product is cool but gets one star because there is no way you are moving a fork with these things. And there is definitely no way to use them to make a fork spin on a bottle which is another advertised trick for these. The idea that the string could send enough force when snapped on a fork to get it to spin on top of a bottle is ludicrous. So I don't like what seems to be deceptive advertising. BUT ... Here's the thing though even though I keep breaking it. I keep buying more ... I love when the effect works. but this is getting expensive
Tools_and_Home_Improvement,4,CG,Comes with a good range of sizes. Drills through metal effortlessly.
Toys_and_Games,4,CG,"The weaving loom is great for creative kids. Instructions are clear, but younger kids may need help. Provides hours of entertainment."
Kindle_Store,2,CG,"Failed to live up to the hype. The protagonist was annoying, and the plot was both predictable and uninteresting."
Pet_Supplies,1,OR,"My 1-year old pit bull loved this for as long as it lasted--a whole 4 minutes (not exaggerating). I got this as a gift and gave it to her. She was so excited that she put her whole mouth over the ball and chomped on it. The cheap plastic lasted for about 4 minutes before it disintegrated. If you have a small dog that can't fit it's mouth around it, great. But if you have a larger dog (with intense chewing instincts) that can fit it's mouth around it and bit down, this is not for you."
Movies_and_TV,4,CG,"Delivers stunning visuals and a complex narrative, with well-developed character arcs making it a compelling watch."
Kindle_Store,5,OR,"I am a huge fan of Anna Hackett's writings and ""The Detective"" was great. I enjoy the action infused with sexy romance between characters that struggle with their past personal experiences. I especially like that the badass men are prior military and obsessed with giving their all for the women they love. And their women are badasses who take the men on. Hunt and Savannah are an adorable couple and their story was exciting to read. I will continue with the next book in the Norcross series. Well done!!!"
Pet_Supplies,4,CG,Works well for my reptile enclosure. Holds moisture and is easy to clean. The packaging could be more user-friendly.
Toys_and_Games,3,CG,"Well-made and looks great. Assembly is time-consuming and some parts don't fit perfectly. Kids enjoy it, but it's on the pricier side."
Books,5,OR,The first time reading J.R. Ellis and I will be reading more. Very well written. I could picture the Scottish landscape. The characters had depth and the story kept me reading to find out what happened next
Clothing_Shoes_and_Jewelry,5,OR,"I found this Hanes top to be a little roomier than I anticipated.  I ordered a Medium (my usual size), but it's a bit loose all over.  The width under the arms is 20.5 inches, which is approximately 41” all around.  I do like that the sleeve length (from neck to sleeve hem) is short (26.5”) which is nice for a petite person like me.  Also, the hem falls near my mid thigh.  I am 5'3” and 120 lbs.  It is made of 60% polyester, 30% cotton, and 10% rayon.  I wear it as an undershirt for layering, and it didn't feel scratchy or sweaty to me.  The neckline is also roomy. If you want form-fitting, you will need to go one size smaller.  Tall people may find it too short.  The length from back of neck to hem is 25”, and that's the back length.  The back is 2 inches longer than the front.  I like this top, because it works for a petite person like me.  The price is reasonable, too.  The manufacturer should package it into like a 3-pack for a reduced price."
Home_and_Kitchen,2,CG,This espresso machine is overpriced for the quality it delivers. The coffee is not hot enough and the milk frother is weak. It's also difficult to clean.
Electronics,5,CG,"Lightweight and extremely portable with powerful performance. The battery life is excellent, and the build quality is premium. The keyboard is comfortable, and the display is bright and clear. Perfect for professionals who travel frequently."
Books,5,OR,"I like to color as a way to reduce stress and take my mind off things, and this book is great! The some of the outlines are pretty detailed so if you like simpler designs it may not be for you, but I enjoy making them super colorful. Cool book."
Clothing_Shoes_and_Jewelry,5,CG,"Stylish and versatile, suitable for both casual and formal wear. The fit is true to size and they are very comfortable for long periods. The material feels durable and the design is chic. Highly recommend for anyone looking for a reliable pair of boots."
Toys_and_Games,4,CG,Fun and powerful. The motorized blaster is great for Nerf battles. It's a bit heavy and can be tiring to use for long periods.
Pet_Supplies,4,CG,Provides excellent protection against fleas and ticks. The solution is quite greasy and takes a while to absorb fully into my dog's fur.
Sports_and_Outdoors,5,OR,Just right for Vermont!
Tools_and_Home_Improvement,5,OR,So far all I've done was change the tips. if you run out of water it sounds like a funny squawk which I like. Time to fill. No problems works as shown in the description.
Toys_and_Games,3,OR,"This is a much smaller version of the Korean party game called ""Yoot-No-Ree"".  Much smaller size that the actual sticks that are normally used.  Still, it does the trick, but definitely not the highest quality."
Electronics,1,OR,"Dropped calls frequently, then died completely after 32 days of moderate use. The noise cancelling is great, but totally useless if the headset doesn't work!!"
Toys_and_Games,4,OR,"This little pink rocking horse is just too adorable. Not too high so little ones don't get hurt. The wood is hard and sturdy.  All the pieces/ hardware were labeled. After sorting out the pieces, the directions are just a diagram and pretty easy to understand. Be carefull on the next to last step. And how you place the short bottom boards. Overall very happy with my purchase!"
Movies_and_TV,5,CG,"Offers action-packed sequences and humorous moments, with well-developed characters adding to the enjoyment."
Pet_Supplies,2,CG,Jumbo cat scratcher lounge is not as large as expected. My cat barely fits on it.
Tools_and_Home_Improvement,5,CG,Durable with excellent battery life. Handles all tasks with ease.
Books,5,CG,"This novel is a poignant and beautifully written story set during World War II. The characters are richly developed and the plot is both heartbreaking and uplifting. It's a powerful tale of courage, love, and resilience."
Kindle_Store,3,CG,"Plot is suspenseful with an unreliable narrator, but some twists are predictable. The characters are interesting, though the narrative lacks originality."
Kindle_Store,4,OR,"SAPPHIC BOOK BINGO: non-US/UK setting, not a romance, out of your comfort zone, butch character; UNICORN: more than 2 POVs (possibly other categories) I enjoyed The first book in the series, and kept reading through the next two books. There was some Sudanese culture covered in book two, which made it more interesting for me. I knew where it was located in Africa, but nothing more, so I got to learn a few things while reading it. More of Nevada and Candice's backstories were explained, including a few secrets about the American's past. Occasionally, I wasn't comfortable with Nevada's inappropriate comments, but I'm in my fifties, so it was possibly age-related. The fun, wit, snark, adventures, and danger all contributed to more excitement with the two women, and the chemistry went up a notch or two."
Clothing_Shoes_and_Jewelry,5,OR,These are nice fashion frames.  Chunky thick frames for a unique look
Tools_and_Home_Improvement,5,OR,"My husband works in road maintenance and needed something for nighttime when he gets called in. We received these two head lamps about a week ago to replace old ones he had, he charged them right away to use. They are very bright and are very comfortable. You have six modes on the units, two for distance, two for right around you and two that are red. The distance one is very bright and you can see far, the mode around you gives you a very wide work area. These two units are the best so far that he has owned."
Tools_and_Home_Improvement,1,OR,The 5 star review must be paid or the product has changed because these do not work.  See my images.  Waste of money.
Home_and_Kitchen,5,CG,"Provides excellent cooking performance with its nonstick surface. The cookware heats evenly and is easy to clean. It's a bit heavy, but the durability and quality make it a worthwhile investment."
Home_and_Kitchen,5,OR,"I bought these for my sister who recently had a baby.  She plans to make her own baby food and needed some containers.  These are a very good option,  because the lids are nice and tight without any leaks.  The size is perfect for a couple of days of baby food and it's very convenient that they can be stacked on top of each other for easy storage.  Since they are glass, we don't have to worry about weird chemicals leeching out into the food.  I really like the lovely diamond pattern on the outside.  It's pretty,  but it's more than just decorative.  It also gives you some texture so you can get a better grip on it.  It makes it easier to open and less likely to drop it."
Pet_Supplies,3,CG,"Initially, my cats were fascinated by the toy, but they lost interest after a few days. It could be more engaging."
Home_and_Kitchen,5,OR,"[[VIDEOID:fbfa6326dce77b2571e586dcd6d0eb63]] Beautiful copper flower design.  The coloring and details look good.  The base has a nice copper weight.  The flower screws into the top for assembly.  The base of the flower of mine did not screw in.  This should be an easy fix.  Nonetheless, it looks sooo good that I recommend based to quality and design. Trust you found this review honest and helpful:-)"
Books,5,OR,This is my go-to present for anyone with a new baby that you want to remember but not go overboard on a gift. Babies love this tactile presentation for their first introduction into reading.
Books,4,CG,"This historical romance novel is a slow burn, but the richly detailed setting and well-developed characters make it worth the wait. Gabaldon's blend of history, fantasy, and romance is captivating, and the story is deeply immersive."
Books,5,CG,Strayed's memoir is a deeply moving account of her solo hike along the Pacific Crest Trail. Her candid reflections on her personal struggles and the healing power of nature make it a powerful and inspiring read.
Movies_and_TV,5,OR,"Wish we could see many, many live performances like this, these days. So fabulous! Kevin Spacey is amazing. Miss him, too. Great movie! Buying the soundtrack."
Electronics,3,CG,"Providing ample storage at a reasonable price, this hard drive is good for backups but disappointing in terms of performance. Transfer speeds are quite slow, especially when handling large files. It's compact and easy to carry, but the sluggish performance detracts from its overall value. It's okay for occasional backups, but not ideal for regular use."
Home_and_Kitchen,4,CG,"Brews excellent espresso with a sleek design. It's compact and heats up quickly, making it perfect for small spaces. The water tank is small, but it's ideal for single users."
Kindle_Store,4,CG,"Beauty and isolation of a remote island are captured in this narrative. The mystery unfolds at a steady pace, keeping you hooked till the end."
Kindle_Store,4,OR,This addition to the series has reverted to a very complex plot and a bit too much extraneous characters and plot twists.  I don't think that even splitting into two stories would solve this.  I would rather have seen a continuation of the wonderful structure of the previous book.
Movies_and_TV,5,CG,This movie really dives deep into an underwater world with some of the best visuals I've seen. The story has some emotional moments that hit hard.
Clothing_Shoes_and_Jewelry,5,CG,Hiking socks provided excellent comfort and support during long hikes. The material is breathable and prevents blisters. Fit is perfect and they hold up well after multiple washes. Highly recommend for outdoor enthusiasts.
Pet_Supplies,1,CG,My small pet got his foot stuck in the slits. Unsafe and poorly designed.
Sports_and_Outdoors,2,OR,"So the product is fine, it's a great game. BUT it got delivered only in its merchandise box, not in an Amazon box. They just slapped a shipping label on it then left it on my front porch."
Movies_and_TV,5,CG,Showcases visually stunning effects and familiar songs. The realistic animation brings the animal characters to life in a breathtaking way.
Sports_and_Outdoors,4,CG,"Warm and cozy for cool nights, packs down small. Zipper can snag, otherwise a solid choice for camping."
Tools_and_Home_Improvement,4,CG,Perfect for small home projects. Easy to handle but lacks power for bigger tasks.
Tools_and_Home_Improvement,4,CG,Dependable and powerful. Great for DIY projects but the chuck could be tighter.
Sports_and_Outdoors,5,OR,"Worked great, getting rid of rats from the neighbors chicken coop"
Pet_Supplies,4,OR,These were pretty decent. Smelled fine and did not leave a mess. They made it through two or three 1ish hour chew sessions. The dogs like them pretty well but they also aren't super picky. I love beef cheeks because I can give it to them to keep them busy and I don't have to worry about them eating it and getting a blockage because it is digestible (within reason of course) I mentioned 2nd best because they were good but I have yet to find any that beat the beef cheek chews from “Happy Dog Place” but these are definitely the second best brand we have found
Clothing_Shoes_and_Jewelry,2,CG,"Ballet flats are cute and stylish, but they are very uncomfortable. The fit is too tight and they cause blisters. Disappointed with the comfort level despite their attractive look. Would not recommend for long wear."
Kindle_Store,2,CG,"A confusing narrative with too many twists. The premise was intriguing but poorly executed, leading to a frustrating read."
Kindle_Store,5,OR,"This is what Amy Lane is great at!  Taking a group of strangers, forming a ensemble,  then fighting for a common cause and becoming family. The story began  many years ago with two young men falling in love. That would be Danny and Felix. Meeting Julia Salinger , her life a living hell they became 3. This is their story living through these pages leading a band of young people to become the Robin Hood's of our times. This group has many players, all good in different fields of expertise. Once they are given a problem, come hell or high water they work to achieve it. Its sometimes works like a McGiver show (you might be too young to understand this ) and sometimes its magical clock work. with one of the group finding there HEA. This #5 was gripping with Stirling and Molly finding out the truth about he death of their parents and Stirling finding Tienne the yin to his yang. We get some hints about their son Josh,, Julia's son and the new man who is trying to court Julia Salinger.....cannot wait Ms Lane!!!"
Pet_Supplies,5,OR,"It's not the sturdiest crate I've purchased, but it is nicely constructed. Love the multiple openings. I also purchased a nice water proof cover with windows to give my pup a den like home."
Movies_and_TV,4,CG,"Prepare for a suspenseful, thought-provoking series with excellent performances, particularly from Julia Roberts. The storyline is intriguing and keeps you guessing until the end. Well-crafted psychological thriller."
Clothing_Shoes_and_Jewelry,4,OR,"We would love to love this earrings.  However, one of the earrings post is crooked or bent.  This makes it impossible to remove the other half.  I need to buy a long-noose pliers to straightened this out.  Depends on the quality of the metal and how brittle it is - there is also possibility of the post breaking when it is straightened out. We are not happy about this. Update 2023-January-22 ----------------------------- Customer Support was very attentive and quickly rectified this issue.  Thus am upgrading the rating."
Electronics,5,OR,"I got these for my niece's 10th birthday and she loves them! They work far enough she can take them to the park and keep in touch with the house, giving her some independence without needing a cell phone."
Electronics,4,CG,"Excellent display quality and fast refresh rate. The design is stylish, and the build quality is solid. However, the software can be a bit buggy, and it's quite pricey. A great choice for gamers looking for an immersive experience."
Home_and_Kitchen,5,CG,"Versatile and durable, perfect for meal prepping and storing leftovers. The airtight seal keeps food fresh, and the containers are easy to stack. They are also microwave and dishwasher safe, making them highly convenient."
Electronics,3,CG,"Sound quality is decent, with good noise cancellation features. However, the earbuds are uncomfortable for extended use and tend to fall out easily. Touch controls are overly sensitive and can be frustrating to use. Battery life is average, not living up to the advertised duration. For the price, there are better options available."
Electronics,4,CG,"Fantastic sound quality and excellent noise cancellation. Extremely comfortable and stay in place even during workouts. Seamless integration with Apple devices enhances the user experience. However, the price is quite high compared to other earbuds on the market. Overall, worth it for Apple users looking for high-quality earbuds."
Tools_and_Home_Improvement,5,OR,"They came in a box, all intact. The light is white and bright."
Clothing_Shoes_and_Jewelry,5,CG,Hiking boots are perfect for outdoor adventures. They provide excellent ankle support and the grip is fantastic on various terrains. The material is durable and waterproof. Very satisfied with the performance. Highly recommend for hikers.
Books,5,OR,Was a gift for grandson (age 9) and he loved it
Electronics,2,OR,O tiene poca memoria  o es demasiado lento .realmente esperaba más de ella
Movies_and_TV,4,CG,Features an engaging storyline with plenty of surprises and standout performances from an unexpected hero.
Kindle_Store,4,CG,"Touching story with elements of mystery and magic. Characters are relatable, and the plot is engaging, though some twists feel a bit forced. The blend of emotional depth and mystery makes it a satisfying read."
Books,5,OR,as expected
Tools_and_Home_Improvement,5,CG,Provides accurate measurements and is built to last. Very reliable.
Clothing_Shoes_and_Jewelry,5,CG,Running sneakers are perfect for jogging and long runs. The cushioning is excellent and they provide great support. Fit true to size and are very comfortable. Highly recommend for runners.
Books,5,CG,"This novel is a beautifully woven tapestry of interconnected stories about Chinese-American women and their immigrant mothers. Tan's writing is evocative and the characters are deeply relatable. It's a touching exploration of culture, family, and identity."
Tools_and_Home_Improvement,3,OR,Lost three due to not working in less than a year!
Sports_and_Outdoors,5,OR,Good quality
Kindle_Store,4,OR,"If it was 100 pages longer, i'd endorse it 100% but it was pretty short and a quick read.  Still very funny."
Movies_and_TV,5,OR,It's all good
Sports_and_Outdoors,4,OR,I miss the stair counter because I was able to lose 50 pounds by climbing stairs during a very snowy winter and logging my food.
Electronics,1,OR,sent back/goes off for no reason/  bought door stop type that works great
Electronics,4,CG,"Handles demanding games smoothly, but the fans can get quite loud. The build quality is excellent, and it's easily upgradable. Overall, a solid choice for gamers who don't mind the noise."
Electronics,5,OR,"We ride long trips on our side by side and often have no internet service. Amazon music became a pain to keep signed in to and use any basic functions... It was irritating. Since this device we use with our Sirius XM account and it doesn't need internet to work, it's awesome. We program our favorite stations and works just like it does in our car. We love it!"
Pet_Supplies,5,OR,I always forget to check her water bowl so this helps!
Sports_and_Outdoors,5,OR,This is a super fun game to play with a group of friends!!!
Pet_Supplies,2,CG,My dog refuses to sleep on it. The material feels rough and the padding is insufficient.
Toys_and_Games,5,OR,The clicks and buttons are very satisfying sounding and have nice texture and give. I just wish it were a little heavier.
Clothing_Shoes_and_Jewelry,3,CG,"Cute and stylish, ideal for casual wear. Unfortunately, the material is not very durable. The soles started to wear out after a few weeks. Would have been perfect if they lasted longer."
Books,5,CG,"An utterly charming read filled with warmth and wit. The epistolary format adds a unique flavor to the storytelling, and the characters are endearing. It's a delightful escape into a post-war community with a love for books and resilience. Perfect for a cozy, uplifting read."
Clothing_Shoes_and_Jewelry,5,CG,"Extremely soft and cozy, providing excellent warmth during cold weather. The quality is top-notch and the color is rich. Adds a touch of elegance to any winter outfit. Highly recommend for anyone looking for a luxurious scarf."
Tools_and_Home_Improvement,4,OR,"Nice votive candles, just hoped they were a bit brighter but do look like small candles."
Pet_Supplies,4,CG,Helps control tartar buildup effectively. The toothpaste and brush are easy to use. The brush could be a bit softer for sensitive gums.
Movies_and_TV,4,CG,Engaging plot with unique dark humor. Quirky and memorable characters add to the show's charm.
Toys_and_Games,5,OR,"This castle is perfect for my 2 year old Great Grandson. It's sturdy & well built. Does need 2 persons to assemble. Arrived before expected delivery date, which was in time for his visit!!"
Toys_and_Games,4,CG,"A perfect game for parties. The rules are easy to grasp, and the illustrations are hilarious. Quick rounds keep everyone engaged. Some might find it a bit too chaotic, though."
Toys_and_Games,3,OR,"The face in the picture looks like Captain Jack Sparrow.  The face on the figure just looks like a man.  And the package was in bad shape, like it had been sat on."
Sports_and_Outdoors,2,CG,Material feels cheap and doesn't hold up well. Unimpressed with the overall quality and performance.
Movies_and_TV,1,OR,movie never started asking for refund
Pet_Supplies,4,CG,My hamster loves this food mix. It keeps him healthy and active. The pieces could be more uniform in size.
Toys_and_Games,4,CG,Blink is quick and easy to play. Great for short game sessions. The cards are durable but can get repetitive.
Electronics,2,OR,"I love doing time laps videos with my iPhone, but then I can't use my phone. I was super excited about this product, it's worked okay but mostly I have been disappointed. Because it doesn't have a built in screen there's a lot of back and forth fussing that I'm not a fan of. Also it has just cut off in me a few times and I miss the shot I was hoping to get. It has so cool features but mostly I find myself going back to my phone."
Movies_and_TV,4,CG,Depicts the struggles and triumphs of students in an inspirational and real way. The storyline is motivational and engaging.
Electronics,4,CG,"Good performance and a decent display. The build quality is solid for the price, and the cooling system is effective. Battery life is average, and it's a bit heavy. Overall, a great budget gaming laptop."
Movies_and_TV,5,OR,Loved this quirky movie
Toys_and_Games,5,OR,"This product is well constructed, well made, fits toddler hands much more easily than smaller version of this construct/build toy.  It's and exceptional value.  In fact I ordered a second set so we could construct bigger, better, and more elaborate buildings.  I highly recommend!"
Movies_and_TV,5,CG,"Car enthusiasts will love this fun and adventurous series. The chemistry between Clarkson, Hammond, and May is as entertaining as ever. The exotic locations and crazy challenges make it a joy to watch."
Movies_and_TV,5,OR,This is a great movie.  The imitation of Bela Lugosi was flawless and hilarious and also sad and tragic.
Clothing_Shoes_and_Jewelry,5,OR,excelente!
Sports_and_Outdoors,5,CG,Keeps you dry even in the heaviest downpour. Breathable and comfortable for extended wear.
Toys_and_Games,5,OR,"[[VIDEOID:1b49642df1218a20b1d171d5e6bf25f1]] I love this rugged stunt toy car as well as my four years old son. Among its unique features are being able to drive on any terrain, making 360 degrees turn and can move any direction. I also like the child safety proof/ protection. I think it's a good buy"
Electronics,5,OR,This bar sounds good and was so easy to set up.  It's nice to have a speaker close by instead of near the TV.  I got it to hook up to the treadmill for watching TV while I run.  So far it does the job well.
Tools_and_Home_Improvement,4,CG,Lightweight yet sturdy. Perfect for on-the-go projects.
Tools_and_Home_Improvement,5,OR,"Great product, great value, and works just fine converting from a European plug to an American plug, I just exactly what I was looking for, and could not find except on Amazon."
Movies_and_TV,5,OR,"Enjoyed this first season of ""Resident Alien"", as it seemed overall how an alien would try to fit in with a human population; danger alien, danger!  I took notice of this series because of Alan Tudyk, as I remember him from the ""Firefly"" series.  ""Resident Alien"", is a dramedy where comedy is embedded in drama, as the alien is forced to kill a few humans along the way in order to keep his shape shifting identity a secret.  This while he attempts to complete his secret mission on Earth.  This DVD arrived in good time with picture and sound quality in very good shape."
Kindle_Store,3,OR,"I cannot believe how many editing mistakes are in this book. I tried to flag each error, but needless to say, it was distracting. You definitely need to read the previous books for context. It had been a while since I finished the ones before, so coming into this continuation of the story threw me. I couldn't remember minor characters and their importance. In the end I got the gist of things enough to not have to worry about it too much. I appreciate the history lessons I get from these stories."
Electronics,5,OR,Was really happy I purchased this before going on a trip to some US national parks. It really enhanced my landscape photography. The image-quality is great and the wide angle helps show the grandeur of things.
Electronics,4,OR,"I really would like to give this product 5 stars, but it is not as stable as we would like for holding our Chromebook that we take attendance on.  If you are going to use it, you need to think of some way to clip it to the surface you are using.  We are on an outside table, and it rocks just a little too much when we are using it.  Weight is nice, size is just as shown, made of quality materials."
Pet_Supplies,5,OR,These are cool
Sports_and_Outdoors,5,OR,"Comfy, cute, easy, doesn't slip, doesn't fall off, literally had a burn the next day from using these which is awesome since I can't go to a gym regularly, working out at home with these is awesome ✌️🌹"
Kindle_Store,5,OR,"I love the way Sarah is developing, becoming a better character with each book. She has come a long way since her appearances in the Reed Ferguson series, and I like her evolution.  Crazier cases to solve, more thrills and chills along the way as well. All keeps the reader on the edge of their seats. Worth the time for sure!"
Pet_Supplies,5,OR,"This is perfect for our little beagle!  When I want to make sure she stays in the yard, I hook her up to this 50 ft. leash.  It gives her plenty of room to walk around and explore."
Home_and_Kitchen,2,OR,"I was very hopeful with the small gauge screen that these would prevent splattering.  Alas no, they do not contain the grease any better than the cheaper one I had previously."
Toys_and_Games,2,CG,The song is cute at first but gets annoying quickly. The doll is not very interactive and doesn't hold my child's attention.
Home_and_Kitchen,4,CG,A simple and effective way to make sparkling water at home. It's easy to use and saves money on bottled water. The carbonation level can be adjusted to preference. Highly recommend for sparkling water lovers.
Sports_and_Outdoors,5,OR,I was hesitant to buy this hatch cover for my Ocean Kayak Zest Two XP. I tried a set before and wasted my money. Bought two for a decent price. They fit like a glove. The construction is good and it makes a water tight seal. Highly recommend this hatch cover if you have an Ocean Kayak Zest Two XP.
Kindle_Store,3,CG,"Set in 1960s Baltimore, the story is atmospheric but has pacing issues. The plot is intriguing, though it feels drawn out."
Clothing_Shoes_and_Jewelry,3,CG,"Gold bangle is lovely and looks elegant on the wrist, but it is prone to scratches. After a few wears, it started showing signs of wear and tear. Would have been perfect if it was more scratch-resistant. Handle with care."
Electronics,2,CG,"Despite the high-quality streaming, the Apple TV 4K doesn't offer much more than cheaper alternatives. The interface is sleek but not intuitive, and the remote is awkward to use. For the high price, I expected more features and better usability. Overall, it feels overpriced and underwhelming."
Kindle_Store,3,OR,"This is a cute age gap romance with some humor and lots of hot sex. The attraction, and thus the sex, starts almost immediately.  There's one scene with some tension but it's resolved quickly."
Electronics,4,CG,"Reliable security device with clear video quality and useful features like motion detection and two-way audio. Installation is straightforward, and the app is user-friendly. However, there can be occasional connectivity issues, and the subscription for video storage feels a bit pricey. Overall, a good investment for home security."
Home_and_Kitchen,5,CG,"Offers excellent cleaning performance in a compact design. It's easy to maneuver and works well on various surfaces. The suction power is impressive. A bit noisy, but the performance makes it worth it."
Tools_and_Home_Improvement,5,CG,Provides excellent support for miter saws. Easy to set up and adjust.
Kindle_Store,5,OR,"This book is the best of the series. If they keep getting better I'll have to stop eating and sleeping to keep up with them. The characters are excellently presented, and the plot has more twists than a barrel of rattlesnakes. Totally enjoyable!"
Movies_and_TV,4,CG,Delivers a stylish crime caper with witty dialogue and engaging characters. The narrative is clever and the performances are spot-on.
Books,3,CG,"The world-building in this book is impressive and thought-provoking. However, the characters felt distant and lacked emotional depth. The story's focus on grand ideas and complex politics sometimes made it difficult to connect with the narrative on a personal level."
Electronics,4,OR,I purchased these as backup batteries to my Canon EOS and they fit the camera perfectly. The batteries however fit really tight on the charger they came with and take some force to insert them and remove them from the charger. As for the batter life Ive only had them a few weeks and they seem to be good although time will tell how long they hold up. The batteries themselves appear to be of good quality fit and finish. The charger is less reformed and hard to fit the batteries in the opening once in they seem to charge quickly and work good. For the price point you're getting your moneys work I would purchase these again.
Tools_and_Home_Improvement,4,OR,"It's true with the other reviews say it is a bit challenging setting this thing up without going on to the 2.4 GHz spectrum. I do wish that you could change the color temperature to funky colors but overall it works great the Alexa integrations fantastic, you can change the brightness right from your app or voice control as well as the color temperature highly recommend great value."
Electronics,4,CG,"Versatile mic with good sound quality and built-in audio interface. The build quality is robust, and it's easy to use. However, it's quite bulky, making it less portable. A solid choice for those needing an all-in-one solution."
Electronics,5,OR,[[VIDEOID:3323348f05641f2b505a1d3cfeddffca]] Like it fit what I needed
Tools_and_Home_Improvement,5,OR,I like the huge rubber feet for stability
Toys_and_Games,1,OR,These are cute but didn't come with the straw to blow them up. Very disappointing being I opened them for the party the day of the party.
Pet_Supplies,1,CG,Stopped working after a few weeks. Fails to dispense food reliably.
Sports_and_Outdoors,5,OR,Muy buen producto
Home_and_Kitchen,4,CG,"Offers convenience and efficiency, making cooking healthier meals a breeze. The WiFi connectivity is a nice touch, allowing control via an app. It cooks evenly and quickly, though it can be a bit noisy. Overall, a great addition to any kitchen."
Kindle_Store,3,CG,"Concept of exploring dreams is intriguing, but the pacing is slow. The characters are interesting, but the narrative can feel dragging."
Books,2,OR,"I didn't know anything about author Maira Kalman. I purchased this book for the recipes of Barbara Scott-Goodman. That said, I still read the book and I didn't like the stories. Some of the stories sounded ungrateful like just a spoiled child's thoughts. Not saying, thank you for things given. Acting like that's just normal to be an ungrateful spoiled kid. I didn't eat cake growing up all the time. If I got a treat I would be grateful. I didn't like the unhappiness that's portrayed in this book. I found the stories to be depressing and not joyful as some others whom have reviewed this. I, however, did like the recipes and making them. That being the reason why I purchased this book, I'm good with it. The reason for the two stars, the recipes, everything else wasn't good. Buyer warning though, more stories than recipes in a very small book. Cake is to be appreciated, especially in this time where some of us, (including myself), find it hard to afford such luxuries. My honest opinion, from someone who bought the book, wasn't given a free copy to review. I bought this awhile ago, just getting around to writing my thoughts because I skipped to the recipes first. Lol"
Movies_and_TV,5,CG,Athletic journey that motivates and captivates. Well-crafted storyline and heartfelt performances inspire viewers.
Sports_and_Outdoors,4,CG,"Tough fabric and plenty of pockets, great for hiking. Comfortable fit but runs a bit small. Holds up well over time."
Electronics,5,OR,Streams very good with my internet service.
Kindle_Store,4,CG,"A unique urban fantasy that brings the city of New York to life in an engaging way. The characters are diverse and well-drawn, and the plot is imaginative."
Home_and_Kitchen,5,OR,Love it! Very unique & playful laundry room sign.
Sports_and_Outdoors,4,CG,"Easy to use and reliable. Provides peace of mind in avalanche-prone areas. The interface is intuitive, and the range is impressive. Battery life is solid, and it's built to withstand harsh conditions. However, it is quite expensive, which might be a barrier for some. Nonetheless, it's a crucial piece of safety equipment."
Sports_and_Outdoors,5,CG,"Made from recycled materials, which is a big plus. Lightweight and packs down small. Keeps you dry in heavy rain and is breathable enough for warmer weather. A great choice for eco-conscious adventurers."
Home_and_Kitchen,5,CG,"Makes healthy cooking easy with little to no oil. The digital interface is user-friendly, and it cooks food evenly. It's a bit bulky, but the health benefits and performance are worth it."
Sports_and_Outdoors,1,OR,Too short Child like size my grand baby use it I will never ever buy this again
Movies_and_TV,1,OR,"Really, really, bad movie. Uniforms are not correct, actors are bad, lousy CG, captain performance was horrible, nothing but a inaccurate movie. Horrible plot, and acting. The truth was the merchant marines were not fighters. Trained military were protecting the merchant ships not the crew. They were a one of the most important parts of WWII."
Kindle_Store,5,CG,"Packing a punch in its brief pages, this short story is gripping and intense. The plot is well-paced, with strong character development. It leaves a lasting impression and is perfect for a quick, engaging read."
Books,5,OR,"This is a very good reference book for those just stsrting Algebra, or who have studied Algebra and need a solid reference manual."
Movies_and_TV,5,CG,Takes you on an exhilarating ride with spectacular aerial sequences and a storyline that's both exciting and emotional.
Sports_and_Outdoors,5,CG,Trendy design and very durable. Perfect for daily use and fits all my essentials.
Books,4,CG,"Told from the perspective of a dog, this novel offers a unique and touching view on life and human relationships. It's a heartwarming story that's both joyous and tear-jerking. While some parts may seem overly sentimental, the overall narrative is beautifully crafted."
Home_and_Kitchen,5,OR,"Soft and velvety, room darkening. These are heavy so be sure to have a middle brace for your curtain rod."
Clothing_Shoes_and_Jewelry,5,OR,Have not tested it in a down pour yet.  It seems durable.  It is light. Can fit in the backpack easily for school.  Appears to be a great rain coat.
Toys_and_Games,5,OR,This is the second pillow I've bought. My first one got torn into by my dog (who loved it btw). Colors are vivid and it really looks like a chicken drumstick! Soft material and cushiony. You can't beat the price either. Super cute!!!
Movies_and_TV,5,OR,Great movie
Electronics,4,CG,"Excellent for digital art with a responsive pen and a large drawing area. The build quality is sturdy, and the customizable buttons are very useful. However, it's quite expensive, and the software can be a bit complicated to set up. Overall, a great investment for digital artists."
Pet_Supplies,5,OR,This is great quality without a hefty price tag. The chain sits at the length of a traditional dog tag. The weight of the actual dog tag is just enough to sit comfortably on the chain. It looks really nice on and is a great accessory.
Clothing_Shoes_and_Jewelry,5,OR,I liked the fit until my feet would swell in the heat. Attractive. Many compliments from friends.
Home_and_Kitchen,5,OR,No problem installing.  Works great.
Pet_Supplies,4,CG,"Perfect for dogs who love to play fetch. The automatic ball launcher keeps my dog entertained for hours. The only drawback is the noise level, which might scare some pets."
Clothing_Shoes_and_Jewelry,5,CG,"Perfect for workouts with a snug yet comfortable fit. The material is breathable and they stay in place during exercise. Look great and perform well, making them a great addition to the gym wardrobe."
Kindle_Store,5,OR,"When I saw that this was book 2 of 2, I thought I was going to see an ending. Then at the end it said another one was coming. I definitely want to read the next one when it comes out. I'm very interested in what's going to happen with Vengeance."
Tools_and_Home_Improvement,2,CG,Struggles with tougher materials. Only suitable for light tasks.
Movies_and_TV,4,CG,"Provides speedy fun with a mix of humor, action, and heart. The character's journey is both entertaining and touching."
Toys_and_Games,5,OR,"She's simply adorable, I just love her face. If you don't have her yet.......get her! Totally worth it."
Kindle_Store,4,CG,"Story of a butler reflecting on his life is subtle and powerful. The writing is beautiful, though the pace is slow."
Kindle_Store,4,OR,"The Ultimate Steamy Romance Collection contains 10 stories, all of which feature an Alpha Male, a BBW, and age gap, and explicit steamy scenes. All of them feature a Virgin Heroine, except Delivery Man. The stories follow the same basic storyline, which I won't spoil here. The first three followed so closely that it was like reading the same story three times in a row. But things did get a bit more interesting. All of the stories feature a HEA. There is no cheating or cliffhangers. If you want a fun and easy read with some smut, this collection is for you. These stories are loosely interconnected, all taking place in the same mountain town. The stories are in the series Mountain Ink, referring to a tattoo parlor. The only connection to the tattoo parlor in these stories, however, is the fact that the heroine in the first story has a father who owns the tattoo parlor. Maybe there are more books in the series that relate? Oh well. This didn't take away from my enjoyment of the stories. Okay. The Breakdown: 1) Obsessed H/h- Gage and Raven Trope- Hot Professor 3/5 2) Dirty Talker H/h- Declan and Addie Trope: Workplace Romance 3/5 3) Temptress H/h- Hawk and Violet Trope: Captor Romance 3/5 This story had a bit of BDSM Lite. The stories get better after this one. 4) Lone Wolf H/h Walker and Birdie Trope: Mail-Order Bride (with a twist) 4/5 The main takeaway from this one is that the heroine doesn't wear shoes. I predict babies and frostbite in her future. I did enjoy the Mountain Man aspect. 5) Savage H/h- Montana and Cordd Trope: Fake Relationship 4/5 This story had a really interesting setting for most of it- a tourist train in the mountains (based in the mountain town). I also found the love scenes to be a little less by rote and a little more steamy than the previous four. 6) Delivery Man H/h- Flint and Pearl Trope- Pregnant Damsel in Distress 4/5 The H and h are the brother and sister, respectively of the H and h of the previous story. Also notable because h is not a virgin. I did find that the heroine had Too Stupid to Live Syndrome, but it did further the plot and wasn't too annoying. 7) Scrooge H/h- Dustin and Roxie Trope: Cowboy in Shining Armor 5/5 The age gap between the H and h was particularly hot and sexy in this one. Also a bit of BDSM Lite. There was a unique and utterly cool moment when the heroine was wondering whether her submission contradicted her strength as a woman and her feminism. I was psyched and gave it an extra star. Unfortunately, the heroine didn't come to any conclusions (that she shared, anyway). 8) Innocent H/h- Huck and Janie Trope: Virginity Auction (with a twist) 4/5 This trope can often get pretty hardcore fast, but not the case here. The Hero was very sweet. There was a realistic concern by the h that the H's son (who is close to the h's age) would be upset about the relationship. I felt this added to the story. 9) Lumberjack H/h- Bo and Rose Trope: Wrongly Convicted and On the Run 5/5 One of the reasons I especially liked this one is because expectations were turned around: the heroine is the Convict On the Run, not the Hero. I enjoyed the relationship between the H and h and especially his loyalty and his ingenuity in solving the problem.  I laughed out loud when the heroine jokes about Instalove and the stereotypical romance novel plot, even as all of the stories in the book followed this basic plot outline. It showed the author's sense of humor and willingness to poke fun at herself. 10) Bookworm H/h- Holt and Ann Trope: Nanny (Caregiver) Romance 5/5 I felt extra warmth from these characters and enjoyed the secondary characters. The heroine is a bookworm and loves romance novels and I might could find that relatable ;) Interesting bits about a working ranch, and the heroine has realistic concerns about the Hero riding rodeo. Overall, an entertaining, lighthearted collection of stories. It definitely follows a formula, but gives the reader what they want. Recommended. I received a free copy of this book via Booksprout and am voluntarily leaving a review."
Books,5,CG,"This novel is nothing short of a literary masterpiece. The intricate storytelling and the beautifully woven magical realism create an immersive experience. The characters are richly developed, and the generational saga is both profound and enchanting. It's a complex and rewarding read that stays with you long after you've turned the last page."
Home_and_Kitchen,4,OR,I recommend and would purchase again
Clothing_Shoes_and_Jewelry,5,OR,"I absolutely love these. I spend a lot of time working at home now and since no one can see below my desk in a zoom meeting, I'm one of those that wears my sweats. These are great. The fabric is lightweight enough that it's comfortable and there is enough stretch and return that I can easily sit and when I stand the fabric bounces back. An extra 5 stars for pockets that work. I also like the cuffed ankles since I'm short I find that sometimes pants are just too long. This eliminates the problem. They aren't so tight that they are leggings and they aren't sloppy - they actually look good, feel great and wear wonderfully. Oh, and they aren't see through."
Clothing_Shoes_and_Jewelry,5,OR,"Very light, fast shipping"
Pet_Supplies,5,CG,"My dog loves these squeaky plush toys, and they hold up well to rough play. Squeakers could be a bit louder."
Movies_and_TV,5,CG,"Packed with laughs and action, featuring lovable characters and an entertaining storyline throughout."
Movies_and_TV,5,OR,"I watch this film over and over. The cinematography is absolutely gorgeous. It won an Oscar. Some viewers may not like a black and white film, but I believe it  enhances the mysterious nature of the film. It's film noise at its finest. I'm also a big fan of Graham Greene. His stories are always very engaging. Highly recommended!"
Toys_and_Games,1,OR,"originally the drag link bolted to the tie rod. this unit has no way of mounting it so it will not work. looks good but if you can't use it, it's nothing more than junk, that cost me 18.99. could have bought a one that will work for same or less money. will not buy from this company ever again. returns are a pain for me because of my location so i will eat the cost and learn to do more research before buying this kind of stuff. total junk......"
Sports_and_Outdoors,5,OR,It was a Hit ! My 12 year old Grandson loved it !
Movies_and_TV,4,CG,Creates tension and suspense with minimal dialogue and powerful performances. The eerie silence adds to the horror.
Books,5,OR,The song In My Life by the Beatles has a lot of history with my special needs son. When I saw this book I got goosebumps. It's just perfect. The artwork is meaningful and ageless.
Sports_and_Outdoors,2,OR,I wish I read closer b4 purchase.
Kindle_Store,5,CG,"Set in a magical circus, this story is enchanting and beautifully written. The characters and plot are captivating."
Sports_and_Outdoors,3,OR,"This is a solid unit and seems well made.  It comes with a small screw driver to adjust the sight and an Allen wrench.  It also has a spare o-ring.  It also came with what looks like a coin that is just large than a US quarter - but I have no idea what that is for.  The instruction manual is on a full size sheet of paper and is easy to read.  The only bad thing, which is a non-starter for me, is that the battery is on the bottom of the unit.  This means to change it you have to take the sight of the firearm which will entail readjusting it.  I would suggest you look for one that has the batter on the top or in a tray that slides out to the side."
Books,5,CG,"Morrison's novel is a powerful, haunting tale of slavery and its aftermath. Her lyrical prose and deep character exploration make it a challenging but profoundly moving read. It's a masterpiece that demands and rewards close attention."
Toys_and_Games,1,OR,"not for a motorola g power  phone (which you need for a gps screen), or probably any motorola g phone as far as my research. Not for the software nor the wire which the remote has in order to connect to the phone."
Electronics,3,CG,"Offers cool lighting effects that sync well with other iCUE-compatible devices. However, the price is quite high for what is essentially decorative lighting. Setup is straightforward, but the software can be a bit buggy. It's a fun addition to a gaming setup but not essential."
Electronics,2,CG,"The concept of refillable ink tanks is appealing, but in practice, it's messy and complicated. The print quality is inconsistent, and the printer frequently jams. The initial setup is a headache, and the software is outdated. For the price, I expected a much better experience."
Electronics,5,OR,This is super easy to connect to the app and to use.  Love it
Electronics,5,CG,"Offering superior audio quality and versatility, this microphone is outstanding for podcasters. It can be used as both a USB and XLR microphone, providing flexibility for different setups. The build quality is excellent, and the software provides useful customization options. It's a bit pricey, but the performance justifies the cost."
Pet_Supplies,4,OR,We have had ours for a year now. Battery life is excellent approx 2-3 weeks. Our first one crapped out almost a year later and FitBark replaced free of charge. Their Tech support is very good.
Books,5,OR,"I've never read the original that inspired this book, so I went in blind and without expectations. I did have a vague knowledge that Dr. Moreau created monstrous creatures here they are hybrids. So they are still beings that outsiders would be frightened of but lead lives as humans at the hacienda. I enjoyed getting to know Carlota, Montgomery, and all the characters that lived at the hacienda. We meet her as a young woman in her early teens whose father, Dr. Moreau, has kept her sheltered there in their home but also educated her. She's helping prepare for the visit of Mr. Lizalde, the man who funds her father's research. He's there to see how things are coming along and to bring a  new majordomo. There is a time jump of six years and we meet Mr. Lizalde's son and nephew. They were told to not venture to the hacienda without the older man but do anyway. Montgomery does his best to send them away but Carlota intervenes. After they meet with her father, he encourages Carlota to spend time with Lizalde's son in the hopes of them starting a relationship. But also so he doesn't lose his funding. But they must keep them from seeing the hybrids. Because these visitors have no idea what really happens here.  But these aren't the only secrets the hacienda harbors and the doctor won't even answer the many questions Carlota has."
Kindle_Store,5,CG,"Retelling of the Iliad from a unique perspective, this story is both epic and tragic. The writing is beautiful, and the characters are deeply complex."
Pet_Supplies,4,CG,My hamster enjoys this food and seems healthy. The pieces are a good size. A bit pricey.
Books,3,CG,"While the premise of this novel is intriguing, I found it to be overly dense and complex. The mix of historical and modern-day storylines was interesting, but the technical jargon and lengthy explanations made it a slog to get through."
Kindle_Store,4,CG,"Narrative of a young girl on an orphan train is emotional and thought-provoking. The story is engaging, though some parts feel rushed."
Pet_Supplies,5,OR,I love this product works very well
Sports_and_Outdoors,5,OR,"Daughter graduated NIU and this flag made a cute decoration for her to come home to. She's a waitress right now so I'm glad to see she's using her degree, NOT!"
Sports_and_Outdoors,3,CG,"Stretchy and breathable, keeps you dry in rain. Lightweight and packs down small, making it easy to carry. Fabric allows for good movement. However, it is quite expensive compared to other options."
Books,4,OR,He must get paid by the word!  Good story but like all of his book way to much unnecessary verbiage.
Kindle_Store,5,CG,"Providing a detailed and fascinating look into the life and mind of the tech visionary, this book covers his successes and controversies, offering a balanced perspective. A great read for those interested in technology and entrepreneurship."
Kindle_Store,5,OR,"What a great concept for a story, one that is so much more than romance. The characters have depth, purpose, dreams, and humor. It's a story you'll laugh through, cheer for, and turn the pages to see how things will all play out. I highly recommend her books!"
Sports_and_Outdoors,1,OR,The bolts were far too small for the holes. This item had to be returned as I was not able to assemble the item.
Home_and_Kitchen,5,CG,"Offers excellent performance with its non-stick surface. The cookware heats evenly and is easy to clean. The pieces are a bit heavy, but the quality and durability make them a great investment."
Sports_and_Outdoors,4,CG,Provides excellent support and stays in place during intense workouts.
Kindle_Store,4,OR,I can't believe how gruesome this story is. Oh it's good when it comes from Matt Shaw. I wonder how how you get your ideas for your books. Keep it up!!!
Toys_and_Games,4,CG,Contains everything a young artist needs. The variety of colors and tools is impressive. Keeps kids entertained for hours. Some markers dried out quicker than expected.
Clothing_Shoes_and_Jewelry,5,OR,Beautiful bag for elementary schoold girls. Very nicely made with lot of room and pockets. Great color combinations and material. Looks durable and sturdy. Little girls will love it.
Tools_and_Home_Improvement,5,CG,Reliable performance with good battery life. Perfect for home projects.
Toys_and_Games,4,OR,This was purchased to use as a photo drop. It is a fairly thin material much like a trash bag so not super easy to rip but also has no weight to it to keep it from flying around where it's not taped down. The colors are vibrant and it was a fun addition to the party. The only negative is the holes to put your face in are really too small for an adult so instead of taking pics with the face 'in' the space you have to put your face up to it which takes away a bit but we still had fun with it. I think you could maybe could out the openings so they are a bit larger but I don't know if it'd be worth the effort.
Sports_and_Outdoors,4,CG,"Boils water quickly, efficient fuel use. Compact and easy to pack. A bit noisy but gets the job done fast."
Tools_and_Home_Improvement,5,CG,Brushless motor provides long-lasting power. Ergonomic design makes it comfortable to use.
Movies_and_TV,4,CG,Follows a solo mission with thrilling action and character development. The story is engaging and sets up future adventures well.
Tools_and_Home_Improvement,5,CG,These goggles provide clear vision without fogging up. Comfortable fit and good protection.
Tools_and_Home_Improvement,4,CG,"Powerful and efficient. Handles tough jobs well, though the battery could last longer."
Home_and_Kitchen,5,CG,"Produces excellent espresso with a range of customizable settings. The design is sleek, and the milk frother is a nice addition. It's a bit pricey, but the performance and quality make it worth it."
Pet_Supplies,5,CG,My small dog loves this Royal Canin dry food. It provides great nutrition and keeps him healthy. The kibble size is perfect for small breeds.
Tools_and_Home_Improvement,5,OR,Fit perfectly
Kindle_Store,5,OR,"Talk about a roller coaster ride. In the second book of this duet we follow Matt, Tristan and Thea on a ride of ups and downs that reminded me so much of real life relationships. These three have to deal with some outrageous drama. We find out about new family connections. And watch their love for each other grow and blossom into a beautiful triad. This is an incredible ending for three amazing characters."
Home_and_Kitchen,3,CG,"The Keurig K-Elite offers convenience with its single-serve brewing, making mornings easier. Its strong brew feature and iced coffee setting are appreciated. However, concerns about the environmental impact of K-Cups and occasional inconsistencies in brewing temperature slightly dampen the experience. A good choice for those prioritizing convenience."
Books,5,CG,Hosseini's novel is a poignant and emotionally powerful story of two women in Afghanistan. His evocative writing and deep character development create a compelling narrative that highlights the resilience of the human spirit. It's a heart-wrenching and unforgettable read.
Clothing_Shoes_and_Jewelry,2,CG,"Ballet flats are cute and stylish, but they are very uncomfortable. The fit is too tight and they caused blisters after a short period of wear. Disappointed with the comfort level despite their attractive appearance."
Books,5,CG,Coelho's novel is a beautifully written and philosophical tale about following one's dreams. The simple yet profound storytelling makes it an engaging and uplifting read. It's a book that inspires self-reflection and personal growth.
Movies_and_TV,4,CG,"Relatable college experiences depicted with humor and charm. Characters are endearing, and their antics are both funny and touching."
Clothing_Shoes_and_Jewelry,1,CG,"The watch had a nice design, but the clasp broke within a week of use. The watchband also started to show signs of wear very quickly. For the price, expected much better quality. Very frustrating experience."
Kindle_Store,2,CG,A mediocre story with unremarkable characters. The plot was uninspiring and failed to hold my attention.
Electronics,5,OR,Good product! Like it a lot!
Toys_and_Games,4,CG,"The electric scooter is fun and easy to ride. Battery life is decent, but it's quite noisy. Assembly was straightforward."
Kindle_Store,5,OR,"“It matters not how it seems. All that matters is what is, and I will simply have to deal with whatever that happens to be.” ~ The Artful Dodger (Jack Dawkins) ‘Oliver Twist', Charles Dickens Oliver and Jack, of ‘At Lodgings in Lyme' by Jackie North, flee London, terrified of being caught and hanged. The weather is as miserable as they feel. Finally, Oliver tells Jack they are headed to Lyme Regis, where his family was from, hoping there is someone who can help them. Jack picks the pocket of a wealthy man. With this money, they get food and a roof over their head. The next day, they take a coach to Lyme Regis. Oliver has noticed that Jack isn't himself, but when he asks, Jack makes some excuse but admits he has a horrible headache. When he then throws up on the coach, Oliver realizes the seriousness of his illness. As the coach continues, Jack gets worse. When they stop for a break, they find that the coach doesn't go to Lyme Regis, but the coach driver agrees to stop at the point nearby, meaning they still have a distance to walk, in the torrential rain. By now, Jack is so sick that Oliver practically has to carry him. Oliver needs to find shelter for them, and soon! They come upon a grand house and knock on the door. The butler answers. He is wary of them but calls Mrs. Heyland, who runs the household. Jack explains their shabby appearance by saying he used to be Oliver's manservant but that Oliver has lost his fortune and can no longer pay him. She's skeptical, but Oliver works his charm on her and agrees that it's her ""Christian Duty"" not to turn them away. Jack is put to bed to recover. To pay for Jack's doctor bills, Oliver finds work gutting fish. While there, they enjoy a short respite from the trouble that always seems to follow them. When Jack's condition improves, he works with Oliver. All seems well until Jack is accused of stealing books. Unwilling to be separated, Oliver insists that he is guilty too. The authorities arrest both of them, but instead of going to jail to await trial, they take them to the Axminster workhouse. ‘At Lodging in Lyme' is the second book in the ‘Oliver & Jack' series. It was good to see Oliver and Jack get some peace providing them time to explore their relationship further. In other ways, it made it even harder when that peace was so cruelly taken away. Thanks, Jackie. I'm looking forward to the next book in the series. Originally reviewed at Rainbow Book Reviews."
Pet_Supplies,4,OR,Our dogs eat a super quality dog food with no corn or soy. But they absolutely love these treats. It's the equivalent of junk food and that's ok. The sticks are soft and fragrant. I break them in half and my packs is delighted.
Toys_and_Games,4,CG,Detailed and fun to build. The car looks fantastic on display. Some parts are fragile and require careful handling.
Clothing_Shoes_and_Jewelry,2,OR,To big on top wore anyway cause needed it. Will never wear again
Sports_and_Outdoors,5,OR,Good product!
Home_and_Kitchen,4,OR,"Great sized lunch bag!  I can fit everything in it that I pack for lunch and then some. Only issue is that the interior lining is sewn in wrong and wrinkles and bunches. If you get one without the defect, it is a definite keeper!"
Clothing_Shoes_and_Jewelry,5,OR,"I have gotten a lot of complements on these shirts and Questions about where to purchase them. I love it a ton! It's super soft and comfortable and covers in a very flattering way. I do feel these shirts are a little expensive, but the same time worth it because they made me look good."
Toys_and_Games,2,CG,The track pieces are flimsy and don't stay together well. Cars often get stuck. Overall quality is disappointing for a Paw Patrol product.
Tools_and_Home_Improvement,4,CG,Handles tough jobs well. Durable but a bit on the heavy side.
Electronics,5,CG,"Best value for money with excellent sound quality and durability. The bass is punchy without being overwhelming, and the mids and highs are clear. Very comfortable even for extended use. Highly recommended for both casual listeners and professionals."
Pet_Supplies,2,OR,"Dog loved it, but completely destroyed it in 2 days"
Clothing_Shoes_and_Jewelry,2,OR,Material is thin. Pockets are shallow. Stitched in a way to allow anything in them to slide out while sitting. I washed them so will have to  keep them. They are comfortable and gave two stars for that reason. If you're outside in cold weather you'll need long johns in addition to these. They probably won't take any abuse vey well. Not what I expected.
Electronics,4,CG,"Great fitness tracker with accurate tracking and a vibrant AMOLED display. The battery life is impressive, lasting several days on a single charge. However, the interface can be a bit confusing at times, and it's quite expensive. Still, a great choice for fitness enthusiasts."
Home_and_Kitchen,5,OR,Has all you need but the caps and jars
Clothing_Shoes_and_Jewelry,4,OR,"I love my Levi jeans, I'm 5'2 and 110 pounds and I got size 24. These jeans stretch amazingly and are so flattering. I will say one thing, when I bought the jeans I took a guess on the length, I was given 27s for the length, but again no where did it say it was 24X 27. I still like them. I just wish they were a little longer."
Clothing_Shoes_and_Jewelry,5,OR,I measured and it seems to run a bit small
Kindle_Store,5,OR,"I enjoyed this suspenseful romance about Megan and Tyler finding love through emotional healing. I willingly received, read and reviewed this ARC book."
Clothing_Shoes_and_Jewelry,3,CG,"This bracelet is lovely and looks even better than the pictures online. The gold plating has a nice shine and doesn't look cheap. However, the sizing is quite small, making it difficult to fit comfortably on an average wrist. A bit disappointing considering the quality of the bracelet itself. Would be perfect if it came in a larger size option."
Clothing_Shoes_and_Jewelry,4,OR,"The shirt is cute. Heavier material than a tee. Washes up well, no shrinkage. Arm hole are a little large but it not to big. It will be a good fall shirt. All snd all good buy"
Kindle_Store,5,OR,I do not usually like vampire stories. This was woven together so perfectly. You even love the vampire and realize you do dislike humans. Love that this love endures so much and was there again. Defiantly a story to be read by anyone.
Books,5,CG,"This book offers a profound exploration of the virtues that lead to a meaningful life. Brooks' writing is thoughtful and insightful, encouraging readers to reflect on their own character and the values they prioritize. An inspiring and thought-provoking read."
Movies_and_TV,5,OR,"Informative and tragic. Videos illustrated what really was going on and which section of the venue became the most dangerous place to be and why. I was moved to tears by the survivor stories. It was heartbreaking to watch a standing crowed penned in by non-moving barriers that had a sudden large wave of people rushing into the penned sections with nowhere else to go. The documentary targeted planning errors like the fencing split (aisles for security) and the crowded quadrant where the crowd collapsed. When the event from the 2nd stage finished, concertgoers flooded over toward the main stage. There was nowhere for the crowd surrounded on 3 sides by fences to go, once the pushing surge started."
Electronics,5,OR,Takes a bit to get use to but it's comfortable. Shipped fast. Very pleased
Clothing_Shoes_and_Jewelry,3,CG,"Platform sandals are stylish and look great with summer outfits. However, the straps rub against the skin and cause discomfort after a while. Would have been perfect if they were more comfortable to wear for extended periods."
Tools_and_Home_Improvement,4,OR,"Got this for my daughter for Christmas because she loves mushrooms and needed a new nightlight. Worked for about five minutes. Still works but not very well. Motion sensing, but not very bright."
Pet_Supplies,5,OR,Works great
Toys_and_Games,4,CG,"Great game for younger kids to help them learn comparisons and vocabulary. It's simple but still fun for adults to join in. Cards are durable, but the box could be sturdier."
Movies_and_TV,5,OR,Was easy to rent and watch.  Cute story
Kindle_Store,2,CG,"An overly complicated plot that was hard to follow. The characters were unlikable, and the ending was unsatisfying."
Tools_and_Home_Improvement,5,OR,"Easy install, light weight, sleek. Perfect hallway light for me. Can be used in bathroom, closet hall, very bright white (daylight),  budget friendly, $"
Kindle_Store,5,OR,"This was a wonderful story about friendship, a stalker, an actor, and an autoimmune disease that had impacted the life of Broadway star Rylee.  Her stalker a newspaper writer had imagined in his mind that she was his but it wasn't true. Through the ups and downs of this story she finds true love with her childhood crush and educates the public on her autoimmune disease that affects so many people"
Toys_and_Games,4,CG,Great craft project for kids. The quilt is colorful and fun to make. Tying the knots can be challenging for younger children.
Sports_and_Outdoors,4,OR,This only fits the regular wide mouth cap. It is too short for the flex sip lid.
Sports_and_Outdoors,2,CG,Doesn't provide enough warmth in cold conditions. The fit is also tighter than expected. Disappointed with this purchase.
Tools_and_Home_Improvement,4,OR,"I am a huge fan of vacuum bags! And these are really nice ones. Just wish there were more. It came 4 cloth zipper storage bins with handles which are nice & sturdy and 4 vacuum seal bags (which are nice sealing and good quality). I think depending on what you put in these bags you could easily get 3 vacuumed down bags in one of the cloth zipper storing bins possibly even 4. I used 2 vacuum bags and one of the cloth bins for all my summer pool towels which are pretty good size. And I had plenty of room within the cloth zipper bin for more items which I did put more towels and rugs in it as well. I like that you can keep things (like summer/pool things in this case) all together within the zipper bin. It wouldn't fit under my bed too tall. But it fit nicely in the back of my linen closet stored away until next summer. I'm using the other two raining vacuum bags for seasonal decorative blankets to store away until needed. I will need to order more vacuum bags for the remaining cloth bins. You could just use the cloth zipper bins without the vacuum bags they are nice a roomy and hold quite a bit. Which I may use for random pillows and stuffed animals. I really like the clear window to view what's inside it's a nice perk. I can't say enough about the vacuum bags. There are good ones and not so good ones and these are really a nice quality one. They seal really easily, no struggling to get it to seal and they stay sealed. It's the only reason I took off a star was there just aren't enough included with the amount of zipper bins that hold 2 each."
Pet_Supplies,4,OR,"Squeaker went up in fish so it no longer squeaks. If squeaker was going to come lose, I'm glad it went up in fish so my dog didn't swallow it!"
Home_and_Kitchen,5,OR,Purchased the off white color for a nursery. I was looking for panels that weren't too sheer but just enough to block out some light during naps. This room doesn't get much sunlight but the color brightens the room. Great quality and do not look cheap.
Electronics,4,CG,"Good performance and a stylish design. The cooling system works well, and it's easily upgradable. However, the pre-installed software can be intrusive. A good choice for gamers looking for a reliable mid-range option."
Movies_and_TV,5,CG,Tells a sweet and heartwarming tale with lovable characters and a touching storyline. Perfect for a cozy viewing experience.
Home_and_Kitchen,5,CG,"Provides excellent cleaning performance with a lightweight design. It's easy to maneuver and works well on various surfaces. The battery life is impressive, and it's great for quick clean-ups."
Electronics,5,OR,Well made and works great. I have had this for a few weeks and use it daily. No issues!
Pet_Supplies,2,CG,Feels flimsy and doesn't hold up to regular use. The handle broke after a few weeks.
Kindle_Store,5,CG,"Set in a magical medieval Russia, this story is rich with folklore and enchanting characters. The plot is engaging, drawing you into a world of wonder."
Tools_and_Home_Improvement,5,OR,"Over the past two weeks I have sawed thru hard wood, soft wood, 3"" pvc pipe and a whole list of new construction materials with absolute precision and the understanding that this Dewalt 15 Amp miter saw is the best, ""chop saw"", I've ever used. This thing is a beast on a job site, a heavy and strong built tool from one of the greatest out here. Every type of cut you would need to achieve while framing, every safety feature a professional probably doesn't need but still values and all of the power in this saw for a price that can't be beaten. The build quality is excellent and every small detail, (the texturing on the back plate, sliding plates, highly visible numbers, cut outs on the side for carrying, table ready feet with holes to bolt down) make it clear that this is a tool made for people who value their work by people who understand what work is. Out in the field I work with some of the greatest, most hard working human beings alive and this is a tool worthy of that title and their time! Hands down, best saw I've ever owned."
Clothing_Shoes_and_Jewelry,5,OR,[[VIDEOID:7d6077007c10fabb4bb27b98dca09766]] I bought these to wear underneath my sundresses.  I'm a wheelchair user so I can't cross my legs and I thought these would prevent me from accidentally flashing someone.  They are very comfortable and very stretchy.  They are high waisted and feel like compression wear so I don't have to worry about them sliding down on accident.  They lie flat so they don't mess up the line of my skirt either.
Movies_and_TV,4,CG,"Unique characters and situations make this quirky and relatable. The humor is subtle and clever, ensuring an engaging experience."
Tools_and_Home_Improvement,5,CG,Produces smooth and precise cuts. Lasts longer than other blades I've used.
Home_and_Kitchen,5,OR,Perfect for my round table
Books,5,OR,"I read this in book form years ago, and enjoyed it again on my Kindle Fire pad.  Too bad every one cannot have a love like this."
Tools_and_Home_Improvement,4,CG,Solid construction and good grip. Reliable for heavy-duty tasks.
Toys_and_Games,5,OR,My grandsons had a great time hooking up the other tracks I bought them to this.  This one allows for over and under travel so it added some interest they were needing.  An entirely flat track is boring so including some bridges should always be part of a track system.  They had fun.  It's easy to take apart and store in a plastic bin out of the way.
Toys_and_Games,4,CG,"Simplified version of the classic game, making it perfect for younger players. The colorful board and pieces are engaging. Can be too easy for older kids."
Electronics,3,OR,"I live about 12 miles from downtown Las Vegas. With this antenna I can't receive CBS, PBS and many other channels."
Tools_and_Home_Improvement,3,OR,Thermostat functions fine but is inferior quality compared to the Honeywell Pro Series
Electronics,5,CG,"The Sony WH-1000XM4 headphones are exceptional in terms of noise-cancelling and sound quality. They provide a comfortable fit for long listening sessions. The battery life is impressive, often lasting over 30 hours on a single charge. The touch controls are intuitive and responsive. Connectivity is reliable with minimal dropouts. They are a bit pricey, but worth it for the premium experience they offer."
Books,5,CG,"Noah's memoir is both insightful and entertaining, offering a unique perspective on growing up during apartheid in South Africa. His humor and candor make this an engaging read, filled with poignant reflections and hilarious anecdotes."
Home_and_Kitchen,5,CG,"A fantastic blender for smoothies and small blending tasks. It's powerful, compact, and easy to clean. While it's not designed for large quantities, it excels at quick, single-serving blends. Perfect for those with a busy lifestyle."
Movies_and_TV,5,OR,Liked the movie
Toys_and_Games,4,CG,Buzz is well-made and detailed. Great for Toy Story fans. The wings are a bit fragile and can break easily.
Tools_and_Home_Improvement,4,CG,Ideal for homeowners. Has all the necessary tools for everyday repairs and projects.
Toys_and_Games,5,OR,"Great gift idea for those who are fans of the Orca Killer Whales at any age. It is a large soft perfectly marked stuffed Orca Killer Whale and the eyes on it look so real. Purchased for a birthday gift and they LOVE it!! Thank you Melissa and Doug for having fun merchandise like you have. Thank you Amazon !  I could not be happier with giving this Orca Killer Whale as a birthday gift. AND last but not least and just as important, the Sellers sent it in a box that did not show what was in the box and when it was opened she was SO SURPRISED; so thank you for that. That was awesome, BRAVO!!!"
Home_and_Kitchen,5,CG,"Provides excellent food storage with its stackable design. The lids fit securely, and the containers are easy to clean. Great for organizing the fridge and pantry."
Tools_and_Home_Improvement,2,CG,"Grip is not comfortable, especially for extended use."
Clothing_Shoes_and_Jewelry,5,CG,Swim trunks fit perfectly and are made of high-quality material. They dry quickly and are comfortable for both swimming and lounging by the pool. The design is stylish and the colors remain vibrant after several uses. Highly recommend.
Kindle_Store,3,CG,"Plot is engaging but feels far-fetched. The characters are interesting, though the narrative can be hard to believe."
Movies_and_TV,5,OR,"I really enjoyed this movie. Completely different then most of these types of movies. If you want suspense and a good scare without gore, sex and violence this movie delivers!"
Home_and_Kitchen,5,CG,"Significantly improves air quality while operating quietly. It's easy to set up and maintain, making it ideal for homes with pets and allergies. The filter replacements can be a bit costly, but the benefits are worth it."
Toys_and_Games,5,CG,"This set sparked endless creativity in my kids. They spent hours building various structures. The colors are vibrant, and the bricks fit together perfectly. However, it could use more unique pieces."
Books,5,OR,"In 10 Prophetic Values for Today, James Levesque has written a powerful book covering what he has witnessed is lacking in believers lives right now. He opened up first about how dark the world is becoming. In December 2020, he received a vision from God about how the earth was covered in darkness and he heard a voice from Heaven and it told him how God is going restore His voice upon the earth. He explained the importance of how God spoke the world into existence. We always have that same power available to us from God. He looked at Paul and how he explained to believers the gift of prophecy and how we all desire to hear from God. It's imperative to be actively in God's written word and to living in His presence. The book discussed the power of our words and to watch what we are declaring over our lives. A big scripture to remember is Proverbs 18:21 and this stated that our words are powerful and can bring life and death and a talkative person will suffer the consequences from it. He shared some examples such as if we say we are poor or if we believe that all men are dogs. What we say and focus on and believe determines what will be true. He explained how the devil uses our words against us and how this causes us harm. He opened up about his own declaration he has started with his own family. This stated how we are a leader, head and not the tail, lender, blessed, and how we will make a different in the world. I immensely loved this simple declaration and believed it contains powerful wording and actions to refocus our lives and to transform our lives. He shared how many people will come to him seeking a pastor to help their failing marriage, financial troubles, other issues and he told them to change their words. He has witnessed dramatic changes occur when they focus on the words they are speaking over their lives. I would recommend this life changing book to anyone who is ready to learn about the 10 prophetic values that are about to change your life for the better. I liked how he broke the values down into easy-to-understand language to make it easier for readers. I liked how he explained peace and how we can obtain emotional health. It was shocking to read about all the negative effects happening in the world today: suicide, depression, drugs, and much more. Most of what they are trying to treat is just the symptoms of the issue not the root cause. I thought it was very bold in the way he explained how demons love to torment and how they can be found at the root cause of mental illness. The answer for healing is only discovered in Jesus's blood. My favorite chapter was on power of words and how we can learn to speak words that matter over our lives and others. The declaration is extremely powerful and I believe this will greatly benefit us."
Books,3,CG,"While the novel tackles profound themes of faith and forgiveness, I found it to be overly sentimental and somewhat preachy. The characters lacked depth, and the dialogue felt contrived. It's an okay read, but it didn't resonate with me deeply."
Electronics,3,CG,"Built to be durable and withstand drops, making it ideal for students. Battery life is decent, but the performance is quite underwhelming, struggling with multiple tabs and apps. The display is also subpar with low resolution. It's rugged, but don't expect too much in terms of power."
Tools_and_Home_Improvement,3,CG,Sufficient for home projects but not powerful enough for heavy-duty work.
Pet_Supplies,5,OR,Comfy n cute
Pet_Supplies,5,OR,"Okay, my dog doesn't use it.  Like the scratching post that the cat ignores and then shreds the sofa, my dog will literally sit next to this thing and not even notice that it's there.  But I love it!  It's always a bit cold when you first touch it!  I wish they made shirts out of this material  :) YMMV, but I think some dogs would love this and mine are just weird!"
Pet_Supplies,5,OR,The bags are long. I cut them in half and use my sealer to provide dog treats for guests.
Tools_and_Home_Improvement,3,CG,Decent for light tasks but struggles with tougher materials. Battery life is acceptable.
Clothing_Shoes_and_Jewelry,2,CG,"Birthstone earrings are cute and the stones are lovely, but they feel cheaply made. The posts bent easily and one of the backs broke off. Not impressed with the quality considering the price. Would not recommend for long-term use."
Toys_and_Games,4,CG,The lookout tower is huge and packed with features. Assembly takes time and it takes up a lot of space. Kids love it though.
Clothing_Shoes_and_Jewelry,5,OR,"This Toddler Baby Girl Romper is adorable. The pattern and colors are super feminine and my granddaughter loved the pink tassels. It fit her well but has a little room for her to grow. I believe it came with a head ""scarf"" that matches but my granddaughter won't wear anything on her head. We are so happy with this summer romper. Great product found on Amazon."
Sports_and_Outdoors,3,OR,"It works okay as a shade tent for my toy poodle. It's pretty flimsy and the slightest breeze blows it over. There's nothing to anchor it with, so I need to put weights in it to hold it down. This defeats the purpose. There are no instructions on how to fold this tent, I nearly destroyed the thing trying to figure it out. A few minutes searching the web I found a video from another company detailing the procedure. A good idea in theory, but my dog actually hates going in there, so it was a complete waste of time and money. A few cute pictures, and admiring looks from pet lovers telling me what a great poodle daddy I am, is all I got out of this dollar store special."
Books,3,CG,"While I appreciate Vonnegut's unique style and anti-war message, the non-linear narrative and surreal elements made it hard to follow. It's a novel that might resonate more with others, but it wasn't quite for me."
Pet_Supplies,4,OR,I used this paw balm for long walks with my dog. We like hiking and the paw balm is great after a bath. I apply the thin layer on my dog's paws. The texture is similar to beewax.
Kindle_Store,3,CG,"Psychological thriller with an intriguing premise but overcomplicated plot. The characters are interesting, though the narrative can be hard to follow."
Tools_and_Home_Improvement,5,CG,Consistent and reliable. The brushless motor and compact size are a great combination.
Sports_and_Outdoors,5,CG,"Provide great support and cushioning for long runs. The fit is comfortable, and the shoes are durable. A good choice for both beginners and experienced runners."
Electronics,5,OR,"Great sound , Great price, wonderful purchase."
Sports_and_Outdoors,5,OR,I have been using this product for more than a week and found it is functional and better than I thought. It is easy to assemble and pretty study.
Electronics,1,OR,"Took me a long time to figure out how to mount my camera and this mic on my tripod, watched a bunched of videos online before I could figure it out. Bad design as it pushes my camera to the side and mounts the mic on the tripod. After having figured out the setup, I recorded once, and the voice quality is bad. Haven't used it since."
Tools_and_Home_Improvement,2,CG,Battery life is disappointing. Requires frequent recharging.
Clothing_Shoes_and_Jewelry,3,CG,"Sandals are cute and stylish, perfect for summer. However, they run small and it's recommended to size up. The material is good quality, but the sizing issue is a drawback. Check the size chart before purchasing."
Toys_and_Games,3,OR,"The bag of balloons comes with a straw to use to try to fill these however the flap on the numbered balloons didn't stay sealed for us. We had a fully inflated 7 that barely stayed up after being fully inflated with helium and a 1 that just leaked. These a cheaply made but wherever, you only turn 17 once and my kids didn't really care that they had limp numbers."
Sports_and_Outdoors,5,CG,Provides great protection without being too heavy. Fits well and is easily adjustable. Good ventilation keeps my head cool during climbs. Durable construction gives confidence in safety. A reliable choice for any climber.
Sports_and_Outdoors,5,OR,These are great for working outside in the cold. My husband is a landscaper and he said they keep his feet toasty and warm. We will buy again!
Movies_and_TV,5,OR,"This was well done. Entertaining, thought provoking. A story about how an innocent decision anyone could make can end up going very badly with long term consequences."
Clothing_Shoes_and_Jewelry,5,OR,"I'm a thicker woman and I don't usually even buy bathing suits but I bought this one for a cruise and I loved it! Perfect fit, true high rise bottoms to cover the belly, the top was comfortable. My girls aren't that big but it made them look great lol"
Home_and_Kitchen,5,OR,I use these in my classroom and love them. They are super cute.
Books,3,CG,"Despite its acclaim, the characters felt shallow, and the plot failed to engage me deeply. The prose is undeniably beautiful, capturing the essence of the Jazz Age, but the story left me wanting more substance. Worth a read for its cultural significance, but not my favorite classic."
Sports_and_Outdoors,2,CG,Overheats quickly and doesn't breathe well. Not ideal for active use. Wouldn't recommend.
Kindle_Store,2,OR,"I'll give this book credit, it's entertaining if you don't take it seriously. There are some good points. A fairly standard video game-like system that the world works in akin to an MMO. Familiar types of skills and workings. And the main character gets an interesting set of skills that make him abnormal. There's enough character variety and persona to keep me interested, and the story is whimsical and fun enough. The bad; this is laughably simple in terms of writing. So many rules are broken. I can't count the number of -ly adverbs because there's just too many. The author also has no concept of size. One of the main skills the MC uses is called stone bullet. It's supposed to be a stone that fires, and is roughly eight inches in diameter. That's HUGE. That's not a stone, it's a boulder! Eventually, he goes on to utilize a 1 foot diameter stone and calling it small. For reference, a softball isn't even 4 INCHES in diameter. The story also has many lewd points and overly sexualizes females.  There's also hints towards incest with the MC's younger sister. I'm not sure if I'll read on to book 2 or not. I purchased the entire series due to a recommendation of a friend. I'm not seriously reconsidering that friendship…"
Toys_and_Games,4,CG,"The Rubik's Cube is a timeless challenge. Quality is good, but the stickers wear off with use. Still, a great brain teaser."
Clothing_Shoes_and_Jewelry,5,OR,Nice messenger bag.  This has a good feel to it. I like the design and it seems a good size.  Good for travel or walking around. Nice size compartments for wallets and keys and cellphones I think
Electronics,5,OR,"I purchased this iPad because I did not have the funds at the time to purchase a brand new one, but this renewed iPad is excellent.  I can't tell that it is not new, and it made for an excellent gift for my spouse.  Great choice and I am very pleased.  Also, great shipping time."
Books,4,CG,"Presents a gripping legal drama with well-developed characters and a compelling plot. The courtroom scenes are intense, and the story keeps you hooked from beginning to end. A satisfying read for fans of legal thrillers."
Tools_and_Home_Improvement,5,OR,"I purchased these to replace the lighting in my lighted beer sign and now it looks even better then it did with the old fluorescent lights, and as an added bonus the sign has motion to it now.  I have purchased numerous Govee products, the quality, ease of use for the smart phone app and options are awesome."
Movies_and_TV,4,CG,Bringing all the heroes together made for an action-packed and heartfelt movie. The characters are so well done.
Home_and_Kitchen,5,CG,"Provides excellent durability and versatility. The nonstick surface works perfectly, and the pieces heat up evenly. While they are a bit heavy, the quality justifies it. A fantastic set for any cooking enthusiast."
Clothing_Shoes_and_Jewelry,2,CG,"Skinny jeans look stylish and fit well, but they are quite uncomfortable to wear for long periods. The material is stiff and doesn't stretch much. Disappointed with the comfort level despite the great look."
Sports_and_Outdoors,4,OR,"[[VIDEOID:4fde986c1521135c5851a682f5ae57fd]] This certainly will work for sledding.  It is easy to inflate with large valve.  The bottom added material is a nice touch.  I wish the extra bottom material was rubber instead of vinyl.  Nonetheless, this is a good value and much stronger than you common pool vinyl tubes.  Great design and handles! Trust you found this review honest and helpful:-)"
Clothing_Shoes_and_Jewelry,3,CG,"Maxi dress has an attractive design and vibrant colors, but it runs quite large. Needed to exchange for a smaller size. The fabric is lightweight and perfect for summer. Overall, a nice dress but sizing is an issue."
Home_and_Kitchen,5,CG,"Quiet and effective, perfect for adding moisture to the air. It's easy to fill and clean, with adjustable mist levels. The night light feature is a bonus. Highly recommend for improving indoor air quality."
Clothing_Shoes_and_Jewelry,5,CG,"Cargo pants are both durable and comfortable, perfect for outdoor activities. The fit is great, and the material is strong and holds up well after multiple washes. Plenty of pockets for storage. Very satisfied with the purchase."
Home_and_Kitchen,4,CG,"Provides ample water filtration with a large capacity. It's easy to fill and fits well in the refrigerator. The filter replacement indicator is helpful. A bit bulky, but the convenience is worth it."
Home_and_Kitchen,5,CG,"A game-changer for nonstick cooking. It heats evenly and is easy to clean. The ceramic coating is environmentally friendly and performs well. Though a bit pricey, the quality and performance make it worth the investment."
Kindle_Store,1,OR,"They say that authors should stick to subjects they know. It's quite obvious to me that Robert Dugoni - an author I've genuinely enjoyed - does not know spy craft any better than he knows toddlers. CIA trained story spies don't go around picking bar fights in hostile foreign countries when they're on the job. And you don't have complex conversations with 2 year olds. Given the entire premise of this tale rests on invalidating these fundamental truths, I found this book to not be believable or worthy of embracing that level of ""suspension of reality"". Just not readable."
Pet_Supplies,5,OR,Better than expected...Kitties are happy...
Home_and_Kitchen,5,CG,"Handles blending tasks efficiently with its powerful motor. The glass jar is durable and easy to clean. It's a bit bulky, but the performance makes it worth the counter space. Ideal for smoothies, soups, and more."
Electronics,4,CG,"Solid performance and a good display. The keyboard is comfortable, and the build quality is robust. However, the battery life could be better, and it's on the heavier side. A solid choice for gamers looking for reliability."
Clothing_Shoes_and_Jewelry,2,CG,"Beautiful design, but it tarnishes quickly. The gold plating started to wear off after just a few weeks of wear. Disappointed with the quality considering the price. Needs frequent polishing to maintain its appearance."
Tools_and_Home_Improvement,5,CG,Includes everything you need. Powerful and versatile.
Books,4,CG,"This philosophical novel is a challenging read, but the depth of its characters and the complexity of its themes make it incredibly rewarding. Dostoevsky's exploration of morality, faith, and family is profound and thought-provoking."
Toys_and_Games,5,CG,A fantastic challenge for older kids and adults. The detail and accuracy are incredible. Instructions are clear but expect a long build time. Pricey but worth it for enthusiasts.
Clothing_Shoes_and_Jewelry,2,CG,"Espadrilles are cute and perfect for summer, but they are quite uncomfortable. The material is stiff and the fit is tight. Caused blisters after a short period of wear. Disappointed with the comfort level."
Clothing_Shoes_and_Jewelry,4,OR,"Bought these for my 5 years old daughter who has been begging for Heelys. Since Heelys don't come in her size, we went with this option. I didn't like that you have to slide the panel on the bottom of the shoe to access the wheel, and there's no way for it to tuck back up and have it stay back up unless you slide the panel back over the wheel. They seem a tad cheaply made, panel doesn't slide with ease, plastic seems like it will break in no time. Time will tell if they hold up to somewhat frequent use"
Pet_Supplies,4,OR,I use this on two dogs and a cat. It's great for initial brushing for tangles. Then I use a smaller brush.
Electronics,5,CG,"Perfect for streamers with excellent sound quality and user-friendly software. The build quality is solid, and it integrates well with streaming setups. It's a bit pricey, but the features and performance justify the cost. Highly recommended for streamers and podcasters."
Tools_and_Home_Improvement,5,OR,"[[VIDEOID:bda07c06f03e464c43f6befc8496a]] These are so easy to install. You just peel and stick. It's so nice to not have to drill anything. They're also so easy to use, I hated a different child lock I had that needed a magnetic key to open it. It was so annoying compared to this which us strong enough that you're baby won't open it but easy enough to only need one hand to open"
Tools_and_Home_Improvement,5,CG,"Soft, breathable fabric and fits well. Perfect for work or casual wear."
Kindle_Store,4,OR,"""I am young enough, To know nothing, And desire more.   Yet I am old enough, To know all I need, And realize what I have lost."" This was a beautifully written collection of poetry, allowing the reader a glimpse into the heartache, triumph, bravery and despair that the author, Michelle Sarasin, has experienced. My personal favourite pieces are 'Edge of Darkness', 'Shadows', 'Despair' and 'Shadows of Love'. My motherly heart was broken by 'Without Warning'. ""Love is true in my heart, Lies are the love beheld in yours, Like green grasses under thick snow, I stayed for the winter, In the spring you let me go."""
Clothing_Shoes_and_Jewelry,5,OR,"I have searched for over a year for comfortable, supportive, stylish shoes and have finally found them.  These shoes support the foot but feel like you are walking on clouds.  I can't say enough great things about them.  I ordered 3 more pairs because I have learned the hard way companies discontinue styles.  Order them, you and your feet won't be sorry!"
Electronics,5,OR,"I like these. They seem very sturdy but not yet sure, only used for a week, so far."
Books,4,OR,"When Phoebe Walsh moves to Florida for the summer to prepare her late father's house for sale, she also plans to finish her dissertation. She's turned her lifelong obsession with true crime into a research topic, analyzing the genre for her thesis. With murders, cons, and others crimes always on her mind, she can be forgiven for being less than trusting or thinking Sam, her next door neighbor who keeps strange hours and has a soundproof garage might just be a serial killer. Actually doing any writing may be a challenge as Phoebe stays busy wrangling her always positive but not always responsible little brother, Connor, reconnecting with her childhood best friend, dealing with her complicated feelings about her father with whom she hadn't spoken in years, and evaluating Sam's threat level. Returning to her hometown, though, gives Phoebe a new perspective on her future, her relationships, and the things that truly scare her. I found this book delightful and laughed out loud several times. Phoebe was very relatable to me with her preference for messy buns and leggings. Because I have a PhD, I also empathized with Phoebe's issues with her advisor and struggling to convey her thoughts on paper. As much as I liked Phoebe, I got so frustrated with her, but I appreciated her character arc. Sam, Connor, and Allison were all great characters, too! Though I love true crime, I don't love it as much as Phoebe! She does see the world through a suspecting lens and often discusses cases, many familiar to me. Readers should no that no murders are committed during the book. Alicia Thompson provides content warnings at the beginning of the book, and I'd encourage readers to preview those. I enjoyed this so much, I can even imagine rereading it soon. I'd definitely recommend to romance fans."
Kindle_Store,4,CG,"A letter reveals hidden secrets, leading to a suspenseful and emotional journey. The characters are relatable, and the plot is well-crafted."
Electronics,5,OR,"We really like this projector. It's easy to take with us and set up in different places - we've already used it to watch football games outside and used it for a movie night outside with friends. It does not have direct connection from your phone to the projector itself, but we plug our Roku in the HDMI slot and that worked great!"
Pet_Supplies,5,OR,"Seems comfortable for my dog, and definitely kept her from pulling. Have just received and only walked her once with it. Of course, she didn't like it, but so far I have not let her paw it off. We will see how she does with it. As for this ""no pull head collar"" it is soft material, seems like quality clasps, and works..."
Sports_and_Outdoors,5,OR,"These sweat bands are very absorbent. Unlike many items with elastic as a main component  ... the elastic in these sweat bands maintains it firmness so that the band does not become limp and fall off your head. And ... after washing and drying they maintain their firmness as well. A really good product that is made with superb material that lasts many uses, and washes. I know this because this is my second set to purchase. I didn't wear our the first set ... I lost them."
Tools_and_Home_Improvement,5,OR,Needed something more penetrating than WD40 to loosen and remove a very rusted fuel tank lock ring. This worked amazingly well and simplified a previously impossible task.
Movies_and_TV,2,CG,Moves at a snail's pace with very little happening. Characters are not engaging and the plot is downright boring.
Sports_and_Outdoors,2,OR,"Sturdy but thin because of resistance,  not too bad."
Toys_and_Games,4,CG,"Always a hit at parties. Easy to learn and play. The dry-erase boards work well, but the markers run out quickly."
Clothing_Shoes_and_Jewelry,4,OR,These wear well and are very comfortable. After many outings they proved to be durable as well.
Kindle_Store,5,OR,Wow I didn't see the end coming the way it did. Big surprise of who done it. I have trouble putting the book down and then really regret when its over.
Pet_Supplies,5,OR,works goods
Sports_and_Outdoors,5,OR,"We work as Landscapers. Hot, dirty, sweaty work. We have recently discovered these types of shirts/jackets, and they are so comfortable to work in. Truth be told, they said these shirts were made for Dad Bods. My hubby is not built like that, so we should have sized down. Instead, I got him the medium. It will be fine, he says, but it is difficult to have full range-of-motion in baggy clothes. He will use this for fishing, not working. It's a very nice, well-made shirt. The mesh is a great touch for air movement. So, if you carry weight in your torso, buy your normal size. If you are trim, size down."
Books,5,CG,Frankl's memoir and psychological analysis of his time in Nazi concentration camps is a profound and moving exploration of the human spirit. His insights into finding meaning in suffering are deeply inspiring and thought-provoking.
Home_and_Kitchen,4,CG,"Offers the flexibility of brewing a single cup or a full pot. The programmable features are convenient, and the performance is consistent. It's a bit bulky, but the versatility makes it a great choice for coffee lovers."
Kindle_Store,4,OR,This second chance romance was one that took a long time for these two to get it right! Josie and Maddox have been through a lot. He is grumpy and she is sunshine and she lifts the clouds for him. This angsty romance will have you begging for more. I really enjoyed the story and continue to like the series. Another great read in the series.
Kindle_Store,5,CG,"Interwoven timelines and strong female leads make this a compelling read. The suspense builds steadily, keeping you hooked until the last page."
Home_and_Kitchen,5,OR,I love these towels. They coordinate perfectly with my dragonflies and Monet shower curtain and switch plate cover. The guest bathroom is all ready for visitors.
Electronics,5,OR,This USB flash drive is compact and lightweight but holds 128 GB.  It's relatively inexpensive and convenient. It is easy to use on a daily basis or to have for short work trips.
Clothing_Shoes_and_Jewelry,3,CG,"The jacket is incredibly warm and perfect for very cold weather. The material feels durable and the pockets are well-placed. However, it is quite bulky and makes movement a bit awkward. It's not the most flattering fit, but it does the job in terms of warmth. If you're looking for a sleek, stylish winter coat, this might not be it, but for sheer warmth, it's great."
Pet_Supplies,4,CG,"High quality and my cat loves it. Improved his coat and energy levels. The price is high, but worth it for the benefits."
Home_and_Kitchen,5,OR,I love having this little tabletop fire pit! It's made very well & sturdy of what I'm guessing is concrete & a stainless steel bowl. It comes with the topper in case you want to put something on it like a melter etc. & also comes with the plate like snuffer for putting out the fire when you are done with it! You can use just plain rubbing alcohol (I believe it has to be at least 70%) or you can use the ethanol as well! I have used mine to make s'mores with my granddaughter & it's perfect for it! It would make such a great gift too!
Books,4,CG,"This psychological thriller is a masterclass in suspense and plot twists. The characters are complex and the story keeps you guessing until the very end. Flynn's writing is sharp and engaging, making it a hard book to put down."
Sports_and_Outdoors,1,CG,"Caused blisters after a short hike. The fit is not comfortable, and they don't seem to break in well. Expected better from Asolo."
Clothing_Shoes_and_Jewelry,5,OR,"Fits as expected, good quality."
Movies_and_TV,4,CG,Delivers a heartfelt satire with a mix of humor and poignant moments. The unique perspective on war and innocence is both touching and thought-provoking.
Movies_and_TV,2,OR,"Loved the two essays and other info in the book, but when we tried to load the DVD in our player, we got a message that it was not readable. Immediately after removing the Princess Bride DVD we inserted and played another DVD from my collection which played normally. We sent our first order back to Amazon and got a replacement which performed exactly like the first one! Sounds like a manufacturing defect so we will not be trying to get a third one."
Tools_and_Home_Improvement,4,CG,Perfect for small home projects. Easy to handle but lacks power for bigger tasks.
Sports_and_Outdoors,4,OR,glad they lock on
Books,2,CG,"While the premise is interesting, I found the writing to be subpar and the characters lacking depth. The romance felt clichéd and the plot predictable. It's a phenomenon, but it didn't live up to the hype for me."
Toys_and_Games,4,CG,Timeless design and durable construction. Easy to fold and carry. Provides a smooth ride. The height adjustment could be improved.
Books,4,CG,"Captures the essence of young love with charming characters and a nostalgic 1980s setting. The narrative is heartfelt, though the plot is somewhat predictable. A sweet, touching story that resonates with readers of all ages."
Electronics,1,OR,"I've been around computers and the internet since the early 90's.  Notice that I lost wifi on my deck and decided to get an extender.  Expecting a simple installation as I have done in the past, I plugged it in.  Didn't work out.  Kept trying and trying.  Finally called tech support and the call was in such a noisy environment that I couldn't hear what was being said to me.  I give up!  If I could return it I would, but my window has closed.  Extremely disappointed!"
Pet_Supplies,5,OR,"My minature poodle doesn't care for this dogfood. My dog will generally eat almost anything, but he doesn't like this food very well."
Tools_and_Home_Improvement,4,OR,"I'm using one, and it seems to be filtering the air moving through the furnace pretty well. I checked... it's only been in a few weeks so there is a little dust already. Fits nicely. I replaced my furnace a few years ago so I'm motivated to keep it functioning well. Set a reminder on the phone, and have some extras on hand to you have them when you need them. Happy with this find."
Toys_and_Games,5,OR,It makes GIGANTIC bubbles and the children have so much fun! Easy to mix and hours of bubbles!
Sports_and_Outdoors,5,CG,"Keeps contents cold for hours, even on hot days. Comfortable to carry with padded straps. The zipper is sturdy and easy to use. Ideal for picnics, hikes, and beach days."
Sports_and_Outdoors,5,OR,A Christmas gift for my daughter and loves them
Kindle_Store,3,OR,I don't understand how to ask a question but I got this download for $0.99 and somehow I feel that this is some shortened version of the book. It's nowhere near as long as her other stories. Sorry but I don't know how to ask anybody. The story was her usual good adventure.
Electronics,4,CG,"The Samsung Galaxy S22 is a solid performer with a sleek design and excellent display. The camera system delivers sharp and vibrant photos. Performance is generally smooth, although there are occasional stutters during intensive tasks. Battery life is decent but could be better. The software interface is user-friendly, but some bloatware is pre-installed. Overall, it's a great phone with a few areas that could use improvement."
Books,5,CG,"Set in Nazi Germany, this novel offers a unique perspective on the war through the eyes of a young girl. The narrative style is innovative and the characters are well-developed. It's a gripping, emotional read that stayed with me long after I finished it."
Toys_and_Games,5,OR,"I got this game for my granddaughter for Christmas. After all the gifts were opened, she asked if we could play her new game and I said sure. We read the directions and started playing. Next thing I know more and more family members were joining and I think we had seven people playing. Next thing I know it is almost 1130 at night and we have been playing The game for a good four hours. We had so much fun and laughed so hard. Made for some great family time!"
Movies_and_TV,3,OR,Wasn't that good.
Kindle_Store,3,CG,"Richly atmospheric setting, but the pacing is slow. The characters are interesting, though the plot drags in places."
Electronics,5,OR,[[VIDEOID:34fca6af1a6cf400a4e783ecff45af01]] These are very funny stickers.  Tom is a great actor and I love him as Spider-Man. Many awesome Spider-Man stickers here.  They seem to be pretty sticky and have good adhesion too. Very funny gift to give
Kindle_Store,3,OR,"3 stars This really wasn't for me. I had high hopes and the premise seemed so good. It was kind of boring though.  I thought it was supposed to be funny, yet it felt a bit depressing. Nothing really happened. I'm sure it will have people that love it, just not me."
Pet_Supplies,5,OR,"My dogs are really enjoying this food.  It arrived completely frozen.  I put 6 packs in the freezer and one in the refrigerator.  By the next day, the one in the refrigerator had thawed and was ready for use.  There's a good deal of food in each packet.  I have 2 big dogs, so this food wouldn't be affordable for their primary meal, but I've been mixing it in with their kibble.  My picky dog gobbles down her entire bowl when I include some of this in her bowl.  By mixing a small amount in each dog's bowl, I'm able to able to stretch each pack out for the 5 days that the manufacturer recommends as the number of days this product will remain fresh in the refrigerator. These packets look unpleasant when the food is in the plastic pouch, but once added to the bowl, it reminds me of stuffing and actually looks appetizing.  I'm vegetarian, but I would be tempted to try it myself if I wasn't vegetarian. Overall,  I think this is a good food.  My dogs like it a lot and it makes me happy to feed this food to them."
Sports_and_Outdoors,5,OR,I use this to gain a better grip when play disc golf but I put a bit on a old rag then carry that in a zip lock bag so it's not so messy
Movies_and_TV,5,OR,"The Brits do this stuff way better than us, its VERA, its good, and its fun!"
Clothing_Shoes_and_Jewelry,3,OR,"Thin material, so definitely more of a fall sweater."
Kindle_Store,4,CG,"Humorous take on modern politics and women's issues. The narrative is thought-provoking, though some characters feel one-dimensional."
Toys_and_Games,5,OR,This was really cute.
Books,4,CG,Gibson's novel is an engaging and groundbreaking sci-fi thriller that explores themes of artificial intelligence and cyberspace. The complex plot and richly imagined world make it a fascinating and thought-provoking read.
Toys_and_Games,1,OR,Only one of the flushies is sent not the 5 as shown. Way over priced
Clothing_Shoes_and_Jewelry,4,OR,"So I ordered the biggest size, which based on measurements I knew would be a little -snug-. It's got impressive stretch, very flattering, not transparent at all, BUT it does roll a little during exercise. Now, whether this is because I was pushing the size chart to its very limits, I'm not sure. It made for some cute Insta pics, but it isn't practical to work out in for me (5'3, 155 lbs, 42 chest, 30 waist, 45 hips)"
Sports_and_Outdoors,5,OR,This water bottle is made of durable material. Both the lid and the bottle itself are good quality. I haven't had any issues with the lid leaking or staying on. The straw is a typical water bottle straw made of plastic or silicone. Love this water bottle!
Books,1,OR,"Am about 2/3rds thru this book and really don't understand either the ""selling"" of Keyes as ""the most ambitious and terrifying serial killer in modern history"", or the praise lauded on the author for her portrayal of his story.  Not to belittle the seriousness of the man's crimes, there is nothing particularly instructive about this book - no greater insight into the predator mindset - or no ""record-setting"" numbers of murders.  And except for what I assume is a partial picture of Keyes on the cover, there are no pictures of him.  This is a mediocre story of a less than mediocre human being."
Movies_and_TV,2,CG,Bizarre in a way that wasn't entertaining. Unnerving without a solid plot.
Sports_and_Outdoors,5,CG,Extremely versatile and durable multitool. Has all the essential tools and is built to last.
Movies_and_TV,5,OR,Great movie depicting how Good overcomes evil. It's easy to see Christ portrayed and see the salvation message.
Movies_and_TV,5,OR,One of my favorite animations. Classic
Movies_and_TV,2,OR,"I love Ryan in most of this films. But, this one I felt like he wasn't feeling it. The movie was boring. The acting was bad. It was just bad. Lol"
Sports_and_Outdoors,5,CG,"Easy to set up and surprisingly spacious for one person. Good ventilation and weather resistance. Lightweight and packs down small, making it great for solo backpacking trips."
Pet_Supplies,3,OR,"Dog loved this, but got the treat out, then chewed the treat holding part, so no more treats can stay in."
Tools_and_Home_Improvement,4,OR,Need patience to use on medium size cans
Books,5,OR,This is a beautifully written book about a girl discovering it's great to be you and do things the way God made only you to do! Wonderfully made!
Toys_and_Games,2,CG,The interactive features are limited and not very engaging. The books are expensive and the system is clunky. Would not recommend for older kids.
Pet_Supplies,4,CG,Spacious and well-designed. Easy to clean and my ferret loves it. The cage is quite heavy and difficult to move.
Clothing_Shoes_and_Jewelry,3,CG,"Stylish and fits well, but the graphic started to fade after a few washes. Disappointed with the durability of the print. Would have been perfect if the graphic quality was better."
Home_and_Kitchen,5,OR,"First off ... the second cup doesn't say ""Hello Fall"", it says ""Hello Pumpkin"" - okay by me. These are bit around the size of a tall Starbucks drink. They're realistic, especially for being ""fake"". Adorable for kitchen table, kitchen counter, or book photo decorating. I LOVE them so much; I want to keep them out year-round!! Do wish they had Christmas and summer items too!"
Clothing_Shoes_and_Jewelry,4,CG,"Diamond stud earrings are absolutely stunning and add a touch of elegance to any outfit. However, they feel quite delicate and need to be handled with care. The sparkle is impressive, but the prongs seem a bit flimsy. Overall, a beautiful purchase if treated gently."
Tools_and_Home_Improvement,5,CG,Easy to set up and use. Provides clear and accurate lines.
