title,text,rating,timestamp,item_title,category,label,images
Quality and durability,This is a great belt. My husband loves it,5,05/09/2022 11:43,"CHAOREN Ratchet Belt for Men - Mens Belt Leather 1 3/8"" for Casual Jeans - Micro Adjustable Belt Fit Everywhere",Clothing_Shoes_and_Jewelry,OR,
Difficult to Use,Beam design is hard to read and use accurately. Not user-friendly.,2,13/08/2023 17:29,Park Tool TW-2.2 Beam-Type Torque Wrench,Tools_and_Home_Improvement,CG,
My husband loves the pocket!,"Berne has good products, better than Carhartt in my opinion.  Not because of any political BS just because of price and weight.  Everything from Carhartt weighs a ton to be warm while everything from Berne is light and warm at the same time.  We've worn their winter bibs for years now, and they last much longer. On to the shirts, they are lightweight, warm, and have a handy pocket over the left pec.  These shirts have been through the gauntlet at my house already, and with a little pre treat the stains come right out.  Soft and comfortable which my husband loves!  Berne has a great product.",5,24/09/2022 15:51,Berne Men's Lightweight Performance Sleeveless Pocket T-Shirt,Clothing_Shoes_and_Jewelry,OR,
Lovely Singing Doll,"Anna sings beautifully and my child loves it. The dress is pretty, but the hair tangles easily. Batteries don't last very long.",4,01/03/2024 10:41,Disney Frozen 2 Singing Anna Doll,Toys_and_Games,CG,
Decent bag,I purchased it for my larger bug out set up. So far the quality is pretty good. My only con is that it could use at least a few separate compartments. Overall I would recommend this for anyone who is putting a bug out bag together or even just that avid outdoorsman.,4,08/09/2022 21:49,CREATOR 70-85L Tactical Travel Backpack MOLLE Hiking Bag Rucksack Outdoor Travel Bag for Hunting & Camping,Sports_and_Outdoors,OR,
Printing is too small for 50+ yr olds,"I would think mostly 50 yr olds and above still use paper guide books. This is too small to make it useful for us. It is 5.5"" x 8.5"" and should be 10.5 × 8.5 like other guide books. We are driving and don't need a small book.",2,12/06/2022 19:38,"Moon Michigan: Lakeside Getaways, Scenic Drives, Outdoor Recreation (Travel Guide)",Books,OR,
A good read... trigger warnings beware..,"Overall this was a good story. **some vague spoilers** Some grammatical and writing errors (the wedding scene with the vows), but those didn't bother me enough to affect the story or rating. My issue was with Natalia has lived in hell but the author writes that she is sexually excited by Mikhail when he sexually abuses and rapes her (my personal opinion and belief) in the beginning. That is just not realistic at all. As a sexual assault survivor, you're telling me this girl went through 10x worse things but yet doesn't have the issues I'm still working through and it's been almost 10 years since I survived?? Ignorant and insensitive honestly. Other than that stuff it was a good story that I enjoyed!",4,18/08/2022 22:40,Deceptive Vows: A Stand-alone Dark Mafia Arranged Marriage Romance (Blood and Thorns Book 3),Kindle_Store,OR,
A Fascinating Dystopian Vision,"Orwell's dystopian classic remains chillingly relevant today. The world he creates is terrifyingly oppressive, and his insights into surveillance and totalitarianism are profound. It's a thought-provoking read that leaves a lasting impression.",5,25/09/2023 22:45,1984,Books,CG,
Wow,"This is a very, very hard book to put down. Innocence comes face to face with real evil. I highly recommend.",5,31/08/2022 22:29,"Frozen Past (A Jaxon Jennings' Detective Mystery Thriller Series, Book 1)",Books,OR,
Works okay,It’s somewhat difficult to insert battery,3,08/04/2022 00:35,"2 Pack Battery Tester, Universal Battery Checker for AA/AAA/C/D / 9V / 1.5V Button Cell Batteries",Electronics,OR,
Durable and Reliable,Sturdy construction and good selection of sizes. Perfect for any workshop.,5,27/02/2022 13:01,TEKTON Combination Wrench Set,Tools_and_Home_Improvement,CG,
Fantastic Resort Set,An elaborate and fun set for LEGO enthusiasts. The details and features are impressive. Provides hours of creative play. Some small parts can be easily lost.,5,06/04/2022 22:01,LEGO Friends Heartlake City Resort,Toys_and_Games,CG,
Feature-Rich and Affordable,"Offers a lot of features for its price, including a vibrant display and long battery life. The design is sleek and comfortable to wear. However, the software can be a bit clunky. Overall, a great value for those looking for an affordable fitness tracker.",4,27/05/2023 13:50,Huawei Band 6,Electronics,CG,
Versatile and Reliable,"Handles various cooking tasks efficiently with its convection feature. The digital controls are easy to use, and it heats up quickly. It's a bit bulky, but the performance and versatility make it a great kitchen appliance.",5,27/10/2023 17:55,DeLonghi America Livenza Digital Convection Oven,Home_and_Kitchen,CG,
Overrated Tub,The variety of tools and molds is nice but the dough quality is poor. Dries out quickly and the tub is too small to hold everything. Not worth the money.,2,12/08/2022 07:18,Play-Doh Fun Tub,Toys_and_Games,CG,
Low Quality Tools,Tools feel cheap and break easily. Not suitable for serious work.,2,03/03/2022 18:23,Stanley 210-Piece Mixed Tool Set,Tools_and_Home_Improvement,CG,
Great for Studio Recording,"Excellent sound quality with low self-noise, making it ideal for studio recording. The build quality is solid, and it comes with useful accessories. It's not the best for live performances due to its sensitivity. Highly recommended for home studios.",5,19/01/2024 10:10,Rode NT1-A Microphone,Electronics,CG,
"Good fit, Good colors!","My son doesn't complain at all about these Cotton Day crew socks, and he is quite picky. They're soft and comfortable and don't slide down. They've got a good stretch to them too. We love all the soft and solid colors. I believe they're priced fairly based on the high quality of material. I'd definitely order these again!",5,14/10/2022 08:51,COTTON DAY Kids Boys Fun Novelty Crew Socks Colorful Pattern Design Shark Scull Robot,Clothing_Shoes_and_Jewelry,OR,
Comfortable and flowy,"I like the weight, how flowy, and the pattern. It’s a comfortable dress that I can dress up or just wear around the house depending on what it’s paired with.",5,25/09/2022 23:24,Women Summer Casual Maxi Dress Loose Pockets Short Sleeve Split Boho Dresses,Clothing_Shoes_and_Jewelry,OR,
A Thought-Provoking Exploration,Gladwell's book is a thought-provoking exploration of the power of intuition and snap judgments. His engaging writing and fascinating case studies make it a compelling and insightful read.,4,26/08/2022 11:35,Blink: The Power of Thinking Without Thinking,Books,CG,
Basic but Functional,"This coffeemaker offers basic features and reliable performance. The programmable settings are convenient, but it lacks advanced features found in higher-end models. An affordable option for those needing a straightforward coffeemaker, but don't expect anything beyond the basics.",3,09/09/2022 07:45,Black+Decker 12-Cup Programmable Coffeemaker,Home_and_Kitchen,CG,
I liked it...but...,I like this book but I was not in love with it. It's a decent read but compared to some of pepper pace's previous novels I wasn't wowed. I was happy to read one of her books again and I'm still a fan. I just feel like too much of the story was about the movie and not enough about the couples reality. I also feel that the story ended rather abruptly and I was kind of expecting a little more.,3,24/10/2022 18:11,1954,Kindle_Store,OR,
Comprehensive Kit,Comes with everything needed for DIY projects. Lightweight and powerful.,5,13/03/2022 00:51,BLACK+DECKER LDX120PK 20V MAX Cordless Drill and Project Kit,Tools_and_Home_Improvement,CG,
I just cannot read this book anymore…,This book is so strange and they were times I was reading it I was thinking did this author just write the weirdest most absurd things to see how stupid people would be to keep on reading? Because honestly this book was bizarre and I got to a point where I just couldn’t read it anymore-it was just so screwed up. I don’t know why anybody would enjoy this book. An 18-year-old girl and a 35-year-old man who makes her his sex slave and pays her and she’s going to go to Columbia University it just doesn’t make any sense. I just don’t understand why anybody would even like this book.  He offers to pay her extra to wear a butt plug that has a raccoon tail on it. That was it-couldn’t go any further-it was just so strange.,2,25/06/2022 22:26,Stroke of Midnight: A Cinderella Novel (Cinderella Trilogy Book 1),Kindle_Store,OR,
Good Product,Works as advertised,5,14/01/2023 22:40,Advantage II Large Cat Vet-Recommended Flea Treatment & Prevention | Cats Over 9 lbs. | 4-Month Supply,Pet_Supplies,OR,
A Deep Dive into Cybersecurity,"Mitnick's autobiography is a fascinating glimpse into the world of hacking and cybersecurity. His stories are thrilling and often unbelievable, making for a page-turning read. It's a must-read for anyone interested in the complexities of digital security.",4,02/05/2023 11:34,Ghost in the Wires: My Adventures as the World's Most Wanted Hacker,Books,CG,
Fun but Messy,"Engaging for kids. Quite messy and requires frequent cleaning. Assembly is straightforward, but some parts are flimsy.",3,15/03/2023 16:30,Little Tikes Spiralin' Seas Waterpark Play Table,Toys_and_Games,CG,
Pretty cheap,"We returned. Not good quality, cheaply made.",1,01/08/2022 19:28,Uigos Toilet Paper Holder Bathroom Tissue Holder Paper Roll SUS 304 Stainless Steel Wall Mount Matt Black,Tools_and_Home_Improvement,OR,
Good,Good,5,25/11/2022 01:14,,Movies_and_TV,OR,
Perfect purchase!,This is just what I needed!  It puts out quite a bit of mist.  I would buy it again.,5,16/03/2023 13:10,"Pure Enrichment MistAire Studio Ultrasonic Cool Mist Humidifier - Compact Overnight Operation for Small Rooms, 2 Mist Settings, Optional Night Light, & Auto Shut-Off - For Offices, Nurseries, & Plants",Home_and_Kitchen,OR,
Intense Military Drama,Offers a detailed look into military operations with intense action sequences and well-developed characters. Keeps you on the edge of your seat throughout.,5,02/02/2024 14:12,Avrodh,Movies_and_TV,CG,
Cover Difficult to Remove,"Although I like the cake pan, I cover is stiff and difficult to remove.  You almost have to turn the cake pan on its side which defeats the purpose.  Perhaps the lid will soften and become more pliable after several uses?",3,09/03/2023 12:06,"Farberware Nonstick Bakeware Baking Pan With Lid / Nonstick Cake Pan With Lid, Rectangle - 9 Inch x 13 Inch, Gray",Home_and_Kitchen,OR,
Educational Fun,Great for learning and imaginative play. The building is detailed and well-made. Assembly is time-consuming but the result is worth it.,4,15/09/2023 14:34,Playmobil City Life School Building,Toys_and_Games,CG,
ALL FIVE of my dogs LOVE these,ALL FIVE of my dogs LOVE these,5,13/09/2022 14:11,"DR.PETRA Turkey CHEWKY, Turkey Tendon for Dogs, Rawhide Free Chews Long Lasting, Hypoallergenic Dog Treats, Natural Dog Snack (Ring(Small), 8 Count, 4.24 oz)",Pet_Supplies,OR,
Cosmic Marvel Adventure,A wild Marvel adventure with some amazing visuals. The characters are diverse and the plot has a lot of surprises.,4,21/11/2024 14:29,The Marvels,Movies_and_TV,CG,
Smooth reading. Author goes into too much boring detail sometimes.,Love stories about WW2. Have read se real books. This book is long but too much detail sometimes within the story. Smooth reading.,4,05/12/2022 02:17,The Secrets of Latimer House: An utterly gripping World War Two novel inspired by a true story from an exciting new voice in historical fiction,Books,OR,
didn't really work well mouse was odd,the mouse didn't really work well returned,2,12/11/2022 22:07,"Wireless Keyboard and Mouse Combo - Keyboard with Phone Holder, IVSOTEK 2.4GHz USB Wireless Keyboard Mouse Combo, Full-Size Keyboard and Mouse for Computer, Desktop and Laptop (Black)",Electronics,OR,
Compelling but Flawed,"Compelling narrative with some flaws. The plot is engaging, though some characters lack depth.",3,18/07/2028 11:20,He Started It,Kindle_Store,CG,
as described,as described,5,20/12/2022 18:50,,Pet_Supplies,OR,
Not Fun,The game is chaotic and not very enjoyable. Hard to keep track of the balls and it gets boring quickly. Wouldn't recommend.,2,17/01/2023 16:02,Hasbro Connect 4 Shots Game,Toys_and_Games,CG,
Quirky and Entertaining,"This superhero series is quirky and entertaining with a lot of heart. The humor is offbeat, and the characters are endearing. A refreshing change from the usual superhero fare.",4,06/08/2022 14:16,The Tick,Movies_and_TV,CG,
An Exceptional Tablet Experience,"The Apple iPad Pro is the gold standard for tablets. The display is stunning, with ProMotion technology making everything smooth and responsive. Performance is lightning fast, handling even the most demanding apps and multitasking with ease. The Apple Pencil support is fantastic for creatives. Battery life is impressive, often lasting two days with moderate use. It's a premium product with a premium price, but it delivers in every aspect.",5,12/10/2022 10:20,Apple iPad Pro,Electronics,CG,
Great for Climbing,Comfortable and provides excellent grip. Ideal for both indoor and outdoor climbing.,5,12/05/2023 17:20,La Sportiva Tarantulace Climbing Shoe,Sports_and_Outdoors,CG,
Soft but Pills Easily,"Knit scarf is very soft and comfortable to wear, but it started pilling after just a few uses. Disappointed with the quality considering the price. Would have been perfect if it didn't pill so easily.",2,03/11/2022 13:10,Knit Scarf,Clothing_Shoes_and_Jewelry,CG,
Difficult to Adjust,Difficult to adjust and doesn't fit well. Child seemed uncomfortable during hikes.,2,15/11/2023 15:45,Deuter Kid Comfort Child Carrier,Sports_and_Outdoors,CG,
Great for DIY,Ideal for DIY projects. Powerful and easy to use.,5,04/06/2023 06:22,CRAFTSMAN V20 Cordless Drill/Driver Kit,Tools_and_Home_Improvement,CG,
Dark and Twisty,"Dark narrative with plenty of twists. The characters are well-drawn, though some twists feel predictable.",4,05/08/2029 16:35,Sharp Objects,Kindle_Store,CG,
"A Compelling, Rich Backstory with Fantastic Art","Caleb is my favorite out of the Mighty Nein, so picking up this book was a must. The print and paper are luxurious and vivid, with a thick hardcover that protects the pages inside. His backstory is heartwrenching and haunting with surprisingly steamy moments, and I'm so happy that there is beautiful, expressive art that compliments it so well. I'm so happy with this book, I've read it multiple times since receiving it. My only wish is that it was longer!",5,21/10/2022 17:43,Critical Role: The Mighty Nein Origins--Caleb Widogast,Books,OR,
Too much filler,"80% could have been taken out it would have been easier to read. If there are any other books, I won't be reading them.",1,31/12/2022 12:49,Midsummer Murder,Books,OR,
Top-Notch Running Shoes,"Extremely lightweight and comfortable. Provides excellent support and cushioning, making runs feel effortless. Breathable material keeps feet cool. Stylish design that works well both for running and casual wear. Worth every penny.",5,05/11/2023 06:18,On Cloud X Running Shoe,Sports_and_Outdoors,CG,
"Good Concept, Poor Execution","Integrating Google TV into the Chromecast seemed like a great idea, but the reality is disappointing. The interface is sluggish and freezes often, requiring frequent restarts. Streaming quality is inconsistent, and the remote feels cheap and unresponsive. For the price, the performance issues are unacceptable.",2,10/07/2023 11:45,Google Chromecast with Google TV,Electronics,CG,
Compact Playset,Perfect size for playrooms. The clubhouse is full of surprises and keeps kids entertained. Some pieces are small and can get lost easily.,4,24/04/2022 10:39,L.O.L. Surprise! Clubhouse Playset,Toys_and_Games,CG,
A Modern Fairy Tale,"Gaiman's novel is a charming and whimsical modern fairy tale that blends fantasy and romance. The writing is lyrical and the story is enchanting, making it a delightful read for fans of magical adventures.",5,22/05/2023 13:10,Stardust,Books,CG,
Powerful and Poetic,"Memory, family, and freedom are explored profoundly in this beautifully written book. The magical realism element felt slightly disjointed at times, but the emotional depth and historical insights make it a worthwhile read despite some pacing issues.",4,05/06/2022 09:14,The Water Dancer,Kindle_Store,CG,
This is NOT a winter coat,"This item was completely misrepresented in my opinion. This is more like a long sports jacket, which is silly as opposed to a true wool overcoat. For starters their largest size is still ridiculously small because of course it’s Asian measurements. Secondly, not nearly long enough to be an overcoat and third, not nearly warm enough to be called a winter overcoat, unless you are wintering in the Caribbean. Item arrived, wrinkled as well, and unfortunately, there really is nothing redeeming about this item. I would avoid at all costs and find a better quality product to spend your money on.",1,26/11/2022 17:00,APTRO Stylish French Wool Trench Coat Long Pea Coat Premium Winter Business Suit,Clothing_Shoes_and_Jewelry,OR,
It's a Kindle...,"I gifted my previous one on an overseas trip, so I needed to replace it. Only downside? The previous case is just a smidge too big. Works, but there is movement when accessing the buttons. Some great user experience, ; battery (lasts about a week, with daily use. A3 or 4 days with near constant ( 6-8 hours at least daily), brightness (Day or night, indoors or out no issues reading on matt finish screen), touch screen )is a little weird, but again not sure if it is because of ads/wifi. page-turning is instantaneous), size (fits in most pockets), and weight (easy to hold for long periods of binge reading). Not a fan of ads/wifi chip. Lags when using the web browser of the store. Once all is downloaded is fast enough for me.",5,08/02/2023 23:25,Kindle Paperwhite – (previous generation - 2018 release) Waterproof with 2x the Storage – Ad-Supported + 3 Months Free Kindle Unlimited (with auto-renewal),Electronics,OR,
Heavy and Depressing,Extremely heavy and depressing. Hard to watch and left me feeling down. Not something I would recommend.,2,09/12/2022 16:48,The Underground Railroad,Movies_and_TV,CG,
Reliable and Convenient,"Ideal for making large batches of meals with minimal effort, this slow cooker is reliable and easy to use. The locking lid is a great feature for transportation. Some might find it a bit basic, but its simplicity is part of its charm. Great for busy individuals looking to prepare meals in advance.",4,23/04/2023 15:07,Crock-Pot 6-Quart Cook & Carry Slow Cooker,Home_and_Kitchen,CG,
"Work well for holding the bits, they don't come with the screws to mount them.","These work well for holding the bits. I have these on my other Dewalt drills and have worked well. I gave them 1 star for install because I can't believe the didn't come with the screws, really Dewalt. The other bit holders that I have purchased came with the screws.",3,20/10/2022 19:28,DeWalt Bit Holder for 20V Max DCD980 DCD985 DCD980L2 DCD985L2 # N131745-Pack of 2,Tools_and_Home_Improvement,OR,
Catchy but Repetitive,The Baby Shark doll is fun and the song is catchy. Can get repetitive and annoying for parents. Kids love it though.,3,30/11/2022 09:55,Baby Alive Baby Shark Doll,Toys_and_Games,CG,
Perfect height,We have 12' ceilings in our garage. The garage ceiling is in need of some drywall repair and painting. This is the perfect height and moves very easily. Good value for the money.,5,11/04/2022 01:45,Tri-Arc KDRF107162 7-Step All-Terrain Roll and Fold Steel Industrial & Warehouse Ladder with Grip Strut Tread,Tools_and_Home_Improvement,OR,
Quality product for the price,I’m pleased with the price and quality.,5,21/04/2022 23:23,"PACK 3 Soft Silicone Bands Compatible for Fitbit Versa 2 / Fitbit Versa/Fitbit Versa Lite Adjustable Sport Bands for Women Men Small Large(Without Tracker) (Small, Rose Gold+Black+Wine Red)",Electronics,OR,
Cats like to play and sleep on it,"My cats play with the hanging toys, but mostly sleep on it.  It isn’t heavy enough to stay in place and definitely overpriced.",3,06/06/2022 00:57,"Petstages Nighttime Interactive Quiet Cat Toy, Glow Firefly Mat",Pet_Supplies,OR,
Allows you to do small adjustments with fairly heavy items,"So I saw these in a YT video where these were used to hold up a door and to make small adjustments while the user set hinge screws.  I run into many similar problems when fixing things or making repairs so I made my purchase. This worked really well.  I've since used them multiple times with sheetrock, woodworking, and leveling my garage door while I made adjustments.  These are very helpful when you need that 3rd hand to hold something up just a little while you screw it in.  These devices are very sturdy and don't shift around once there is a little weight on them.  These function similarly to a typical speed clamp.",5,13/12/2022 00:57,"Mtnte Labor Saving Arm 12 Inch Lever Arm Lifter Drywall Lift for Wall Tile Locator, Multi-Function Height Adjustment Lifting Device,Door Panel Lifting Cabinet Jack Board Lifter (2PCS)",Tools_and_Home_Improvement,OR,
Office Life Insights,"Provides insights into office life with relatable characters and situations. The humor is spot-on, making it a great watch.",4,14/05/2024 12:55,Official Chukyagiri,Movies_and_TV,CG,
Blending Excellence,"Handles blending tasks with ease, providing smooth and consistent results. The touch interface is intuitive, and the design is sleek. It's a bit noisy, but the performance is excellent.",5,18/07/2023 12:00,Blendtec Designer Series Blender,Home_and_Kitchen,CG,
Great teaching toy!,"My 2yr old granddaughter loves this, toy, and it really helps her to be more, knowledgeable on all of the things in this book.. The sound are great!",5,28/12/2022 16:02,"LeapFrog Learning Friends English-Chinese 100 Words Book with Learning Activity Guide, Amazon Exclusive (Frustration Free Packaging)",Toys_and_Games,OR,
Beautiful Ring but Stones Fall Out,"The ring is absolutely beautiful and adds a touch of glamour to any outfit. The crystals sparkle brilliantly, and it looks much more expensive than it is. Unfortunately, within a month of occasional wear, a few of the stones have already fallen out. It's disappointing because the design is so gorgeous. If the quality of the setting were improved, it would be perfect.",3,23/07/2023 21:45,Crystal-Embellished Cocktail Ring,Clothing_Shoes_and_Jewelry,CG,
Engaging but Depressing,"Engaging plot with a depressing atmosphere. The characters are well-developed, though the narrative can be bleak.",3,18/09/2029 12:45,Dark Places,Kindle_Store,CG,
Lovely Book!,This is a lovely book full of well explained instructions and fun ideas!!,5,21/09/2022 19:41,"Charming Dolls: Make Cloth Dolls with Personality Plus; Easy Visual Guide to Painting, Stitching, Embellishing & More",Books,OR,
is not made for Kirby vacuum,It’s not made for any Kirby vacuum cleaner,1,17/01/2023 12:48,18 Pack Vacuum Cleaner Dust Bag for Kirby Part# 204814 204811 Universal White Cloth Bags fit Kirby All Generation & Sentria Models and 2 Belts,Home_and_Kitchen,OR,
Great look for your garage.,"I purchased these, and I get compliments all the time. They stick well and look authentic. They are made of a light weight plastic. I just sold the home…would have liked to seen how the finish lasted over time.",5,14/01/2023 21:21,"HardHockall Magnetic Garage Door Decorative Hardware Faux Hinges Handles Hardware Kit, 6 Pieces Garage Door Accents, Color: Black (2pcs Handles+4pcs Hinges)",Tools_and_Home_Improvement,OR,
"Driver is slippery, worse if you hands have any oils at all.","I wanted to like it, but I just can't. Case: The case is nice, it has magnetic sides, though I wish it was a trifold of some sort, as the sides fall off easily. This could be remedies with better magnets. Currently the design of the case while ""cool"" is not very functional. No place for the drive to be protected, see driver below for more. The drive resides in a plastic tube with two rubber plugs. If you lose any of these 3 parts, the drive can not longer be secured. There is no room for the charging cable, and no room for the accessories even the base model comes with. The bit holders are fantastic and should be a model for all other companies. The case has no markings for bit size Bits: So far they seem fantastic, it listed them as magnetic, but I haven't found any that are magnetic on their own. You must use the tool on any bit you want to be magnetic, I found it wore off within 5 minutes and frankly was a bit sad. Bits should be marked clearer, with white enamel paint inside the engraved text. or apply lettering to the case to easily see the size. Driver: Super smooth driver with no grip, high initial torque, enough it can fly out of your hands, or spin small devices out of your opposite hand. There should be some texture or rubberized material to reduce this. Overall there is little power to this driver, screws with heads designed to seat into a enclosures such as hard drive screws, it can barely turn them. Driver also has no protection against pushing both buttons, a simple xor gate would have fixed this. it can be one or the other, not both. This driver has no such luxuries, so hopefully it does not get stuck in your pocket, or something presses against the plastic tube that protects it. Lightly pressing on the tube sides cause it to turn on, if you don't catch it, it will burn up the driver. I thought maybe I could face the buttons to the case to protect them, but lightly pressing still activates it. Final thoughts: It also comes with a small magnetic worktable, sadly it is black and screws are hard to see on it. There is no place on the plastic case for it to even stick too. just another accessory to carry around lose, just like the magnetizing tool, and cable. The case has a giant lettering of CS0233 on it, which is just ugly, and means little to nothing, it also has an even bigger 56+1 with a picture of a bit, again pointless the opposite has a giant logo and a screw and spring on it. The lack of protection on pushing both buttons, the weird out of case holder for the driver that only works if you have 3 pieces to combine is just a bad design. The case could be trifold to protect all bits from falling out, and protect the driver. Case could also use an internal battery you can plug the whole case in with a retractable cable, and dock style charging to the driver. This product is a big expensive for the lack of any decent features. Aliexpress has provided us with much better for a fraction of the cost, and only a small loss in quality.",3,14/01/2023 01:48,"PKEY Electric Screwdriver, Electric Screwdriver Set with 55 Magnetic Precision Bit, Type-C Rechargeable 260mAh Battery, 3 LED Light, Cordless Electric Screwdriver for PC Building, Electronics, Watch",Tools_and_Home_Improvement,OR,
"""Mystery""? ""Thriller""? ….not really.","""Mystery""? ""Thriller""? ….not really. There's extended periods of contrived action - annoyingly told from different aspects of the same situation - but additionally diluted by l-o-n-g descriptions of architecture, scenery, furnishings; reminiscing, back stories  … ad infinitum.. Plus it's another of those books where stone cold killers kill anyone and everyone - except what the author would consider to be good guys and gals … coupled with a series of silly scenarios and contrived situations with - seemingly - the only intent being to increase the word count.",3,20/07/2022 07:25,"Steel Justice: A Jack Steel Action Mystery Thriller, Book 3 (A Jack Steel Thriller)",Books,OR,
Digital Frame,So far we have been trying differnt photos to load. We like the frames décor and picture quality. We may not  be using it correctly yet as it is on all the time (no motion detection. Since its for my mother / grandmother we will need to spend some additional time setting the device up. Will post additional comments as we progress. So far we like this more than an other frame we had.  We are hopeful that we can get a nice suite of photos loaded for my mother  and grandmother that will be easy for her to see and we can update .,5,26/12/2022 14:36,"Nixplay 8 inch Touch Screen Smart Digital Picture Frame with WiFi (W08K), Black-Gold, Share Photos and Videos Instantly via Email or App",Electronics,OR,
Not Very Compressible,Not very compressible and takes up too much space in the pack. Expected better for travel use.,2,22/01/2024 09:05,Therm-a-Rest Compressible Travel Pillow,Sports_and_Outdoors,CG,
Strong and Dependable,Handles tough jobs well but is a bit heavy. Battery life is okay.,4,19/04/2022 06:55,DeWalt DCD985B 20V MAX Cordless Hammer Drill,Tools_and_Home_Improvement,CG,
Convenient and Reliable,A game-changer for baking. It provides a non-stick surface and is easy to clean. No more need for parchment paper or cooking spray. Durable and saves money in the long run.,5,07/09/2023 15:25,AmazonBasics Silicone Baking Mat Sheet,Home_and_Kitchen,CG,
Fascinating Yet Tragic,"Offers a compelling look into the life of Christopher McCandless and his quest for freedom. The writing is evocative, painting a vivid picture of McCandless's adventures and ultimate demise. A thought-provoking read that questions the ideals of adventure and isolation.",4,18/04/2023 18:55,Into the Wild,Books,CG,
Powerful Pet Hair Removal,"Excels at removing pet hair and maintaining a clean home. The design is convenient, and the suction power is impressive. It's a bit heavy, but the performance is unmatched for pet owners.",5,30/07/2023 09:50,Shark NV752 Rotator Powered Lift-Away TruePet Upright Vacuum,Home_and_Kitchen,CG,
Easy to use with the right type of boot/binder.,Easy to use with the right type of boot/binder. Just a begginer and they seemed to work easily. A lot of fun with the first Michigan snow of the year.,5,21/11/2022 00:49,Rossignol EVO OT 65 IFP Positrack Mens XC Skis W/Control Step in Bindings,Sports_and_Outdoors,OR,
Nice fit!,"Comfortable, nice look.",5,30/01/2023 02:26,"Gloria Vanderbilt Women's Amanda Pull On High Rise Jean, California, 16 Petite Regular",Clothing_Shoes_and_Jewelry,OR,
Stylish and Functional,Combines style and functionality with a durable non-stick surface. The cookware heats evenly and is easy to clean. The handles are comfortable and stay cool. A great set for everyday cooking.,5,10/10/2023 12:45,GreenLife Soft Grip 16pc Ceramic Non-Stick Cookware Set,Home_and_Kitchen,CG,
Check the thickness of your wires first.,Didn't realize that some wires are thicker than others.  I was not able to use for intended purposes.,2,05/07/2022 18:31,Octaville Magnetic Cable Clips - Buckle Charger Organizer - Cable Management - Wire Holder Organizer - Cord Management for Small Cables for Office Home(Multi),Electronics,OR,
Comfortable and Effective,Ergonomic design makes them easy to use. High-quality construction ensures they last.,5,14/11/2022 11:51,Wera Kraftform Plus Screwdriver Set,Tools_and_Home_Improvement,CG,
Beautiful and Comfortable,"Beautiful and comfortable, perfect for warm weather. The material is lightweight and breathable, and the fit is flattering. Received many compliments while wearing it. Very happy with this purchase and would highly recommend.",5,30/06/2023 15:25,Summer Dress,Clothing_Shoes_and_Jewelry,CG,
Solid Combo,Great combo kit with reliable performance. Battery life could be improved.,4,01/06/2022 03:24,DEWALT ATOMIC 20V MAX Drill Driver Combo Kit,Tools_and_Home_Improvement,CG,
Compelling and Imaginative,"Weaving together multiple narratives seamlessly, this tale is compelling and imaginative. The characters are richly developed, and the plot is intriguing. A bit complex at times, but it's a rewarding read for those who enjoy layered storytelling.",4,27/12/2022 16:30,The Storyteller,Kindle_Store,CG,
Empowering Journey,Follows an empowering journey with strong performances and thrilling action scenes. The character development is compelling and inspiring.,5,21/11/2024 18:45,Captain Marvel,Movies_and_TV,CG,
Safe and Comfortable,Keeps my dog safe and comfortable during car rides. It's easy to put on and adjust. The straps could be a bit thicker for added security.,4,30/12/2022 22:46,PetSafe Happy Ride Deluxe Car Harness,Pet_Supplies,CG,
Effective and Convenient,"Ensures clean and great-tasting water. It's easy to fill and fits well in the refrigerator. The filter replacement indicator is helpful. While it could filter water faster, it still offers excellent value for maintaining good water quality at home.",4,08/04/2023 10:15,Brita Large 10 Cup Water Filter Pitcher,Home_and_Kitchen,CG,
Artistic Storytelling,"Exemplifies artistic storytelling with unique visuals and a captivating narrative, making it a memorable experience.",5,30/12/2024 11:29,The French Dispatch,Movies_and_TV,CG,
Just got it this morning,"*UPDATE* Delivered Aug 2nd. Today is Aug 11. It will not turn on tonight. I plugged it in and the little light on the front will not turn on to say charging. Shame. I really liked this product. Cannot return cuz threw box away. I wouldn't be upset if it lasted at least a month (for only $6) but dying 2 weeks later, shame. It goes very warm bright to barely on which is what I wanted besides changing to color mode. The instructions are not clear on how to make it change colors. After 30 min of being frustrated, reading what written directions there were, and trying the different taps, I re-looked at it on here thinking maybe I ordered one that didn't change color. Then I saw the video on here and saw the person do something on the bottom to make it change color. The video is dark so I have no idea what she did so I just pressed and double pressed ""places"" on the bottom. It changed color! Ask me to do it again and I'll have no clue what exactly I did to initially change it. So do yourself a favor and watch the video on here. Other than all that, Im satisfied with this for the price. Again, I just wanted something that was very warm bright to barely there and changes color. I don't see a moving sensor on this nor was there a remote controller.",1,03/08/2022 00:22,"LUSCREAL Night Light for Kids, Multicolor & Warm Kids Night Lights for Bedroom, Baby Night Light with 1H Timer & Touch Control, ABS LED Kids Lamps, Nursery Light for Kids Room",Tools_and_Home_Improvement,OR,
Comfortable and Durable,"Comfortable and durable, providing excellent support during workouts. The material is breathable and they fit snugly without being too tight. Have held up well after multiple washes. Very satisfied with this purchase.",5,12/04/2023 07:50,Athletic Socks,Clothing_Shoes_and_Jewelry,CG,
Intriguing but Slow,"Set in a communal garden, the atmosphere is intriguing but the pacing is slow. The characters are well-drawn, though the plot can drag.",3,15/03/2024 14:35,The Girls in the Garden,Kindle_Store,CG,
Overpriced for the Quality,"Stylish design and good noise cancellation, but the sound quality is not on par with other headphones in the same price range. Bass is overpowering, and mids and highs are not well-balanced. Comfort is decent, but they feel a bit tight after long use. Overpriced for what they offer.",3,07/05/2023 16:45,Beats by Dre Studio3 Wireless,Electronics,CG,
Beautiful Moon Tapestry with Rhinestones,"Really nice Moon tapestry, it's even better when you install white christmas lights with it, so you can make it stand out even more and make your area more relaxing, I'm enjoying it, the material its soft and it's very light weight.",5,16/05/2022 12:05,"SUEH DESIGN Sparkling Tapestry with Rhinestones Whale Wall Hanging Fantastic Tapestry for Bedroom, Living Room, Home Wall Room Decor(59in. L x 51in. W)",Home_and_Kitchen,OR,https://m.media-amazon.com/images/I/71q127SK0jL._SL1600_.jpg
Challenging but worth it!,Beautiful glossy picture of the horses.  Nice quality too!,5,23/02/2023 19:20,"Horse Puzzle 1000 Pieces for Adult, Galloping Horses on Beach Puzzle Wildlife, Nature Animal Puzzle as Horse Gifts",Toys_and_Games,OR,
Versatile and Reliable,"Handles a variety of cooking tasks effortlessly. The multiple functions are easy to use, and it consistently delivers great results. It's a bit bulky, but the versatility and performance make it worth the counter space.",5,05/05/2023 17:45,Instant Pot Pro Crisp + Air Fryer 11-in-1,Home_and_Kitchen,CG,
No traditional music notation at all in the book,"If you wanted to learn how to play the guitar and be able to pick up any sheet music and play it, this is not the book for you. Look closely at the picture, these are not music notes. they are different numbers and a special system called tab, which is not traditional music. There's no actual traditional music notation in the book at all. You're not going to learn to read music, you are going to learn something called tab. They have some special thing called tab which requires you figuring out all the little numbers on the different lines and trying to marry that to the guitar and chords instead of just using regular music notes. It's a bizarre strange thing. I don't understand the point, because unless you've got the special little tab notation system for every piece of music on the planet, you're going to be limited until you turn around and learn how to read music. I assume after some time you'll be able to automatically figure out all the little lines - how they correspond, but it just seems adding an unnecessarily complicated step instead of just showing the music notes and teaching people how to actually really read music. The book itself is a typical 11x17 folded in half and saddle stitched, decent quality paper. The contents just are not a match for me. There's really nothing in this book, other than it showing the finger positions for different chords, that I'm finding useful. I'll keep looking for another beginner book that teaches basic guitar with real music notation. I should have looked at the photos closer. I just assumed they would have the real music in here along with this tab thing they're using. At least it didn't cost a lot.",3,12/01/2023 20:59,Teach Yourself to Play Guitar: A Quick and Easy Introduction for Beginners,Books,OR,https://m.media-amazon.com/images/I/61JHGeYZyhL._SL1600_.jpg
Wide,Would work for fat ankles and calves,5,21/02/2023 17:23,ROPER Women's Amelia Western Boot,Clothing_Shoes_and_Jewelry,OR,
I can’t tell a difference…,"I bought this product due to the rave reviews. However, I can’t tell a difference in my dog, before vs after giving my dog the supplement. I’m not saying the product is not a good product,I’m just saying, I did not notice a difference before vs. after the supplement. I’m willing to continue providing my dog the supplement for, maybe 30 additional days to see if there’s a noticeable difference. BTW, my dog loves the flavor. She waits patiently for her scoop at dinner time.",3,03/06/2022 02:17,"The Wolf Child Co. Lion’s Liver and Bone - Multivitamin Food Supplement for Dogs - Organic Lion’s Mane Mushroom, Grass-fed Beef Liver & Bone | Energy, Immune, Brain, Bone & Joint | 30 Day Supply",Pet_Supplies,OR,
Charming Office Romance,Romance in the office is charmingly portrayed with endearing characters and a sweet storyline. Captures the nuances of modern relationships beautifully.,5,15/07/2024 16:33,Please Find Attached,Movies_and_TV,CG,
Thoroughly enjoyed this series,"Often when I read a series, I switch between a couple of different books/authors.  I was so completely involved with this series that I read one book after the other until, before I knew it, I had finished the entire series.  The series ended on a good note however I felt that more could have been written.  I hope the author will consider writing more with these same characters, exploring the next stage in their lives.",5,21/09/2022 04:16,The Incarn Saga Boxed Set: Books 1-4,Books,OR,
Just what I was looking for,"I was looking for a driver, 3 wood, and hybrid cover, and these work great. They look nice, and fit great. They have the long neck to protect the shafts too.",5,05/11/2022 22:13,"FINGER TEN Golf Club Head Covers Woods Driver Fairway Hybrid 3/4/5 Set, Headcovers Men 1 3 5 7 X Interchangeable Number Tag, Fit All Wood Clubs",Sports_and_Outdoors,OR,
Great flip flops,Love the color. Love the fit.,5,09/03/2023 20:14,Billabong Men's Offshore Impact Sandal Flip-Flop,Clothing_Shoes_and_Jewelry,OR,
$99.99????,Why does this book cost $99.99? No paperback book should cost that much.,1,02/04/2022 14:34,Miss Kobayashi's Dragon Maid Vol. 5,Books,OR,
Arrived in perfect condition,Made a great gift for relatives who enjoyed the show,5,11/09/2022 20:10,Avatar: The Last Airbender: The Promise,Books,OR,
Warm and Waterproof,"Keeps hands warm and dry in harsh weather conditions. The fit is snug but comfortable, ideal for winter sports.",5,17/12/2022 08:20,Burton Men's Gore-Tex Gloves,Sports_and_Outdoors,CG,
Really added a bit of luxury to old cabinets with new counters.....1 problem only,"Loved them but the screws were too short for the drawers. they fit the doors, but you'll probably have to go buy metric screws to fit the thicker drawers if you have them.",5,12/04/2022 14:29,Drawer Knobs Brown Grey Marble Crystal Glass Cabinet Knobs Round Drawer Kitchen Cabinets Dresser Cupboard Wardrobe Pulls Handles 4 Pcs 3.5×2.8CM,Tools_and_Home_Improvement,OR,
"Cute, but kind of annoying to put up","The most important thing to report about these cute little lights is that they don't come with any way to affix them to anything. These are meant to be strung on a plant/bush/pole or attached to things using clips or something similar. Several of the flowers had fallen off their bulbs and had to be glued back on as well. They are pretty, and the light they give off is more of a soft pastel vs a bright, neon-y glow.",3,09/11/2022 05:31,Solar String Lights Flower Garden Lights Outdoor Waterproof Fairy Lights Solar Powered Decorative Cherry Blossom for Camping Outside Balcony Yard Porch Patio Christmas Tree 33ft 50 Led Pack 2,Tools_and_Home_Improvement,OR,
Witty and Entertaining,"Depiction of suburban life is witty and entertaining. The characters are well-drawn, though the story lacks depth.",3,18/04/2024 11:50,Other People's Houses,Kindle_Store,CG,
Cap has been decapitated,We have nearly every superhero action figure in the market. My four year old plays with them every day and Captain America is by far the worst one we have and the poorest quality. His head fell off within a couple of weeks and we've glued it back on with special glue and then it breaks off again. My son doesn't even play with it anymore. He gave it a full week and the first time he tried to reintroduce him to the Avengers his head fell off...again. absolute crap.,1,25/05/2022 04:29,"Marvel Avengers Titan Hero Captain America 12"" Action Figure",Toys_and_Games,OR,
garbage,"This really is a lowest common denominator romance novel.  Poorly written, terrible behavior that’s supposed to be tolerated.  It’s sappy and I want my time back.",2,18/02/2023 03:14,The Temporary Wife: Luca and Valentina's Story (The Windsors),Kindle_Store,OR,
Good Graphics,Nice piece of art that you can stick on a metal surface.  Would recommend,5,26/08/2022 03:19,"Magnet Jolly Roger Pirate Flag Magnetic vinyl bumper sticker sticks to any metal fridge, car, signs 5""",Home_and_Kitchen,OR,
Lightweight and Handy,Very lightweight and easy to use. Good for light work but not for heavy-duty tasks.,4,01/04/2023 12:27,Skil 20V 1/2 Inch Cordless Drill Driver,Tools_and_Home_Improvement,CG,
Cute but Not Durable,"Ballet flats are cute and stylish, ideal for casual wear. Unfortunately, the material is not very durable. The soles started to wear out after a few weeks. Would have been perfect if they lasted longer.",3,17/11/2022 14:30,Ballet Flats,Clothing_Shoes_and_Jewelry,CG,
Fantastic for Gaming,"Delivers a smooth and fast gaming experience with its high refresh rate and low response time. The display quality is excellent, and the build is sturdy. However, it's quite expensive and not the best for non-gaming tasks. Great for gamers who want top performance.",4,11/02/2023 13:30,HP Omen X 27,Electronics,CG,
Cute Design but Not Durable,"Tote bag has a cute design, but the quality is lacking. The handles started to fray after a few uses, and the fabric feels flimsy. Disappointed with how quickly it started showing signs of wear. Not worth the price considering the poor durability.",2,10/12/2022 12:40,Women's Tote Bag,Clothing_Shoes_and_Jewelry,CG,
Great product,Like,5,13/01/2023 19:00,2Pack 3.6Ah HPB18 Ni-Mh Replacement Battery for Black and Decker 18V Battery HPB18 HPB18-OPE Compatible with Black Decker Battery 18 Volt Tools A1718 FS18FL Firestorm Cordless Power Tool (Black),Tools_and_Home_Improvement,OR,
A Cornucopia of Emotions,This is a beautiful collection of poetry. - COVID-19 - Gaining and losing friends - Finding joy when things don't work out - Faith - Life,4,23/06/2022 14:19,YOUR WORDS (Your Words collection. Poetry and photography books.),Kindle_Store,OR,
On the 3rd one,"My dog loves this toy but he is a super destroyer, it lasts about 3 weeks",5,14/02/2023 22:57,"ADSDIA Squeaky Dog Toys for Large Dogs/Small Chew Toys/Squeaky Plush Toys/Tough Chewers Toys/Toy Stuffed Dog/Dog Medium Dogs/Large Puppy Small, Medium, Dogs, Green, 5.24x4.53Inch",Pet_Supplies,OR,
Efficient Cleaning,"Provides excellent steam cleaning for hard floors. It's easy to use and heats up quickly, making cleaning effortless. The performance is consistent, and it's great for sanitizing.",5,10/06/2022 09:20,Bissell PowerFresh Steam Mop,Home_and_Kitchen,CG,
Great value,Just the right size,5,11/03/2023 12:55,"TETON Sports Oasis Hydration Backpacks– Hydration Backpack for Hiking, Running, Cycling, Biking, 2L Hydration Bladder Included – Plus a Sewn-in Rain Cover",Sports_and_Outdoors,OR,
Compact and Powerful,Compact size with good power. Great for tight spaces but a bit expensive.,4,14/02/2023 21:43,Bosch 18-Volt Compact Tough 1/2-Inch Drill/Driver Kit,Tools_and_Home_Improvement,CG,
"Way too strong, stopped working after few days",When I bought it the flow was way too strong for my 10gal sponge filter so I used a control valve to slow the release of air and after about a week the whole thing just stopped working. Have used an identical bubbler from Amazon before with no issues but I never had to use a control valve for it so maybe that’s what caused it. I would recommend you don’t buy unless you want a really powerful flow of air bc a control vale seemed to break the whole thing,2,10/02/2023 19:42,"Useekoo USB Aquarium Air Pump, Ultra Durable & Quiet USB Nano Air Pump, Small Air Bubbler for Aquarium Fish Tank with Air Stone and Silicone Tube",Pet_Supplies,OR,
AMAZING!!,"I am not even sure how to describe how much I LOVE The Hunted. I don’t want to pick favorites, because all of the books are so amazing… but if I had to pick- this one would take the cake (probably). If you have not read books 1-4, please pick up The Discovered immediately! You will not regret it. Maggie’s writing is so unique and engaging. You walk away after having read her books and they are so engulfing that you keep thinking about them. They have VERY powerful messages regarding emotional well-being and balance. Her writing is truly beautiful and always leaves you craving MORE. Warning this review contains SPOILERS. This book continues the beautiful world-building that we have grown accustomed to. You get to see Iciera and it is beautiful and so are all of the members of the coven. You truly see what it means for a coven to be in balance and it shows Áine and Daelon can finally see what they are fighting for. You will fall in love with all of the new characters. We get insight into Áine’s and Daelon’s minds… Lucien is not absent from this book and it is ABSOLUTELY DELICIOUS! (He is my favorite, and I am Team Lucien 100%). The ending will leave you desperate for the October release of book 5. This book is amazing.",5,05/07/2022 19:27,The Hunted (The Lost Witches of Aradia Book 4),Kindle_Store,OR,
Mess-Free But Boring,The color wonder feature is nice but the markers are weak. The colors are dull and it doesn't hold my child's attention for long.,2,01/09/2022 22:21,Crayola Color Wonder Mess Free Coloring Kit,Toys_and_Games,CG,
Comfortable and Stylish,Running shoes are both comfortable and stylish. Perfect for daily runs and long walks. The cushioning provides excellent support and the design looks great. Fit true to size. Highly recommend for active individuals.,5,22/02/2024 09:10,Running Shoes,Clothing_Shoes_and_Jewelry,CG,
Great product.,Just get it and don't worry,5,20/06/2022 05:04,"SereneLife SLPAC10 SLPAC 3-in-1 Portable Air Conditioner with Built-in Dehumidifier Function,Fan Mode, Remote Control, Complete Window Mount Exhaust Kit, 10,000 BTU, White",Home_and_Kitchen,OR,
Quality Hammock at Discount Price,"The quality of this hammock appears to be the same as the popular brands that cost significantly more. Zero issues with stitching, weight capabilities, etc. I am hard pressed to understand why anyone would need to pay more",5,18/02/2023 04:09,"Wise Owl Outfitters Camping Hammock - Camping Accessories Single or Double Hammock for Outdoor, Travel Hammock Indoor w/Tree Straps",Sports_and_Outdoors,OR,
Big and Fun,Mighty Lookout Tower is impressive and packed with features. Assembly is a bit challenging and it takes up a lot of space. Kids love it though.,4,26/08/2023 13:09,Paw Patrol Mighty Lookout Tower,Toys_and_Games,CG,
Good information but...,"This is an interesting story and I was glad to get the information but when it was over, I felt like something was missing. ???? So, I'd say, not great but good enough.",4,28/12/2022 18:47,,Movies_and_TV,OR,
Works Wonders on Stains,This stain and odor eliminator works like magic. It completely removes even the toughest stains. The scent is a bit strong but fades over time.,5,13/07/2022 12:47,Nature's Miracle Advanced Stain and Odor Eliminator,Pet_Supplies,CG,
Dated,Listening to a CD of this book was like watching a 1930s movie.  The dialogue is dated.  What would pass as witty cool dialogue for one generation is boring 4 decades later.  Too many suspects are set up only to be knocked down as the killer.  It was difficult to keep track of the suspects and their relationships to one another.,2,23/07/2022 23:16,They Found Him Dead (Inspector Hannasyde Book 3),Kindle_Store,OR,
BEST DOG DIAPERS ON THE MARKET,"THESE ARE PERFECT! Best product on the market I'd dare to say. And I tried a bunch of different ones for my recently adopted 8 year old pup who suffers from extreme anxiety and health issues, and will pee around the house when left out of sight. He has managed to wiggle out of all previously used diapers, his hair is short and slick, and he's just very wiggly :) But these are a life changer, these stay on, absorb all his urine and don't stink until taken off.",5,02/06/2022 23:12,"Grecle Premium Male Dog Wraps - High Absorbency Male Dog Diapers (Pack of 3) - Washable Belly Band for Male Dogs Incontinence and Puppy Training (Seafloor, S)",Pet_Supplies,OR,
Convenient for Running,Holds essentials without bouncing. Adjustable strap ensures a comfortable fit during runs.,4,23/07/2022 07:25,Nathan Hydration Running Belt,Sports_and_Outdoors,CG,
Impressive Insulation,"Items stay cold for days, even in hot weather. Build quality is top-notch and the capacity is just right for a weekend trip.",5,14/08/2022 10:20,YETI Tundra 45 Cooler,Sports_and_Outdoors,CG,
It is indeed very warm.,"This is an exceptional poncho per my wife who wears it, very warm and comfortable.",5,03/12/2022 16:09,"Ponchos for Women, Womens Ponchos and Wraps Winter Retro Stylish Poncho Shawl for Women",Clothing_Shoes_and_Jewelry,OR,
Utter CRAP...,If there was a way to give this stinking pile -1 stars that would be the rating. I borrowed this book from KU because it came up when searched for 'Disaster Fiction'.  Two thirds of this book is a really bad dime store romance novel.,1,02/05/2022 23:46,Meltdown,Kindle_Store,OR,
Cosmic Marvel Journey,"Embarks on a breathtaking visual journey with complex characters and an engaging plot, a must-watch for superhero fans.",4,19/04/2024 08:47,Eternals,Movies_and_TV,CG,
Modern Convenience,"Offers convenience and modern design. The touchless feature works flawlessly, and the faucet itself is sleek and stylish. Installation is straightforward, though it requires some adjustments. A great upgrade for any modern kitchen.",5,17/03/2024 12:10,Moen Arbor Motionsense Wave Touchless Kitchen Faucet,Home_and_Kitchen,CG,
"Excellent Sound Quality, Complex Interface","Excellent sound quality with a detailed and rich audio experience. The build quality is premium, and it supports a wide range of audio formats. However, the interface can be quite complex and not very user-friendly. It's a great choice for audiophiles who are willing to navigate its complicated system.",4,12/02/2023 10:30,FiiO M11 Plus Music Player,Electronics,CG,
Beautiful Earrings,Earrings are absolutely beautiful and elegant. Perfect size for both everyday wear and special occasions. The pearls have a lovely luster and the studs are comfortable. Highly satisfied with the purchase.,5,14/01/2024 17:00,Women's Pearl Stud Earrings,Clothing_Shoes_and_Jewelry,CG,
Nice Flannel!,I ordered a large and fits a little big but will be fine wearing it open. Thought it was going to be more pink but it's more Peach color but still pretty!,5,29/01/2023 02:38,Jug&Po Womens Flannel Shirts Cuffed Long Sleeve Plaid Loose Fit Button Down Shirts Blouse Tops,Clothing_Shoes_and_Jewelry,OR,
Pj,Good quality,4,19/06/2022 17:12,Schmoopy Boys Dinosaur Pajamas Size 2-12,Clothing_Shoes_and_Jewelry,OR,
Small Carrier.,"I didn't like how My toy poodle, didn't fit comfortably in this carrier, unfortunately I am not able to return the money, so I just loss my money on something that my fur baby can't use. I do wish I could get a refund for this. I did measure to see if it would work however, the measurements were wrong on here.",2,06/10/2022 22:22,"ARTLINE Fashion Dog Purse Carrier for Small Medium Cat, Airline Approved PU Leather Tote Bag for Women, Travel Mesh Under Seat Handbag to Carry Puppy Rabbit Yorkie Doggie, Black",Pet_Supplies,OR,
"Sleek and Powerful, But Pricey","The Dell XPS 13 is a premium laptop with an impressive display and robust build quality. Performance is top-notch, handling multitasking and professional software effortlessly. The keyboard and trackpad are excellent, making it a joy to use. However, the battery life could be longer, and the price is on the higher side. It's an excellent choice for professionals who need a reliable and powerful machine.",4,07/09/2022 11:15,Dell XPS 13,Electronics,CG,
Simply fantastic,Possibly the most fun of all the Spider-Man movies ever made.,5,20/02/2023 13:33,,Movies_and_TV,OR,
Inconsistent Quality,"Bits are of inconsistent quality. Some work well, others break easily.",2,22/08/2022 18:35,TEKTON 2830 Everybit Tech Rescue Kit,Tools_and_Home_Improvement,CG,
Witty and Delightful,"Collaboration between two iconic authors, this book is witty and delightful. The characters are charming, and the story is both humorous and engaging.",5,10/12/2023 15:10,Good Omens,Kindle_Store,CG,
Dog ignored it,Dog did not find it interesting. Walked away from it immediately.,1,04/01/2023 17:01,Pet Qwerks Talking Babble Ball - Interactive Chew Dog Toy - Large,Pet_Supplies,OR,
A Modern Classic,"This novel is a beautifully written and imaginative story of survival and faith. Martel's narrative is both captivating and thought-provoking, blending adventure with philosophical musings. It's a unique and unforgettable read.",5,02/08/2023 18:40,Life of Pi,Books,CG,
Cultural Epic,Offers a cultural epic with stunning visuals and powerful performances. The narrative is compelling and resonates deeply.,4,05/11/2025 18:23,Mulan,Movies_and_TV,CG,
Reliable Running Watch,Tracks all essential metrics accurately. Comfortable to wear and the battery life is impressive.,5,22/01/2023 10:20,Polar M430 GPS Running Watch,Sports_and_Outdoors,CG,
Great Camping Lantern,"Bright and long-lasting, perfect for camping trips. Lightweight and easy to hang in tents. Battery compartment can be hard to open.",4,15/05/2023 18:40,Great Camping Lantern,Sports_and_Outdoors,CG,
Excellent Performance with Some Flaws,"Delivers excellent gaming performance with smooth and fast gameplay. The design is sleek and visually appealing. However, battery life is quite poor, requiring frequent charging even with light use. Additionally, it's quite heavy, making it less portable. Despite these issues, it's a strong contender for gaming enthusiasts.",4,25/02/2023 18:45,Alienware m15 R6 Gaming Laptop,Electronics,CG,
Cheap Build,Feels cheaply made and not durable. Flex shaft is not smooth.,2,25/06/2023 00:30,GOXAWEE Rotary Tool Kit with MultiPro Keyless Chuck and Flex Shaft,Tools_and_Home_Improvement,CG,
Natural Chew Toy,My small pets love chewing on this. It looks nice in their habitat. The pieces are quite small.,4,07/09/2022 18:16,SunGrow Natural Cholla Wood,Pet_Supplies,CG,
Magical Secrets Unveiled,Unveils some magical secrets with a story that's rich and visuals that are stunning. The characters' journeys are really emotional.,4,09/08/2025 15:55,Fantastic Beasts: The Secrets of Dumbledore,Movies_and_TV,CG,
Overheats Easily,Heats up quickly and becomes hard to handle. Not ideal for continuous use.,2,16/08/2023 10:40,DeWalt 20V Max XR Oscillating Multi-Tool,Tools_and_Home_Improvement,CG,
Party Game Hit,Perfect for large gatherings. The game is easy to understand and quick to play. The humor and illustrations are a big plus. Some might find it a bit chaotic.,4,19/07/2023 17:21,Exploding Kittens Party Pack Game,Toys_and_Games,CG,
Historical Prequel,"Adds depth to a beloved series with well-developed characters and an intriguing, entertaining plot.",5,21/11/2024 18:45,The King's Man,Movies_and_TV,CG,
Intense Thriller,"Offers an intense thriller with a fast-paced plot and standout performances. The tension builds masterfully, keeping you on edge.",4,04/04/2025 10:39,Uncut Gems,Movies_and_TV,CG,
"Quarters do not fit tightly, fall out",I'm not sure why they would make the slots bigger than quarter sizes so they fall out.  As soon as you try to close the book they fall out. Not cool.,1,08/03/2023 13:08,Quarters Collector's Maps Value Pack (Set of 2),Books,OR,
Killer marketing,Seems legit. 5% minoxidil,5,24/12/2022 03:10,16 PCS Frozen Snowflake Wand Silver Snowflake Magic Wand Snowflake Theme Winter Wand Princess Wand,Toys_and_Games,OR,
Adorable,Adorable as a gift,5,24/06/2022 21:14,ZaH 3D Coffee Mug Cute Animal Inside Cup Cartoon Ceramics Figurine Teacup for Boys Girls Kids - Party Office Morning Mugs for Tea Juice Milk Chocolate Cappuccino (8 oz Duck),Home_and_Kitchen,OR,
Love letter to all things Lucio Fulci,"An homage is tough to pull off, especially when you announce your intentions up front.  Nightmare Symphony (2020) is not just a love letter to all things Lucio Fulci - the Italian director whose biggest success came during a particular gore drenched string of international hits during the ‘80s – but a reboot of one film in particular:  Cat in the Brain (aka Nightmare Concert) which took an autobiographical approach to tell a behind-the-scenes horror story of a director suffering a creative crisis. In Nightmare Symphony, Frank LaLoggia (director of Fear No Evil and Lady in White) plays a fictionalized version of himself, just putting the finishing touches on his new film.  But his arrival in Italy is marred by the vicious murder of his female star, poor feedback from his collaborator and outrageous demands by his producer.  His only lifeline is Isabelle (Antonella Salvucci), editor and ex-lover, who attempts to talk Frank down from the creative cliff.  But the murders continue, targeting the very troublemakers who have been sabotaging the project, causing Frank to question his own motivations…and sanity. Full of Fulci references and past collaborators (screenwriter Antonio Tentori, who plays himself, wrote the original A Cat in the Brain in 1990) there’s certainly no doubt the co-directors Domiziano Cristopharo and Daniele Trani are huge fans of the genre.  And with very limited resources they’ve managed to tell a competent – if familiar – story that reflects the horrors of the loss of creative control.  LaLoggia, who bears a striking resemblance to Paul Giamatti, deserves particular credit for pulling of a great bit of non-acting as the director struggling to recover his mojo. But for a film built around the giallo format, Nightmare Symphony gets the pacing all wrong.  Opening with a drawn-out torture sequence full of cool blues and scarlet blood, the film is so enamored with the mechanics of it all, it forgets to add the suspense.  Subsequent killings revel in the same cut-rate make-up effects, but are almost completely bereft of the visceral impact Fulci managed to achieve.  Nightmare Symphony is a plagiarized love letter to Italian cinema that’s all style but no heart. The Blu-ray release features a pair of interviews and behind-the-scenes reel, along with a chapter-based copy of the score, with a killer main title theme from Fabio Frizzi.",2,08/01/2023 18:53,Nightmare Symphony (Special Edition) [Blu-ray],Movies_and_TV,OR,https://m.media-amazon.com/images/I/71ZbDC1RI7L._SL1600_.jpg
Unforgettable Story,"This novel is a richly detailed and engrossing story about loss, survival, and the transformative power of art. Tartt's writing is exquisite, and her characters are deeply compelling. It's a long read, but worth every page.",5,23/01/2023 11:18,The Goldfinch,Books,CG,
"Classic Design, Amazing Sound","Classic design with amazing sound quality. The bass is powerful, and the mids and highs are clear and well-defined. It's quite loud and can fill a large room easily. Build quality is excellent, and it's very easy to use. Highly recommended for any music lover.",5,15/06/2023 12:20,Marshall Stanmore II Bluetooth Speaker,Electronics,CG,
Block out the sun!,I like that there’s no cord. You just pull the blind up or down from the bottom. Know your size before you buy.,5,27/07/2022 12:27,"Ben&Jonah Simple Elegance Cordless Amancer Collection 1"" Light Filtering Mini Blind 23"" L x 42"" W - White",Home_and_Kitchen,OR,
They fit!,"All I cared about is, they fit. I wear a size 12 shoe and socks are always too tight on me. These aren’t. Finally!",5,29/08/2022 02:37,Hanes Men's Big & Tall Cushion Ankle Socks 6-Pack - Shoe Sizes: 13-15 - White,Clothing_Shoes_and_Jewelry,OR,
Good for Light Tasks,Suitable for light tasks around the house. Not powerful enough for heavy-duty work.,3,06/04/2022 23:26,BLACK+DECKER LD120VA 20-Volt Max Lithium Drill/Driver,Tools_and_Home_Improvement,CG,
Beautiful Color,"I got these for myself but quickly realized they were meant for my daughter when I saw the color in person. These are a gorgeous green color and mildly transparent. The shape of these are awesome. I collect vintage glasses and I have a ridiculously large collection and these fit right in with my authentic ones. I really recommend these, they're light weight, comfortable, stylish, beautiful color and block a lot of light.",5,28/12/2022 19:18,SOJOS Retro Oversized Square Sunglasses Womens Vintage Shades Large Sun Glasses Trendy Bold Designer Sunnies SJ2256,Clothing_Shoes_and_Jewelry,OR,
Let them jump,"It was very easy to put together and very sturdy while my kids jump on it. The handlebar is a great addition to help keep kids balanced. The foam around the bar is thick enough to prevent any bruises or injuries. There's just enough space to have one kid to be jumping at a time. Two kids there, even two small kids, will get a little crowded. It's not very heavy for teenagers or adults to move around but if you move it and it falls on your foot you'll feel it so wear shoes when moving. Overall a great product for kids and a great way to get them tired out. It is a great gift for any child and for the perfect price",5,23/08/2022 14:08,"ALTLER 36-Inch Kids Trampoline for Toddlers, Portable Recreational Children with Handle and Safety Padded Cover, Mini Trampoline Indoor or Outdoor Jump Sports, Max Load 220 LBS, Blue",Sports_and_Outdoors,OR,
Efficient Juicing,"Extracts juice efficiently with its powerful motor. The design is sleek and modern, and it's easy to clean. A bit noisy, but the performance is excellent for the price.",4,22/02/2023 11:10,Breville BJE430SIL Juice Fountain Cold Centrifugal Juicer,Home_and_Kitchen,CG,
Kitty Disneyland,"My kittens absolutely love these toys. They have been playing enthusiastically since I opened the package. The favorite of all the toys, is hands down, the tunnel. The spend hours creeping up on each other and just enjoying hiding and playing. I highly recommend this bundle of smiles.",5,13/09/2022 20:26,"ANJIME 32 PCS Cat Toys Kitten Toys, Variety Catnip Toys with Rainbow Tunnel Interactive Cat Feather Teaser Fluffy Mouse Crinkle Balls Spring Toy Set for Cat, Kitty",Pet_Supplies,OR,
A Chilling Thriller,King's novel is a chilling and suspenseful thriller that keeps you on the edge of your seat. The claustrophobic setting and the intense psychological tension make it a gripping and terrifying read.,5,20/10/2023 21:15,Misery,Books,CG,
Not worth the money,This was loved for a short time as it got a hole within and hour of setting it up.  Would not recommend this at all  and for the price.,2,05/08/2022 01:47,"Splash Sprinkler Pad for Dogs - 59"" Thicken Dogs Pet Swimming Pool Bathtub, 2023 New Packaging Pet Summer Backyard Playset & Water Toys, Gift for Dogs (59"",Blue)",Pet_Supplies,OR,
Instructions would have helped but good after I did,"I was about to return since there was no instructions on how to reset the lock with new combo. But once I figured it out it’s fine. There’s a little button in the bottom, you need to push and set new combo to set. It’s not super secure, I’m just using to lock up a case for airport checkin luggage.",4,04/08/2022 21:38,"4 Pieces 3 Digit Combination Lock Wire Stroller Waterproof Padlock Cable Locks Lightweight Locker Lock Flexible Gate Lock for School Luggage Helmet Gym Fence Door Sports Bike (Black, Silver)",Tools_and_Home_Improvement,OR,
The worst!,This is the worst hay I have ever purchased! It is bone dry and more stiff than straw. It pokes like needles and is also extremely dusty. The worst quality ever! Total waste of money 😡,1,22/01/2023 19:27,"High Desert 2nd Cutting Timothy Grass Hay for Guinea Pigs, Rabbits, and More Small Animal Pets",Pet_Supplies,OR,
Powerful and Lightweight,"Provides excellent cleaning performance with a lightweight design. It's easy to maneuver and works well on various surfaces. The cord length is sufficient for most tasks. A bit noisy, but the performance makes it worth it.",5,12/11/2023 09:55,Shark Rocket DuoClean Ultra-Light Corded Bagless Vacuum,Home_and_Kitchen,CG,
Average Performance,Decent for light tasks but struggles with tougher materials. Battery life is acceptable.,3,24/09/2022 15:43,CRAFTSMAN V20 Cordless Drill/Driver Kit,Tools_and_Home_Improvement,CG,
Lid is too big,"It's a fine enough little stovetop kettle, gooseneck doesn't leak and thermometer seems accurate. But the lid is a tad too big. Hard to put on when the pot is cold, and next to impossible to remove when the pot is hot. I now just prop the lid into place, so I'm making do ok. But I wouldn't buy the same one again.",3,29/10/2022 01:18,"Pour Over Coffee Kettle with Thermometer for Exact Temperature 40 fl oz - Premium Stainless Steel Gooseneck Tea Kettle for Drip Coffee, French Press and Tea - Works on Stove and Any Heat Source",Home_and_Kitchen,OR,
Easy install..,This was the easiest and simplest thing to install and I use it in my kitchen so when somebody walks into the kitchen and they get a nice low light. It works beautifully the only thing I find annoying is having to charge it. And that’s just me I have so many things that I have to keep charge and it makes me crazy. But it works beautifully and I love that you can adjust the kind of light you want with it be bright white warm white. It was worth buying.,4,05/11/2022 12:11,"Homelife LED Motion Sensor Bars Lights, 20LEDS Wireless Under Cabinet Lighting, LED Closet Lights, Build in Rechargeable Battery, Stick-on Magnetic Motion Sensor Light Indoor for Kitchen, Stairway",Tools_and_Home_Improvement,OR,
Weak Performance,Lacks the power needed for tougher jobs. Only suitable for light tasks.,2,07/01/2023 11:48,Bosch PS31-2A 12-Volt Max Drill/Driver Kit,Tools_and_Home_Improvement,CG,
Perfect fit but pricey,"If your Trane hvac unit came with this filter you have little choice but to use this as the oem filter replacement to be sure dust will not leak past  a cheaper I’ll-fitting filter. This vendor sells the filter at one of the lowest prices on the internet, but it is  still expensive. Assembly was not that easy being the first time for me and there is no YouTube how to assemble it video. Once assembled it fits perfectly.",5,04/07/2022 05:55,"2-Pack MERV 11, OEM Trane FLRQB5FR17M11 TFM175B0FR0 - QuikBox Replacement Media Filter 16.7"" x 26"" x 4.7""",Tools_and_Home_Improvement,OR,
Silly and Forgettable,Premise and characters were not engaging. Not worth the watch.,2,30/09/2022 14:23,Fairfax,Movies_and_TV,CG,
Flimsy and Cheap,"Fashion sunglasses looked great online, but in person, they feel flimsy and cheap. The lenses scratch easily and the frames are not sturdy. Very disappointed with the quality. Not worth the price at all.",1,14/07/2022 15:35,Women's Fashion Sunglasses,Clothing_Shoes_and_Jewelry,CG,
Frustrating Ads and Poor Performance,"Constant ads on the home screen make the user experience frustrating. The remote is unresponsive, and the device often lags, especially with higher resolution content. While the range of channels is good, the overall performance is poor. Not worth the frustration.",1,22/01/2024 16:30,Roku Streaming Stick+,Electronics,CG,
What a strange and wonderful little film..,Impossible to describe without sounding insane. This was a heart warming little movie. We loved it.,5,09/10/2022 18:59,,Movies_and_TV,OR,
Efficient Coffee Maker,"Brews coffee quickly and tastes great. Easy to clean and looks nice on the counter. Slightly noisy, but overall very efficient.",4,25/10/2022 16:50,Efficient Coffee Maker,Sports_and_Outdoors,CG,
Detailed but Fragile,Looks great. Quite fragile and pieces fall off easily. Assembly is time-consuming.,3,14/02/2024 07:16,LEGO Jurassic World Indoraptor Rampage at Lockwood Estate,Toys_and_Games,CG,
"Really, really dislike the hero","If I thought my 1-star review would hurt Jennifer Peel's rating on this one, I wouldn't write it, since I like when authors write in new genres, and I like her! Since this book's ratings will stay at about 4.5, I feel OK about saying that I COULD NOT STAND this hero. SO BAD.  (mild spoilers): Rowan is ridiculously horrible, with no real justification. He knows he needs an heir, he tells her he won't force her and that someday she will ""beg"" for his attentions, and then he is inexplicably horrible. Refuses to show her respect in front of his people, determined to ""break"" her (why?? how does he think this will help him get an heir??), refuses to give her proper clothing and then when her death is imminent is somehow furious that she doesn't immediately put on the clothing he ordered, is shocked that she has been abused by his mom (though apparently he was watching the whole time?), and is a complete jealous creep when any man shows her kindness. By the end of his unexplained (or really dumbly explained) awfulness, I felt sick at the idea that she might ever like him. In fact, when he says ""I'm unworthy of you"" suddenly I had the hope that she was actually meant for Merek! No such luck, at least so far. A few other things that were hard to swallow: she's so desperate to have a name, he finally says, ""you can choose your own name!"" and then she just....doesn't seem to care about it enough to do it. She's supposedly strong, but the book is full of gratuitous examples of her failing, physically. Just a LITTLE success in this area would have made her a much stronger character. (for a great example of this, I would recommend the Lachlann Feuds series. Much healthier enemies-to-lovers storyline)",1,07/05/2022 05:58,The Queen With No Name (Return of the Ancestors Book 1),Kindle_Store,OR,
I love this blanket,"I have had a lot of blankets - Sherpa, fleece, weighted, heated, travel blankets and snuggies. I love this one more than all of them combined. I don’t remember the last time I loved a purchase as much as I love this blanket. It has everything. Sleeves aren’t heated but they’re super warm. The Sherpa lining is so fluffy it is instantly warm on your skin. The heating is magnificent, warm and even without hot spots. The heating even extends to the foot pocket so your feet stay nice and toasty. The controller is great, with 6 heating levels and 4 timer options. I love that the time options range from 2 hrs to 10 hrs. I hate when a blanket has a short time-out and you’re stuck turning it back on all the time - not this one. The nice warranty is icing on the cake.",5,03/11/2022 02:28,"Westinghouse Wearable Heated Poncho Throw, Hoodie Blanket with Pockets, Heated Blanket Wrap Shawl for Office & Women, 6 Heating Levels & 2 to 10 Hours Heating Time Settings, 50 x 60 Inch, Beige",Home_and_Kitchen,OR,
Excellent Stabilization,"Features excellent stabilization and a robust build. The image quality is great, and the autofocus is quick. It's lightweight and portable, but the battery life could be better. A solid choice for those looking for a versatile camera.",4,10/06/2023 09:50,Olympus OM-D E-M1 Mark III,Electronics,CG,
Perfect for our toddlers,Durable and fast. My only problem is it uses aaa batteries and they die fast. I wish it had a rechargeable battery.,4,10/12/2022 21:07,"Monster Jam, Official El Toro Loco Remote Control Monster Truck, 1:24 Scale, 2.4 GHz, for Ages 4 and up",Toys_and_Games,OR,
C-Movie,Great actors could've been better.,2,02/12/2022 03:16,,Movies_and_TV,OR,
A Thought-Provoking Classic,Lee's novel is a thought-provoking and powerful exploration of racism and justice in the American South. The memorable characters and compelling narrative make it a timeless classic that remains relevant today.,5,02/01/2022 16:25,To Kill a Mockingbird,Books,CG,
Really Nice!!!,"It' Beautiful !!! And, Really Great! Love it!!",5,25/09/2022 03:39,Easy To Fold: Arkansas,Books,OR,
Flimsy lightweight material.I didn’t like anything about this product.,Light weight and flimsy material.,1,25/08/2022 17:33,"PUPPBUDD Dog Bed for Large Dogs, Comfortable Pet Bed Machine Washable Rectangle Dog Sofa with Nonskid Bottom for Medium and Large Dogs Or Multiple",Pet_Supplies,OR,
Solid Performance,Handles most tasks well but could be lighter. Battery life is decent.,4,07/08/2022 09:08,Ridgid R86008 18V Lithium-Ion Cordless Compact Drill,Tools_and_Home_Improvement,CG,
Powerful and Versatile,"Provides powerful blending with a sleek design. The controls are intuitive, and the performance is consistent. It's a bit noisy, but the results are excellent.",5,15/09/2023 09:50,Vitamix 7500 Blender,Home_and_Kitchen,CG,
fantastic glow sticks,"These glow sticks are great! They are a lot of fun for a kid's party. Some have a loose battery cover, so it's possible small children could get to the button batteries, so PLEASE BE CAREFUL! Other than that, I'd definitely recommend these.",5,18/11/2022 15:46,"170 PCS Glow in the Dark Party Supplies for Kids, LED Light Up Toys Neon Party Supplies with 30 Flashing Glasses, 100 Glow Sticks, 40 Finger Lights Light for Adults Neon Glow Halloween Birthday Party Disco Party Easter Gifts",Toys_and_Games,OR,
AWESOME 💯💯💯💯.,This item is Awesome!!!!,5,21/04/2022 01:19,bayite 1/2 x 6 Inch Survival Drilled Flint Steel Fire Starter Ferrocerium Rod Kit with Striker-Pro Striker Paracord Landyard Handle Large,Sports_and_Outdoors,OR,
An excellent historical fiction series of books.  A Terrible Loyalty books 1-3.  Good reads,"I have read many, many historical fiction novels and this is a very good read.  The characters are believable, the author gives you insight as to their thoughts and feelings, while keeping the read going.  Some of the insights go a bit longer than needed, for my taste, but they do help develop the character and explain why they react the way they do in certain situations.  The book is set in the submarine war of the South Pacific and is believable and interesting.  Enough actual events are tied into the novels to make it seem like non-fiction.  I look forward to William Roskey's next edition!",5,05/10/2022 18:19,A TERRIBLE LOYALTY--BOOK 3: A World War II Submarine Novel,Kindle_Store,OR,
I never thought sleep was that interesting!,You can read this book in whatever order you want. I devoured it and thought it was very interesting. Anything you ever wanted to know and how it can affect everything else in your life is in this book. Everyone should read this!,5,08/09/2022 15:19,Why We Sleep: Unlocking the Power of Sleep and Dreams,Books,OR,
Great finish on the handle,"[[VIDEOID:d297ed5090b8157fb25c097c40ae84d7]] This has a really nice finish to it.  I like the deep color it has and it matches my other black decor (sinks faucet, handles etc) perfectly. It comes well packaged and arrived without any scrapes or scratches. Assembly is easy.  It installs like a normal doorknob.  Plenty of YouTube videos out there to help with that!",5,08/04/2022 13:48,"Front Door Handle, Exterior Door Handle with Interior Door Lever, Entry Door Lock Handle Set for Left & Right Hand Door, Matte Black Finish",Tools_and_Home_Improvement,OR,https://m.media-amazon.com/images/I/71F9JwaCh5L._SL1600_.jpg
Colorful and easy to hold,Vincent loves it and bright colors. Easy to hold and rattle.,5,01/06/2022 05:07,Manhattan Toy Dr. Seuss Cat in The Hat Take and Shake Ring Rattle and Teether Toy,Toys_and_Games,OR,
Glory,This guys books are something else. He has some that I Did Not Finish and some I will buy my friends for Christmas.,5,05/07/2022 22:16,The Funhouse,Kindle_Store,OR,
"Stunning Display, High Price","Stunning, ultra-wide display that enhances gaming and productivity. However, the high price and occasional firmware issues are drawbacks. Fantastic monitor if you can afford it and deal with potential technical issues.",4,05/07/2023 17:30,Samsung Odyssey G9 Gaming Monitor,Electronics,CG,
Feature-Packed Smartwatch,Lots of activities and games to keep kids engaged. The watch is durable. The screen is small and can be hard to see in bright light.,4,18/06/2023 08:57,VTech KidiZoom Smartwatch DX2,Toys_and_Games,CG,
Powerful Clippers,"These clippers are powerful and cut through thick fur easily. They are a bit noisy, but they get the job done quickly.",5,08/01/2022 17:29,Andis UltraEdge Super 2-Speed Detachable Blade Clipper,Pet_Supplies,CG,
Thrilling Mission,Talk about a thrilling ride! This mission had me on the edge of my seat with its non-stop action and suspense.,5,10/06/2024 13:33,Mission: Impossible 7,Movies_and_TV,CG,
Very nice,This was larger than I expected for the price and super nice. My only complaint is when the wind blows it blows the magnet off so if you live in a really windy place better find something to make the magnet stick better but it’s super nice sign otherwise,4,18/03/2023 16:18,Seasonal Welcome Door Sign Interchangeable Welcome to Our Home Wood Round Wreath with Buffalo Check Plaid Bow Outdoor Holiday Decoration for Spring Summer Autumn Winter 14 Pieces Hanging Ornaments,Home_and_Kitchen,OR,
A Hilarious Satire,Heller's novel is a brilliant and hilarious satire of war and bureaucracy. The absurdity and dark humor make it a unique and thought-provoking read. It's a classic that remains relevant and entertaining.,5,22/12/2022 14:40,Catch-22,Books,CG,
Nice design,A little narrow around waist,4,02/11/2022 13:13,White Wild Horse Women's Long Sleeve Tee Mustang Nature Animal Lovers Wildlife,Sports_and_Outdoors,OR,
Keeps Floor Clean,This waterproof mat keeps the area around my pet's food bowls clean. It's easy to wipe down and stays in place. Could be a bit larger.,4,23/01/2022 12:08,PetFusion Waterproof Pet Food Mat,Pet_Supplies,CG,
So comfy!,"Not going to lie, I got these for my pregnant self to have a comfy option trig the summer.  I am 5'6"" and 140, these fit nicely under my bump with lots of growing room.  Unrolled they come right to my knee.  For now I like the fit best with the waistband rolled. These also fit my hubby well, he is 5'6"" & 160 pounds.",5,03/03/2023 22:44,GAP Men's Heritage Logo Short,Clothing_Shoes_and_Jewelry,OR,https://m.media-amazon.com/images/I/71P8UpkiigL._SL1600_.jpg
Challenging Build,"Impressive model with lots of detail. The build is challenging and time-consuming, but rewarding. Display stand could be more stable.",3,11/11/2022 22:55,LEGO Ideas NASA Apollo Saturn V,Toys_and_Games,CG,
Remote freezes and navigation buttons stopped working after a few weeks and bad picture quality,"I have an apple tv as well which I hooked up to an alienware oled monitor which came out recently. Compared to the apple tv, the picture quality using chromecast was bad and it was even worse when using my phone to cast it, the quality was TERRIBLE, it made the monitor look like a $100 monitor instead of the latest greatest OLED tech. With the apple tv the quality is fine. After a few weeks of barely using it, the remote light just stayed on permanently and only removing the batteries would make the light go off. I tried the troubleshooting steps recommended, which were to hold down two buttons to repair while removing the batteries, etc.  etc. and the navigation buttons never worked again, although the voice button did work. There is no way to type using your phone if you want. It is just another buggy crappy piece of google hardware. Save yourself the headache and just get an apple tv, you plug it in and it works, that is it, no troubleshooting, no trying to adjust the picture (I hear the latest apple tv has a way to auto adjust the colors using your phone camera even).  Yes, the apple tv is bulkier and more expensive, but what is your time worth? And when it breaks you'll have to get an apple tv anyhow. I've had my apple tv for years and worst that happened was I had to repair my remote a few times in a few years, and maybe reboot my apple tv occasionally. Just....don't.",1,20/09/2022 07:02,"Chromecast with Google TV (HD) - Streaming Stick Entertainment on Your TV with Voice Search - Watch Movies, Shows, and Live TV in 1080p HD - Snow",Electronics,OR,
Flies well and my dog loves them.,"I've been trying to find a well flying disc that put up with the abuse my dog puts it to.  She doesn't really chew them, but she does like to shake them around, and now my new pup likes to try to play tug-o-war with them as well.  A lot of the rubber/plastic ones don't handle this well, and many of those are heavier and harder to fly.  This puts up with the abuse for the most part, and flies very well.  Checks the boxes I need to have checked!",5,17/10/2022 15:49,"Nerf Dog 11"" Trackshot Toss and Tug Ring, Orange",Pet_Supplies,OR,
"Great story, great acting.","I loved this movie. Interesting story, entertaining and the acting was top notch. I’m going to buy a copy instead of renting it again.",5,21/11/2022 18:19,,Movies_and_TV,OR,
Awesome,Everything I wanted and they send 3 cleaners and a bag to storage everything in!,5,12/04/2022 13:19,"StrawExpert 16 Pack Black Reusable Metal Straws with Silicone Tip & Travel Case & Cleaning Brush,Long Stainless Steel Straws Drinking Straw for 20 and 30 oz Tumbler",Home_and_Kitchen,OR,
Lyrical and Enigmatic,"Lyrical narrative set on a river, filled with enigmatic characters. The story is beautifully written, though the pacing can be slow.",4,15/08/2023 13:55,Once Upon a River,Kindle_Store,CG,
Durable Scratcher,This combination scratcher is durable and my cat loves it. It's a bit small for larger cats but otherwise great.,4,16/03/2023 10:28,SmartCat Bootsie's Combination Scratcher,Pet_Supplies,CG,
Grandson enjoyed putting it together,My 5 year old grandson enjoyed putting this puzzle together he loves spiderman...,5,09/02/2023 17:13,LELEMON 100 Pieces Disney Toy Story Jigsaw Puzzles in a Metal Box for Kids Age for 4-8 Boys Girls Toy Puzzles Children Learning Educational Puzzles Toy,Toys_and_Games,OR,
Large and Nonstick,Perfect for cooking large meals with its giant size and nonstick surface. It heats evenly and is easy to clean. The handle is sturdy and stays cool during cooking. A great addition to any kitchen for family-sized meals.,5,11/08/2023 14:10,T-fal B36290 Specialty Nonstick Giant Family Fry Pan,Home_and_Kitchen,CG,
Riveting Spy Drama,"Expect plenty of action and intrigue. John Krasinski brings a fresh perspective to the iconic character, and the plot is both timely and thrilling. Great production values add to the appeal.",4,08/04/2023 10:23,Tom Clancy's Jack Ryan,Movies_and_TV,CG,
Powerful and Compact,"Offering powerful performance in a compact form factor, this mini PC is perfect for both home and office use. The M1 chip provides incredible speed and efficiency, making multitasking a breeze. The design is sleek and minimalistic. It's a bit expensive, but the performance and quality justify the price.",5,21/10/2023 11:30,Apple Mac Mini (M1),Electronics,CG,
Comprehensive Air Purification,"Combines multiple functions to improve air quality significantly. It's quiet and effective, though the filter replacements can be costly. A great investment for those looking to improve their home's air quality.",5,28/01/2024 10:15,Pure Enrichment PureZone Elite True HEPA Large Room Air Purifier,Home_and_Kitchen,CG,
Nice mask,"This mask is comfortable to wear for short periods of time, but you will start to feel neck strain if you use it longer. Also the straps you use to tighten the mask on your face should be on the other end because they get annoying hanging in you peripheral vision.",4,19/04/2022 15:23,"GVS Elipse SPR555 Mask Integra OV AG P100, S/M, Blue",Tools_and_Home_Improvement,OR,
Moving but Uneven,"Set during World War II, this narrative is moving but uneven. Some parts are deeply emotional, while others lack the same impact.",3,05/10/2023 12:50,Everyone Brave is Forgiven,Kindle_Store,CG,
"Charming, Lighthearted, Entertaining",A wonderful film that is both fun and easy to watch.  I found the family dynamics and growth were rewarding and positive.,5,05/08/2022 15:58,,Movies_and_TV,OR,
Wonderful product,"Great fit, wonderful design and feel, love this shoe,I have bought 3 different designs of these shoes for work at a 10hour day. They are the most comfortable, this shoe is extremely light like a regular sneaker and don't way heavy on your feet.",5,18/11/2022 19:22,Timberland PRO Men's Powertrain Sport Alloy Toe Sd+ Ripstop Nylon Industrial Boot,Clothing_Shoes_and_Jewelry,OR,
Wonderful Book,Loved this book.,5,02/04/2022 19:00,300 Years of San Antonio and Bexar County,Books,OR,
Perfect teapot for 1 or 2 cups,"Looks great, feels study, keeps tea hot, no drips. Perfect for brewing loose tea leaves but plopping in a teabag works too.",5,26/09/2022 21:56,Tealyra - Daze Ceramic Teapot in Blue - 27-ounce (2-3 cups) - Small Stylish Ceramic Teapot with Stainless Steel Lid and Extra-Fine Infuser To Brew Loose Leaf Tea,Home_and_Kitchen,OR,
Sharp and Reliable,"A fantastic addition to any kitchen. The knives are sharp and well-balanced, and the self-sharpening feature ensures they stay that way. The block is stylish and compact. Highly recommend for both novice and experienced cooks.",5,02/03/2024 11:30,Calphalon Classic Self-Sharpening Cutlery Knife Block Set,Home_and_Kitchen,CG,
An Epic Tale of Adventure,"Stevenson's classic adventure novel is a thrilling and timeless tale of pirates, treasure, and high seas adventure. The characters are memorable and the story is full of excitement, making it a beloved classic.",5,03/07/2022 16:45,Treasure Island,Books,CG,
"Solid Performance, Good Value","Good color accuracy and a fast refresh rate. The build quality is decent, and the design is sleek. However, it lacks some advanced features found in more expensive monitors. A great value for those looking for a reliable gaming monitor.",4,15/10/2023 11:25,ViewSonic Elite XG270QG,Electronics,CG,
Nice quality,easy to use,5,22/06/2022 05:39,Craftdady Decorative Borders Lines Clear Stamps Transparent Silicone Waves Star Dotted Lines Stamp Seal for Card Photo Album Making Scrapbooking,Home_and_Kitchen,OR,
Ultralight Cooking Pot,"Lightweight and perfect for ultralight backpacking. Heats quickly and evenly. The compact size makes it easy to pack, and the titanium construction is durable. However, it's quite small, so it's best suited for solo trips or minimalist campers. The price is also on the higher side, but the quality justifies it.",4,22/09/2023 10:55,Toaks Titanium 750ml Pot,Sports_and_Outdoors,CG,
Doesn't Warm,Self-warming bed doesn't actually warm up. My pet avoids it.,2,20/12/2022 11:33,Aspen Pet Self Warming Beds,Pet_Supplies,CG,
Fun Pizza Set,The pizza set is fun for pretend play. The pieces are well-made and colorful. Velcro on the pieces wears out over time.,4,09/02/2024 07:56,Melissa & Doug Wooden Pizza Party Play Food Set,Toys_and_Games,CG,
Quality not quite there,"Our family loves everything Bluey. We’ve also been through some hard times recently. Receiving what we did in the mail (banged and taped up smelling like cigarette smoke) has definitely been a blow for us and our two year old. Not sure why we got one in such condition, but would not recommend.",1,07/07/2022 20:25,"Bluey Aqua Art, Includes 4 Reusable Pages of Water Art & Water Pen, Color with Water Book, Water Reveal Activity Book, Paint with Water Books, Water Doodle Book, Reusable No-Mess Art Book",Toys_and_Games,OR,
Stylish and Functional,Keeps dry during heavy rain and fits perfectly. The material is durable and the hood provides good coverage. Highly recommend for anyone needing a reliable raincoat that is both stylish and functional.,5,05/08/2023 11:50,Raincoat,Clothing_Shoes_and_Jewelry,CG,
Spacious and Comfortable Backpack,Distributes weight well and has plenty of space for gear. The suspension system is comfortable for long hikes. Durable and weather-resistant materials. A top choice for extended trips.,5,06/03/2024 12:55,Gregory Deva 70 Backpack,Sports_and_Outdoors,CG,
Cute story,A Halloween gift ....not given yet,5,05/10/2022 16:11,"You Got a Rock, Charlie Brown!: Ready-to-Read Level 2 (Peanuts)",Books,OR,
Works well,Only had to push the vibrate one time and my dog got the message. I was really opposed to this but it helped. My dog basically attacks the television when she sees action. So we had to put a stop to it for everyone’s sake. It really helped.,5,29/12/2022 20:31,"PetSpy P620 Dog Training Shock Collar for Dogs with Vibration, Electric Shock, Beep; Rechargeable and Waterproof Remote Trainer E-Collar - 10-140 lbs",Pet_Supplies,OR,
"Good Concept, Badly Written","Great story concept, mediocre execution, and terrible writing",2,13/10/2022 03:29,Cunning Folk: A Folk Horror Thriller from the Author of No One Gets Out Alive and The Ritual,Books,OR,
Keeps Coffee Warm,"Ideal for keeping coffee warm. The temperature settings are convenient, and the design is sleek. The included mug is a nice touch. Perfect for those who like to sip their coffee slowly.",5,11/02/2024 09:20,Cosori Coffee Mug Warmer & Mug Set,Home_and_Kitchen,CG,
Lower than the average renne faire quality,[[VIDEOID:9dbc4d71468bdcb28c2b1c419feac9fd]] My main issue with it is the way it secures. You get a cord on one side and a leafy ribbon on the other as seen in the photo. You tie them. I had a hard time getting a knot that won’t come out. I’m used to the ones that you adjust simply but adjusting the angle. It’s itchy. I can’t imagine wearing it the whole day.,1,02/08/2022 14:18,Vividsun Adjustable Flower Crown Floral Headpiece Floral Crown Wedding Festivals Photo Props (G/light pink),Clothing_Shoes_and_Jewelry,OR,https://m.media-amazon.com/images/I/71PHD-j279L._SL1600_.jpg
Effortless Cleaning,"Keeps floors clean with minimal effort. It's easy to set up and use, and the app connectivity adds convenience. Occasionally misses small spots, but overall, it's a reliable and time-saving vacuum.",4,12/12/2023 11:25,iRobot Roomba e5 (5150) Robot Vacuum,Home_and_Kitchen,CG,
Overpriced,Performance doesn't justify the high price. Expected better from DEWALT.,2,20/02/2022 07:59,DEWALT 20V MAX XR Hammer Drill Kit,Tools_and_Home_Improvement,CG,
Good Sifi Move,Keep me interested from start to finish if they do a sequel I'll check it out,5,11/05/2022 05:03,Moonfall,Movies_and_TV,OR,
Comfortable and Effective,Amplifies ambient sound while protecting from loud noises. Very comfortable to wear.,5,14/06/2023 00:10,Howard Leight by Honeywell Impact Sport Sound Amplification Earmuff,Tools_and_Home_Improvement,CG,
It works,Easy to use,5,04/05/2022 18:40,KardiaMobile 1-Lead Personal EKG Monitor – Record EKGs at Home – Detects AFib and Irregular Arrhythmias – Instant Results in 30 Seconds – Easy to Use – Works with Most Smartphones - FSA/HSA Eligible,Sports_and_Outdoors,OR,
Brighton Beach the perfect retreat,"Jade, Emma & Logan are in for a treat as they figure out just what their mother has left them-bright futures! Another good book by Mr. Fenris.",5,12/10/2022 04:45,Beach House Promises (Brighton Beach Retreat Series Book 1),Kindle_Store,OR,
Skills practice for small humans,Gifted for a second birthday. The small human's Mom reports it is a hit for car rides & waits in the doctor's office. All pieces are attached-nothing to lose. Quiet practice of life skills needed for dressing. Would purchase again!,5,12/08/2022 21:01,"Esjay Toddler Busy Board, Sensory Board for Fine Motor Skill, Montessori Toys Toddler Activities for Travel, Car(Grey)",Toys_and_Games,OR,
Great Dart Blaster,Perfect for outdoor fun. The darts shoot far and are relatively accurate. The design is cool and resembles the in-game blaster. Reloading can be a bit tedious.,4,03/03/2022 18:58,NERF Fortnite Elite Dart Blaster,Toys_and_Games,CG,
Cute but Not Practical,"Mini backpack is cute and stylish, but not very practical. The compartments are too small to hold much, and the straps are not very comfortable. Good for short outings but not ideal for everyday use.",3,13/11/2022 13:10,Women's Mini Backpack,Clothing_Shoes_and_Jewelry,CG,
A Fun Page-Turner,"This science fiction novel is a thrilling and humorous tale of survival on Mars. Weir’s meticulous attention to scientific detail and the protagonist’s witty, relatable voice make it an incredibly engaging read.",5,04/03/2024 16:27,The Martian,Books,CG,
Best Noise-Cancelling Earbuds,"Outstanding noise-cancelling capabilities and superb sound quality make these earbuds a top choice. Comfortable fit and long battery life add to the overall appeal. The companion app offers great customization options for sound settings. A bit pricey, but worth it for the premium experience.",5,13/01/2023 14:20,Sony WF-1000XM4 Earbuds,Electronics,CG,
Intriguing Anthology,"This intriguing anthology offers a variety of stories connected by a common theme. The production quality is high, and the performances are strong. Some episodes are better than others, but overall a fascinating watch.",3,14/11/2022 11:57,The Romanoffs,Movies_and_TV,CG,
Lightweight and Powerful,"Provides excellent cleaning performance with a lightweight design. It's easy to maneuver and works well on various surfaces. The battery life is impressive. A bit pricey, but the performance is worth it.",5,23/06/2023 14:35,Dyson Cyclone V10 Absolute Lightweight Cordless Stick Vacuum Cleaner,Home_and_Kitchen,CG,
Do not waste your money,I gave this to my father for Christmas. We couldn't even get it on to try to set up. I followed all the instructions it gave you and still nothing. I bought this on a flash deal over the summer for him so I didn't even get to return it when we realized it did not work due to the time that had passed.,1,17/03/2023 16:59,"Meidase S900 Cellular Trail Camera, 4G LTE Game Camera, 32MP 1296p, 100ft No Glow Night Vision, Send Pictures to Your Cell Phone, Wireless Security Camera",Sports_and_Outdoors,OR,
Easy to use,Easy to use it appears sturdy,4,08/06/2022 23:39,"4 Sets Sliding Window Locks Security with Key, Aluminum Security Window Door Stoppers Locks Lock for Vertical & Horizontal Sliding Windows Doors, Adjustable Double Hung Window Lock for Home Bedroom",Tools_and_Home_Improvement,OR,
Great Learning Chart!!,Great purchase and well worth it!! I bought this learning Alphabet Wall Chart for my one year old niece and she loves it!!! I ordered 3 more!!,5,22/11/2022 22:54,"Electronic Alphabet Wall Chart, Talking ABC, 123s, Music Poster, Kids Learning Toys for Toddlers 1-3, Interactive Educational Toddler Toy, Gifts for Age 1 2 3 4 5 Year Old Boys Girls - Blue",Toys_and_Games,OR,
Lots of stickers,Great quality. Large selection sticks to the water bottle.,5,28/02/2023 00:04,"HCNOCNB Vinyl Cute Stickers for Vsco Girls(200pcs) Waterproof Stickers for Water Bottles Girls Kids Teens,Colorful Aesthetic Stickers for Hydro Flask",Toys_and_Games,OR,
Excellent,GREAT old school bicycle bell,5,04/08/2022 22:23,"Accmor Classic Bike Bell, Aluminum Bicycle Bell, Loud Crisp Clear Sound Bicycle Bike Bell for Adults Kids",Sports_and_Outdoors,OR,
Gracias,gracias,5,18/07/2022 13:31,"Fuinloth Women's Quilted Vest, Stand Collar Lightweight Zip Padded Gilet",Clothing_Shoes_and_Jewelry,OR,
Does the job but my needs required a different pump,It's not fair to give this 2 stars but I did so that it grabs the reader's attention. I needed a pump to transfer water from my rain barrel to my flowers or garden. This will do a great job for around the patio running for a short time. I needed a pump (which I didn't realize when I bought this) that would pump further and have a reliable auto shutoff when the pump ran dry. Also the pump gets warm (and that's normal for a pump). I just needed something more powerful and more portable so I ended up going with another pump. This would be great for use in a basement or on the patio for short term usage. If that's all I needed it for I'd give it 4 stars.,2,17/08/2022 19:24,"SumpMarine Water Transfer Pump, 115V 330 Gallon Per Hour - Portable Electric Utility Pump with 6' Water Hose Kit - To Remove Water From Garden, Hot Tub, Rain Barrel, Pool, Ponds, Aquariums, and More",Tools_and_Home_Improvement,OR,
Vivid and Inspiring,"Journey of a young henna artist in India, filled with vivid descriptions and inspiring moments. The characters are well-developed, and the narrative is captivating.",4,09/05/2023 10:35,The Henna Artist,Kindle_Store,CG,
Love these!,"All 3 of my girls have these collars. 2 pitbulls and a German shepherd, they each have their own color. Very sturdy and I absolutely  LOVE the double D rings at the breakaway clip, makes me feel much more secure when they are on a leash.",5,22/05/2022 16:42,"BAAPET Comfortable Dog Collar with Double Security Dual D-Ring and ID Tag Hanger for Small Puppy, Medium and Large Dogs (XS - 3/4"" x (9""-13""), Grey)",Pet_Supplies,OR,
Did not work,Pros: - They stuck well to surfaces Cons: - None of the strips worked at all,1,05/07/2022 13:48,"Aquarium Thermometer Sticker Fish Tank Temperature Sticker Brewing Thermometer Strip Adhesive Thermometer Sticker for Fish Tank, Storage Tank, Wine Jar by AikTryee",Pet_Supplies,OR,
Engaging and Thought-Provoking,"Captures the complexities of suburban life and the intricacies of family dynamics with precision. The characters are well-developed, and the interwoven storylines keep you engaged. Themes of race, privilege, and identity are explored with depth and nuance, making it a compelling read.",4,23/02/2023 14:20,Little Fires Everywhere,Books,CG,
Stunning Picture Quality with Some Drawbacks,"Stunning picture quality with deep blacks and vibrant colors truly enhance the viewing experience. The smart features are intuitive and user-friendly. However, occasional screen burn-in issues are a bit disappointing for such a high-end product. Overall, it's an excellent choice for home entertainment, despite these minor issues.",4,30/03/2023 17:45,LG OLED C1 TV,Electronics,CG,
A total must.,I was very skeptical on this but pleasantly surprised. My 7 year old is brutal on doll hair. The brush doesn't work as well on Barbie but it definitely makes a huge difference. My pics are the before and after on a My Life As doll.,5,13/10/2022 23:12,"Sophia's -18"" Doll - Hairbrush - Hot Pink",Toys_and_Games,OR,https://m.media-amazon.com/images/I/71LmIkOevfL._SL1600_.jpg
Loved It!,"I have only read a handful of titles by Sarah M. Eden so far and have discovered that I am becoming increasingly enchanted by any of her novels containing members of the Jonquil or Lancaster families. I was thrilled to see a chronological listing of these books as I turned the last page of The Best Intentions. And now my intention is to work through the list chronologically with the books that I have yet to read. This story was a beautiful romance between two people who had experienced more than their fair shares of difficult circumstances and disappointments. I was impressed with the author’s ability to create two different situations that Gillian and Scott were struggling with, yet the troubles they faced seemed impossible to overcome. I loved the way these two began to get to know each other and the way that love snuck up on them. And once that love was there, and acknowledged, I thought that their care and concern for each other showed what honorable and genuine people they were. It was great to see so many Jonquils and even one of the Gents in this novel! It makes me eager to start catching up with these characters in the books that I have yet to read. I received a complimentary copy of this book. All opinions are my own.",5,29/11/2022 19:22,"The Best Intentions: Book 1, The Huntresses",Kindle_Store,OR,
Relentless Action,Presents relentless action and high-stakes drama. The choreography and cinematography elevate the viewing experience.,5,30/12/2024 11:29,John Wick: Chapter 3 - Parabellum,Movies_and_TV,CG,
My dog figured it out in less than a minute and slid it all over my wood floor.,"If I had wanted to give my dog several treats within a 60 second period of time, I’d have skipped even trying this. Either my baby is a genius or this is just WAY TO SIMPLE TO FIGURE OUT!!! Waste of money.",2,07/11/2022 02:57,"Beiker Puppy Teething Chew Toys - 15 Pack Durable Small Dog Toys for Puppies, Dog Rope Chew Toys Bundle for Boredom, Interactive Squeaky Treat Dispensing Ball, Funny Flyer, Non-Toxic & Safe",Pet_Supplies,OR,
Slim,Great size and liability for my new granddaughter’s clothes,5,27/07/2022 23:58,"Amazon Basics Kids Velvet, Non-Slip Clothes Hangers, Gray - Pack of 30",Home_and_Kitchen,OR,
Spellbinding,"This is an amazing book.  The first three chapters give the background on three different people with different stories who board the Tamiami Champion passenger train in Charleston, SC, and head north.  Another highlighted character, Pecan Locklear, lives near Rennert, NC and witnesses the crash and is the first non passenger/crewmember on the scene to help.  The deadly crash of two trains that becomes North Carolina's deadliest ever during a late night bitter cold snowstorm is historical fact.  The skillful interweaving of fictional people within the disaster is the masterful imagination of the author.  If you start the book, I can promise you that it won't be put down for long before you pick it back up to continue.",5,26/01/2023 02:32,From the Fires Scattered There,Books,OR,
Cheap Material,The dog collar is made of cheap material and started fraying after a week. Not durable at all.,1,05/08/2023 15:10,Red Dingo Classic Dog Collar,Pet_Supplies,CG,
Eventful and Emotional,"This third book in the series would not have made the same impact on me had I not read the first two books. While the first book took some mental adjustments, once I was familiar with the ""universe"", things took off from there. This book had simultaneous events stretched across Earth and its moon. As with any book, there is a certain level of investment in the characters. When the characters struggle, their wins and losses almost felt like my own wins and losses. This book had me on an emotional rollercoaster from the beginning to the ending.",5,07/04/2022 20:34,E-Day III: Dark Moon (E-Day Trilogy Book 3),Kindle_Store,OR,
Brilliant,"This book was amazing.  It should have come with a severe trigger warning, so if you are a fellow survivor, be warned there are graphic scenes of torture and assault.  That said, the heroine was tough, flawed, and well written.  The plot was plausible and gripping",4,13/07/2022 17:31,A Dark Lure,Books,OR,
Soul mates,"Vance and Gwen are unquestionably soul mates. For him to have loved her before she even knew he existed, and for Vance to be the only man to give her butterflies has to mean something! Loved them together and their chemistry. I received a free copy of this book via Booksprout and am voluntarily leaving a review.",5,16/11/2022 19:13,"Feast Mode: A Man of the Month Club Novella: An Age Gap, Fish Out of Water Romance",Kindle_Store,OR,
Serves Its Purpose,"I have a Honda CR-V I also have two 65 lbs. labradors that I take in the Honda.  The cargo area alone in the Honda is not big enough for two dogs, so I lay the back seats down.  I thought that this cargo liner would hook onto the FRONT seats of the car, and cover the sides and floor back to the hatch.  It didn't, so I modified its use because I didn't want to just use it in the cargo area.  I hooked the clasp mechanism around the back seat headrest after laying the seats down.  I folded the side panels under, and voila, I had a cargo liner that works well for my purposes.  I recommend that everyone MEASURE their car before purchasing to avoid my mistake.  I am still happy with the quality of this liner, especially since it stays in place well, affords me the waterproof feature, and looks better than a blanket.",3,01/11/2022 18:04,"Dadouman Waterproof & Extra Padded Pet Dog Large SUV Trunk Cargo Liner with Non Slip Bottom, Two Side Flaps & One Extended Bumper Flap (L- Suit 41"" L x 55"" W Cargo Area)",Pet_Supplies,OR,
A little disappointed…,"These are very tiny earrings, which in itself is ok. But they didn’t come in a box or anything, so when I received them the posts were bent out of shape. I was able to somewhat straighten them, except for the very tip on one side. It makes the backing difficult to put on. These are relatively cute, but as far as asymmetric earrings so, there are better options.",3,16/12/2022 23:55,Asymmetrical Stud Earrings | Dangle CZ | Cubic Zirconia Chain | Sterling Silver,Clothing_Shoes_and_Jewelry,OR,
Durable and Nonstick,"Provides excellent cooking performance with its nonstick surface. The pans heat evenly and are easy to clean. They are a bit heavy, but the durability and quality justify the weight.",5,18/06/2022 08:45,All-Clad E785S264/E785S263 HA1 Hard Anodized Nonstick Fry Pan Cookware Set,Home_and_Kitchen,CG,
Effective Shampoo,Works well to treat my dog's skin issues. The scent is pleasant and it lathers nicely. A bit expensive but worth it.,4,27/10/2022 19:33,Veterinary Formula Clinical Care Antiseptic & Antifungal Shampoo for Dogs & Cats,Pet_Supplies,CG,
So much better than my first one!,"This seems to be one of the few that don't open upside down. I like the elastic band to hold it closed.  My previous one had magnets that broke off, and it would flip open, which shortened the battery charge.  This one seems to have magnets to turn it off when closed, but I don't see them in a place that will break off.  I like the stylus holder as well.  It is very pretty as well.",5,03/05/2022 23:43,"MoKo Case Fits Kindle Fire HD 8 & 8 Plus Tablet (10th Generation, 2020 Release), Slim Folding Stand Cover with Auto Wake/Sleep - Blue Sky Star",Electronics,OR,
Lightweight casual shirt - pairs well with jeans,"Wanted a casual outer layer that wasn't as heavy as a sweatshirt and this top fit the bill perfectly. I love that it has a hood and pockets and the waffle texture makes it more unique. The length is perfect - looks great with a pair of jeans and is probably long enough to cover your butt with a pair of leggings. The sleeves are fairly fitting down to about the elbow and then flare out a little to sort of a peasant type sleeve. Makes a nice casual top when the nights start getting a little cooler but you aren't quite ready for a sweatshirt. I am 5'4"", 175 lbs and the XL fits me well (I like my clothes a little loose.)",5,05/12/2022 01:04,FARYSAYS Women's Waffle Knit Tops Button V Neck Lantern Long Sleeve Hooded Pocketed Casual Loose Blouses Shirts,Clothing_Shoes_and_Jewelry,OR,https://m.media-amazon.com/images/I/51m23NPxWQL._SL1600_.jpg
Sturdy and Comfortable Cycling Shoes,Solid construction and comfortable fit make these shoes great for long rides. The stiffness of the sole provides excellent power transfer. Good ventilation keeps feet cool. A reliable choice for road cyclists.,5,04/07/2023 10:20,Pearl Izumi Men's Quest Road Cycling Shoe,Sports_and_Outdoors,CG,
Overpriced and Underperforming,"Despite the high price tag, this router underperforms with frequent connectivity drops and poor range. The interface is complicated and not user-friendly. Customer support has been unhelpful. Overall, it's overpriced for the performance it delivers.",2,28/11/2023 13:40,Netgear Nighthawk AX8 Router,Electronics,CG,
Fun but Messy,Great for creative play but can get messy. The tools are fun to use but the dough dries out quickly if not stored properly.,3,28/01/2023 22:18,Play-Doh Sweet Shoppe Cookie Creations,Toys_and_Games,CG,
VERY VERY BASIC beginner book,"This book is very well put together and easy to understand for the beginner, BUT, it's a very very beginner book, with basic herbs, nothing that I was looking for was even listed or mentioned (disappointing) but I guess if you want to know about a LOT of the herbs in your kitchen that you already cook with, and a few others, then maybe this book is for you (*see my pictures with the table of contents showing the herbs discussed) I'm disappointed and I may return this book. There's really nothing in here for me to learn or use. Too bad, I really wanted to love this book, but.i do not 😕 7-11-22 book has been returned to Amazon for a refund. Updated my review to 2 stars instead of 3 because 3 was too generous in my opinion.",2,10/07/2022 01:38,"Rosemary Gladstar's Medicinal Herbs: A Beginner's Guide: 33 Healing Herbs to Know, Grow, and Use",Books,OR,https://m.media-amazon.com/images/I/71Wc7xYezVL._SL1600_.jpg
English type Story of the crazy path to True Love,"It’s a story about the path we travel to true love. Emma’s character is fun to watch her rationalizations.  She’s a born matchmaker and her methods are hilarious.  She matches up everyone until she is still alone and unmarried.  The man that she loves desperately, has to teach Emma that love comes when you least expect it.",5,11/05/2022 06:20,Emma,Movies_and_TV,OR,
Sigh,"I loved this series. I was so worried that I wouldn’t like the ending, but I did. So witty and real. Just perfect.",5,04/02/2023 03:16,The Last Good Dog (A Gideon and Sirius Novel Book 6),Kindle_Store,OR,
Page Turner,I did not expect so much of the plot of this book.  It was well-written and kept me turning each page to find out what was happening next.,5,09/04/2022 02:46,Unmissing: A Thriller,Books,OR,
Fluffy but fragile,"These looked as pictured. However, the stems were extremely fragile.",3,05/10/2022 17:13,"50PCS Home Decoration Lagurus Ovatus Rabbit Tail Dried Flowers,Real Flower,Eternal Flower Dried Grass,Flower Bouquet, Photo Props Home Party and Wedding Decor（Blue）",Home_and_Kitchen,OR,
Inspirational and Motivating,"This book provides fascinating insights into the science of habits and how they shape our lives. Duhigg combines scientific research with compelling stories, making it an engaging and practical guide for anyone looking to make positive changes in their behavior.",5,30/07/2022 13:17,The Power of Habit: Why We Do What We Do in Life and Business,Books,CG,
Men can wear inside and outside,"Fit is perfect for my husband, these look like black pants, you'd never know they're pajamas. He's happy!",5,15/10/2022 15:26,Amazon Essentials Men's Straight-Fit Woven Pajama Pant,Clothing_Shoes_and_Jewelry,OR,
Love it!,Love it! I purchased this for some family members and we love them! We use them daily,5,02/09/2022 13:42,"Black Girl Magic Writing Journal For African American Women 200 Page Lined Notebook: Melanin Boss Lady Writing Journal For Adults, Teens & Kids",Books,OR,
Versatile and Reliable,"Handles a variety of cooking tasks effortlessly. The multiple functions are easy to use, and it consistently delivers great results. It's a bit bulky, but the versatility and performance make it worth the counter space.",5,22/02/2023 11:10,Gourmia GPC800 Express Pot Electric Digital Multifunction Pressure Cooker,Home_and_Kitchen,CG,
the price is right,and it gives us another movie to watch,5,25/01/2023 22:00,,Movies_and_TV,OR,
Fun and Lighthearted,"This book is an entertaining collection of essays and stories from Tina Fey’s life. Her humor shines through on every page, making it a delightful read. It’s perfect for fans of her work or anyone looking for a good laugh.",4,27/01/2022 19:45,Bossypants,Books,CG,
YSL enactment.,Interesting film. Well written and acted but not too sure about accuracy. A good evening spent watching it.,5,13/09/2022 01:14,,Movies_and_TV,OR,
comfortable and good listening audio,"The headset is lightweight and comfortable to wear.  I like the long cord and it was plug and play.  It is much easier to listen to audio on the headset verses the computer speakers.  The reason I got this headset was to provide better audio to the people listening to me.  When participating on zoom calls, I used the built in microphone on my webcamera and hoped this would provide better sound quality.  When i asked my participants to compare the sound quality from the headset and the webcam speaker, they told me there was very little difference.  So apparently either my webcam has a good speaker and the room doesn't echo, or the audio quality is equal.  But I like the headset for the better sound quality for my listening pleasure.  And I still think my audio would be better since I am talking directly into the mic and I am picking up less background noise.",4,14/02/2023 01:30,awatrue USB Headset with ENC Noise Cancelling Microphone On Ear for PC Home Office Online Class Skype Zoom,Electronics,OR,
Great,Great,5,19/12/2022 01:32,Wrangler Authentics Men's Twill Relaxed Fit Cargo Pant,Clothing_Shoes_and_Jewelry,OR,
Bright and Adjustable,Brightness is impressive and easily adjustable. The headband is comfortable and stays in place.,4,18/03/2023 19:25,Black Diamond Spot 350 Headlamp,Sports_and_Outdoors,CG,
Durability!,"This is the only toy I've found that my dog has not destroyed within an hour! I've bought several, only because he lost them, not because they were destroyed.",5,17/10/2022 16:12,,Pet_Supplies,OR,
A Twisting Psychological Thriller,"The gripping and intense plot twists kept me on the edge of my seat. The atmosphere is dark and suspenseful, perfectly fitting the psychological depths explored in the story. However, some of the twists felt a bit predictable towards the end. Overall, it's an engaging read for thriller enthusiasts.",4,26/09/2023 19:34,Shutter Island,Books,CG,
Nice Set,Nice varied set of putty knifes. Good plastic handles.,5,17/11/2022 23:05,"5Pcs Putty Knife, Set, 1"" 2"" 3"" 4"" 5"" Scraper, Spackle Knife, Paint Scraper, Scraper Tool, No Rusting, Perfect For Repairing Drywall, Removing Wallpaper, Mud, Plaster Scraping Rerdeim",Tools_and_Home_Improvement,OR,https://m.media-amazon.com/images/I/71AeU7P5PKL._SL1600_.jpg
Classic Ride,"Timeless toy that kids love. Sturdy and safe, but the assembly is a bit tricky. The horn could be louder.",4,23/06/2023 22:14,Little Tikes Cozy Coupe,Toys_and_Games,CG,
extraordinary story and history lesson,"If you love horses, you must read. If you want to learn more about the enslaved men who built US horse racing, you must read.",5,01/02/2023 15:20,Horse: A Novel,Kindle_Store,OR,
Love Them,I love my AirPod pros but for the price it could have come with a wall charger (the block piece that plugs into the wall) instead of just a charging cord. Other than this they have pretty solid battery life and work well.,4,25/10/2022 03:41,"Apple AirPods Pro (2nd Generation) Wireless Earbuds, Up to 2X More Active Noise Cancelling, Adaptive Transparency, Personalized Spatial Audio, MagSafe Charging Case, Bluetooth Headphones for iPhone",Electronics,OR,
Excellent Waterproof Jacket,"Completely waterproof and windproof. Lightweight and breathable, making it ideal for various weather conditions. Fits well and looks great. Worth the investment for serious outdoor enthusiasts.",5,25/08/2023 07:40,Arc'teryx Beta AR Jacket,Sports_and_Outdoors,CG,
Warm and Cozy,"Perfect for cooler weather, providing excellent warmth and a comfortable fit. The material is soft against the skin and shows no signs of pilling after multiple washes. Very pleased with this purchase.",5,02/11/2022 14:05,Fleece Jacket,Clothing_Shoes_and_Jewelry,CG,
Fun learning toy,My 8 year olds are going into 3rd grade so we’re starting to learn multiplication. This is a fun tool for understanding the concept because they love pop its.,5,08/07/2022 01:24,"Educational Education Big Size Push Pop Fidget Toy Bubble It Helps to Pop and Learn Multiplication,Math Skills,Stress Relieving,Rainbow Math Learning Toy (M81) (M144)",Toys_and_Games,OR,
"More dim than expected, only includes one","[[VIDEOID:73e7cf2f4e23f5a3a48de776ceeece73]] Based on the photo of the product, I guess I assumed this would include two bulbs, but just for the sake of clarity, it only includes one. I hope the seller will update the wording to make it more clear, unless they are trying to be tricky. Having said that, this has a really cool flame effect that looks just like candle or torch light. I suppose I also expected this to be more bright, which means I might not be able to use this after all. Nonetheless, this has a very cool look to it, and as long as you don’t mind having an extremely dim light source that is more ambient and decorative than functional, then you will like this.  I took a little video of it so you could get a sense of how it looks upside down.",4,01/12/2022 19:44,"plencell LED Flame Bulb, Disco Light Bulb,4 Modes Flame Bulb, E26/E27 Base Flame Bulb with Upside Down Effect, Christmas Party, Indoor and Outdoor Home Decoration (Yellow)",Tools_and_Home_Improvement,OR,
Good,Helps a lot,5,19/11/2022 19:36,"DR.EASY Pet Eye Wipes 120 Ct for Dog Cat Horse & Rabbit Grooming,Tear stain remover,Puppy Kitty eye wash,Remove dirt crust dried mucus discharge secretions, Unscented soft & gentle,Plant Based Formula",Pet_Supplies,OR,
Just the best series of books ever,"Please please someone make a movie of this Riveting can’t take my eyes off of the pages this book really comes to life. Thank you, Yolanda.",5,16/02/2023 22:38,The Private Haystack: Crossing Boundaries,Books,OR,
Educational and Fun,Great for learning letters and numbers. The interactive features are engaging. Some parts are small and can get lost.,4,19/08/2023 06:32,LeapFrog LeapBuilders ABC Smart House,Toys_and_Games,CG,
Indoor Grilling Excellence,"Provides excellent grilling performance indoors. The temperature control is precise, and it cooks food evenly. It's easy to clean and perfect for indoor grilling.",5,19/08/2023 11:50,Ninja Foodi Indoor Grill,Home_and_Kitchen,CG,
True to Size,He liked it and the Fit was perfect.,4,13/10/2022 18:37,George Clothing Men's Short Sleeve Poplin Shirt,Clothing_Shoes_and_Jewelry,OR,
Blade's Dark Return,Blade's return is dark and intense. The story keeps you on the edge and the action is top-notch.,5,02/02/2026 10:45,Blade,Movies_and_TV,CG,
GREAT!!,"I have a farm. Constant bending, pulling, lifting heavy bags, walking, and I'm outside most of the day.  My ipods always fall out, so I tried these. They've never fallen out and the battery life is fantastic!  I've worn them 8 hrs a day for  almost five days without having to recharge the case. When charging in the case, it's way faster than my ipods. They're also very comfortable. I could wear them all day without hurting my ears. Great for any size ear, but SUPER fantastic for those with small ear canals! For better noise cancellation, go a size up on the buds.",5,09/10/2022 15:00,Wireless Earbuds Bluetooth Headphones 48hrs Play Back Sport Earphones with LED Display Over-Ear Buds with Earhooks Built-in Mic Headset for Workout Blue BMANI-VEAT00L,Electronics,OR,
I could not be more disappointed,My dogs are not aggressive chewers and these were torn up within 5 minutes. Maybe if one hadn’t arrived with a huge hole in it to begin with it may have lasted longer. Probably not though. The hole could not be missed so that is pretty crappy on the shipping department or whoever packaged this. I’m very disappointed in this purchase.,1,26/06/2022 23:59,"Outward Hound Bubble Palz Plush Turtle Dog Toy, Small",Pet_Supplies,OR,https://m.media-amazon.com/images/I/7107YS09MML._SL1600_.jpg
Great Value Robot Vacuum,"Offers great value with solid cleaning performance and a slim design that fits under furniture. It's quiet and easy to use. However, it lacks advanced navigation features found in more expensive models. A good budget-friendly robot vacuum.",4,05/09/2023 10:50,Eufy RoboVac 11S,Electronics,CG,
Came basically new,"Looked great no scuffs, no sign of previous use. Came packaged basically brand new I couldn't tell the difference. Compared to my $10 Walmart clip speaker from ONN, jbl blows it away with way bigger and deeper bass, way better clarity and loudness with no distortion. I have owned 2 flip 4s, jbl extreme 2, jbl charge 4 and this fits nicely with them sounds great for something I clip onto my waist.",5,05/07/2022 06:32,"JBL Clip 4: Portable Speaker with Bluetooth, Built-in Battery, Waterproof and Dustproof Feature - Black (JBLCLIP4BLKAM) (Renewed)…",Electronics,OR,
Finally cut the satellite cord.,Works great. We get 95% of the channels in our area.,5,06/06/2022 00:28,"[Newest 2021] Five Star Outdoor HDTV Antenna up to 200 Mile Long Range, Attic or Roof Mount TV Antenna, Long Range Digital OTA Antenna for 4K 1080P VHF UHF Supports 4 TVs Installation Kit & J Mount",Electronics,OR,
"Comfortable, great for lounging or working out","Fit as expected - I bought it in a much larger size because I wanted comfortable shorts to wear at home. I can fold the top to adjust the length and size, and there is also a draw string that works very well. Comfortable fabric. Overall, they are exactly as pictured. Also very flattering.",5,23/09/2022 11:24,"Hanes Women's Jersey Pocket Shorts, Drawstring Cotton Jersey Shorts, 7"" Inseam",Clothing_Shoes_and_Jewelry,OR,
Indoor Ball,"Great for indoor play. Soft and lightweight, but my dog tore it apart quickly.",3,22/04/2023 03:10,Chuckit! Indoor Ball Dog Toy,Pet_Supplies,CG,
Great Value Pack,"An amazing variety of cars. Perfect for any Hot Wheels fan. The cars are well-detailed and durable. Some duplicates in the pack, but still worth it.",5,20/05/2022 14:46,Hot Wheels 50-Car Pack,Toys_and_Games,CG,
5 Characters in search of a Plot,"Well filmed, well acted but going nowhere. Had to put subtitles on several times to make out what the characters were saying. Spent part of 2 evenings watching it, never finished, gave it away. This was definitely over hyped. Too bad, all the elements were there for a good film. Score by Van Morrison was good as well. Just doesn't get off the ground. Have better things to do with my time...",1,16/05/2022 20:13,Belfast [DVD],Movies_and_TV,OR,
Heartfelt and Emotional,"Delivers a deeply moving story about love, loss, and the human spirit. The characters are well-developed, and the writing is both witty and poignant. A touching read that resonates long after the final page.",5,27/07/2023 18:10,The Fault in Our Stars,Books,CG,
Can’t beat carters clothing,Really enjoy seeing my 2 year old daughter running around in comfortable clothing. Can create easy cute outfits from these color pants. Easy put on her and easy to remove. Soft and stretch allows comfort and room. Great product.,5,27/01/2023 08:32,"Simple Joys by Carter's Baby Girls' Pant, Pack of 4",Clothing_Shoes_and_Jewelry,OR,
Informative and Accessible,Bryson’s exploration of science and history is both informative and accessible. His engaging writing style makes complex topics easy to understand and enjoyable to read. It’s a fascinating journey through the wonders of the natural world.,5,11/05/2023 10:30,A Short History of Nearly Everything,Books,CG,
Muy buena historia.,La música es súper.,5,16/01/2023 13:55,,Movies_and_TV,OR,
Intense Sports Drama,"Intense sports drama with well-portrayed rivalry and camaraderie. Performances are compelling, making it a must-watch for sports enthusiasts.",4,17/10/2023 21:23,Inside Edge,Movies_and_TV,CG,
Powerful and Efficient,"Blends smoothly and quickly, handling a variety of tasks effortlessly. The large capacity is great for families, though it can be a bit noisy. Overall, a powerful and reliable blender.",5,30/09/2023 12:35,Ninja Professional Countertop Blender,Home_and_Kitchen,CG,
Nice dressy-ish shirt,"We bought this in gray for a teenager attending a funeral. It was dressy enough and fit fine. Love the tiny, unobtrusive stripes. The shirt did get wrinkled in packing, and it was hard to press out. But it was a good purchase and might end up under a cap and gown in a few months.",4,28/02/2023 19:04,Port Authority Tall Long Sleeve Easy Care Shirt. TLS608,Clothing_Shoes_and_Jewelry,OR,
Suspenseful and Scary,Combines suspense and scares in a thrilling narrative. The performances and direction create a truly frightening experience.,4,18/09/2025 14:32,The Invisible Man,Movies_and_TV,CG,
"NOT FOR ME, nothing new, illegal abortion drama, sad, but deja vue","Long and boring.  Subject of abortion is like "" groundhog day""  No solution, no hope, just like the S.C. wants it.",1,13/01/2023 21:10,Happening,Movies_and_TV,OR,
Heartwarming Family Tales,"Depicts everyday struggles and joys of life with heartwarming family tales. The characters are lovable, and their interactions are genuine.",5,18/08/2023 12:27,Gullak,Movies_and_TV,CG,
Great train that stays on the track!,"I've bought 4 train over the last 3 years and have returned them all, even a couple more expensive than this. None of them would stay on the track under my tree. This one does! It's very nice looking and has a carrier car. My kids love to put toys in it and watch them go around the tree. It did get stepped on and the wheels broke off one car but it still runs, I plan to glue them but haven't had time.  Oh and the steam is very cute. It's also fairly quiet which is nice. I highly recommend this train.",5,20/12/2022 03:20,"Baby Home Metal Alloy Train Set w/ Steam Locomotive Engine, Cargo Car and Tracks, Electric Train Toy for Boys Girls w/ Smokes,Light & Sounds,Gifts for 3 4 5 6 7 8+ Year Old Kids",Toys_and_Games,OR,
Rushed!,"The concept of the story is good, but it was very poorly delivered. The whole thing was very rushed. Two days is not enough time to decide that you are in love and want to be married. And I wish that this was made into a full length book. It would’ve been much better.",2,28/05/2022 00:21,Arts and Witchcraft (Midwest Monsters Book 1),Kindle_Store,OR,
Dark and Captivating,"Captivates with dark themes and a compelling storyline. The character development is top-notch, ensuring you stay invested in their journeys.",4,15/07/2024 17:29,Asur,Movies_and_TV,CG,
Bad front light,The front light is terrible. My phone has more bright.,3,08/12/2022 21:05,"BV Bike Lights, Super Bright with 5 LED Bike Headlight & 3 LED Rear, Bike Lights for Night Riding with Quick-Release, Waterproof Bicycle Light Set, Bike Accessories, Bicycle Accessories, Flashlight",Sports_and_Outdoors,OR,
Dark and Atmospheric,"This novel is a dark and atmospheric tale set in post-war Barcelona. Zafón's storytelling is rich and evocative, with a plot full of mystery and intrigue. It's a beautifully crafted and immersive read.",5,15/06/2023 20:10,The Shadow of the Wind,Books,CG,
Stylish but Slippery,"Dress shoes are stylish and look great with formal wear. However, the soles are quite slippery on smooth surfaces. The fit is good, but the lack of traction is a major issue. Would have been perfect if the soles had better grip.",3,12/05/2023 16:10,Dress Shoes,Clothing_Shoes_and_Jewelry,CG,
Riveting and suspenseful,"Brandon and Hawwah unexpectedly find and fall for each other.  They have expected and unexpected issues to deal with, making this an intriguing, riveting, and suspenseful story.  I thoroughly enjoyed the book, and learning a few insights into a culture I'm unfamiliar with.",5,19/08/2022 15:49,Drowning in Shallow Waters: Romantic Suspense (Brothers in Law Book 4),Kindle_Store,OR,
Interesting reading,"The characters were interesting. The Roper  character being autism enabled made for interesting situation. The Hooley  character as the ""old man"" just seemed right. The vocabulary caught me out more than once, it made for interesting word play. Overall well done.",5,09/02/2023 14:45,DETECTIVES ROPER & HOOLEY BOOKS 1–4 four gripping crime mysteries box set (Detective Roper & Hooley crime thriller and mystery box sets Book 1),Books,OR,
High-Quality Cookware,"Offers exceptional cooking performance with its stainless steel construction. The cookware heats evenly and is easy to clean. It's a bit heavy, but the durability and quality make it a worthwhile investment.",5,12/03/2023 09:40,Cuisinart MCP-12N Multiclad Pro Stainless Steel Cookware Set,Home_and_Kitchen,CG,
Takes a bit of practice,"I love the lamp and it’s adjustable brightness and color temperature!  Yes, I said temperature because you can go from all white light to mixture or white and yellow to all yellow light!  Which is a nice feature.  The only problem most people will have is using touch to select and change the settings and to turn it on and off.  It does take some practice and eventually it will become second nature.",4,27/10/2022 16:05,"OYU LED , Reading Lamps Floor Standing, Bright 1800LM, Adjustable Gooseneck, 2700-6500K with Touch Control, Reading floor lamp for Living Room, Bedroom, Office, Black",Tools_and_Home_Improvement,OR,https://m.media-amazon.com/images/I/61yRJKzTgzL._SL1600_.jpg
Elegant and Timeless,"Pearl necklace is both elegant and timeless, perfect for any occasion. The pearls have a beautiful luster and the clasp is secure. Received numerous compliments while wearing it. Highly recommend for anyone looking for a classic piece of jewelry.",5,16/08/2023 13:20,Pearl Necklace,Clothing_Shoes_and_Jewelry,CG,
Lacks Power,Struggles with tougher materials. Not as powerful as advertised.,3,09/01/2022 04:36,Rockwell RK5142K 4.0 Amp Sonicrafter F80 Oscillating Multi-Tool,Tools_and_Home_Improvement,CG,
Dark and Twisted,"This novel is a dark, unsettling exploration of motherhood and the nature of evil. Shriver’s writing is compelling and the story is deeply disturbing. It’s a difficult but thought-provoking read that will stay with you long after you finish it.",4,15/01/2023 21:20,We Need to Talk About Kevin,Books,CG,
Work's great!,"Good price, works well.",5,14/09/2022 19:32,"AquaClear 70 Zeo-Carb Filter Insert, Aquarium Filter Replacement Media, A619",Pet_Supplies,OR,
very nice color,worked really well and I loved the color and the way it turned out,5,02/05/2022 03:19,"KILZ 14004 Chalky Finish Paint, 1 Quart, SPR-C02 Heartwarming, 32 Fl Oz",Tools_and_Home_Improvement,OR,
Confusing and Slow,Hard to follow plot and painfully slow pacing. Not enjoyable at all.,2,03/04/2023 21:07,Outer Range,Movies_and_TV,CG,
Great for Winter,"Great for winter, providing excellent warmth without being overly bulky. The fit is perfect and the material feels high-quality. Keeps warm even in very cold weather. Very satisfied with this purchase.",5,19/01/2023 12:15,Puffer Jacket,Clothing_Shoes_and_Jewelry,CG,
Love it!!,"My kids, ages 10-3, love this book! We have been reading it every night before bed. Love the variety of animals!",5,09/11/2022 01:31,The Song That Goes On and On and On and On,Books,OR,
Gentle Dog Shampoo,"Leaves my dog's coat soft and shiny. The scent is pleasant, but it doesn't lather well.",4,21/09/2023 07:16,Biosilk Therapy Shampoo for Dogs,Pet_Supplies,CG,
Eye-Catching Design,Statement necklace has an eye-catching design that truly stands out. The colors are vibrant and the craftsmanship is excellent. Perfect for dressing up any outfit. Comfortable to wear and doesn't feel too heavy. Very pleased with this purchase.,5,22/11/2023 18:30,Statement Necklace,Clothing_Shoes_and_Jewelry,CG,
Adorable,"Used these as a goodie bag stuffer. Quality is great, they look fabulous.",5,12/12/2022 01:27,"AIXIANG 12Pcs Cactus Candles Succulent Candles, Wedding Party Favors for Guests, Bridal Shower Candles Favors",Home_and_Kitchen,OR,
A+,"Very late to the party. I watched The vampire diaries very recently with my 15-year-old niece... romantic and fun little teenage drama, I enjoyed it. The originals, however, is a very well done series with a grown up feel. Anyway I'm enjoying it very much I just finished season 1 and about to start season 2. The acting is stupendous for this type of a series.. wow. My only real question is why the heck didn't they develop Hayley into a more meaningful character.. I mean I couldn't care less about her but it would have been nice to get an idea of what the heck Elijah is so attracted to in her other than she's a cute girl that's pregnant with his brothers baby. Other than that she's of absolutely no interest.",5,03/08/2022 23:25,,Movies_and_TV,OR,
"VERY THIN, but tough and comfortable sheets!","A little thin, I feel like they won't last a super long time, but so far they are holding up.",4,28/10/2022 14:48,"MEISHANG Cooling Sheet Set King Size - Breathable Luxury Sheet Set - Fit 16 Inch Deep Pocket - Ultra Silky Soft - King, Dark Black",Home_and_Kitchen,OR,
Powerful and Reliable,"Handles tough jobs with ease. Battery life is impressive, and build quality is top-notch.",5,23/01/2022 12:09,DEWALT 20V Max Cordless Drill / Driver Kit,Tools_and_Home_Improvement,CG,
Perfect Size,"Just flew on Spirit and Frontier (and lived to talk about it). This bag was perfect sized for the free ""personal item"" as long as it wasn't STUFFED full. Just feel rather cheap, but it gets the job done. No issues with any of the zippers either.",5,06/03/2023 17:30,Bago Personal Item Travel Bag For Airlines - Fits As 18x14x8 inches Travel Bag Spirit & Frontier Airlines - Foldable Duffle Bag For Travel - Personal Item Bag Small Carry On Bag For Air Travel,Clothing_Shoes_and_Jewelry,OR,
Heart-Wrenching and Inspirational,"Set during World War II, this narrative follows the life of a young girl in extraordinary circumstances. The characters are well-developed, and the plot is gripping.",4,05/06/2022 13:45,The Secret Orphan,Kindle_Store,CG,
Ineffective Deterrent,Didn't work at all. My cat wasn't bothered by it and continued the unwanted behavior.,1,23/01/2022 03:20,PetSafe Ssscat Spray Pet Deterrent,Pet_Supplies,CG,
Great Learning Tool,"Interactive and educational, keeps toddlers engaged. Some features are a bit repetitive but it helps with learning basics. Sturdy and well-made.",4,30/09/2023 06:12,LeapFrog My First Learning Tablet,Toys_and_Games,CG,
Good book,I like it.,4,13/02/2023 16:52,The Captain's Wife: A Second Chance Regency Romance (Inconvenient Brides Prequel),Kindle_Store,OR,
Spy Thriller,Delivers a gripping spy thriller with intense action and suspenseful moments. The story keeps you engaged from start to finish.,4,11/03/2026 14:37,No Time to Die,Movies_and_TV,CG,
Quality leather backpack,"It is unbelievable the amount of things you can get in his backpack. The look the style is stunning. It’s sleek, modern and high-quality leather.",5,21/01/2023 16:18,CLUCI Vegetable Tanned Full Grain Leather 15.6 Inch Laptop Backpack for Women Travel Bag Casual Daypack Purse,Electronics,OR,
Can't get through the first 50 pages.,The headline for this review says is all. I found this book un-readable.,2,10/06/2022 20:37,Lexicon,Books,OR,
The disc was in good condition,I enjoyed watching the programs,5,19/05/2022 14:06,In Plain Sight: Season 2,Movies_and_TV,OR,
Imaginative Dress-Up,Great for imaginative play. The costumes are well-made and fit a range of sizes. Accessories add a nice touch. Storage trunk is flimsy.,4,24/04/2022 05:08,Disney Princess Dress Up Trunk Deluxe,Toys_and_Games,CG,
Perfect for DIY,Perfect for DIY projects around the house. Lightweight and easy to handle.,5,28/03/2022 22:25,CRAFTSMAN V20 Cordless Drill/Driver Kit,Tools_and_Home_Improvement,CG,
Sharp and Reliable,"Keeps knives sharp with its self-sharpening feature. The knives are well-balanced and durable, making them great for various kitchen tasks. The block is stylish and compact.",5,15/05/2023 09:20,Calphalon Classic Self-Sharpening 15-Piece Cutlery Knife Block Set,Home_and_Kitchen,CG,
Overpriced and Ineffective,The POP containers are overpriced for what they offer. The seals are not as airtight as advertised and food still goes stale quickly. The plastic feels cheap and they crack easily.,1,22/05/2023 14:20,OXO Good Grips 12-Piece POP Container Set,Home_and_Kitchen,CG,
Large and Messy,This litter pan is large but my cat makes a mess every time he uses it. Cleaning is a hassle.,2,06/12/2023 12:46,Petmate Giant Litter Pan High-Capacity Cat Litter Box,Pet_Supplies,CG,
Good mix of songs,"I wanted something for my son, who has been playing trumpet at school for three years, to play over the summer. This has a good mix of songs to hold his interest, and it seems to be at about the right level or slightly challenging, so he'll be able to use this for a while as he learns some higher notes.",5,22/06/2022 19:53,"The Very Best of John Williams: Trumpet, Book & Online Audio/Software",Books,OR,
Fun,This was a fun read. Quick and easy and a good way to spend the afternoon.,4,06/06/2022 04:26,Love Lives On: Short Stories of Love and Romance,Books,OR,
Powerful and Fun,Impressive power and accuracy. Great for Nerf battles. Large capacity means less reloading. The size and weight might be too much for younger kids.,5,13/07/2022 09:03,Nerf Rival Nemesis MXVII-10K Blaster,Toys_and_Games,CG,
A Compelling Family Saga,Steinbeck's novel is a compelling and richly detailed family saga that explores themes of good and evil. The complex characters and the sweeping narrative make it a deeply moving and thought-provoking read.,5,30/05/2023 18:10,East of Eden,Books,CG,
Not ver fast,Speed$ not there but it will suffice til i decide to spend more for a faster onr.,4,10/01/2023 21:38,"HP Chromebook - 14a-na0022od 14"" Intel Pentium Silver N5030 1.1 GHz Intel UHD Graphics 605 4 GB RAM 64 GB eMMC Chrome OS BT Webcam Ceramic White (Renewed)",Electronics,OR,
Small kids can relate to this size of doll.,My grandson liked he could pretend this chelsa boy was him and his sister who had the Chelsea  girl pretended it was her. My grand daughter  is 3 and grandson is 2 1/2,5,08/07/2022 02:27,"Barbie Chelsea Doll, Small Boy Doll with Black Hair & Brown Eyes in Removable Smiley Camo T-Shirt, Shorts & Shoes",Toys_and_Games,OR,
Like this style and material.,"This is a fun dress to have, dress up or not it looks good",5,18/07/2022 14:00,Summer Dresses for Women Casual Beach Cover Ups Sundress with Pockets,Clothing_Shoes_and_Jewelry,OR,
Affordable and Functional,"Affordable and functional drawing tablet. The screen is good, and the pen works well. However, the color accuracy is not perfect, and the build feels a bit cheap. A good entry-level tablet for aspiring artists.",4,19/07/2023 10:50,XP-Pen Artist 15.6 Pro,Electronics,CG,
Good Quality,"When reliability and performance count, this is a real Streamlight battery, and recently manufactured per the date code.",5,20/08/2022 22:03,STREAMLIGHT 75375 Battery Stick- Stinger Group LED,Sports_and_Outdoors,OR,
The perfect travel bag,Top portion protects the golf heads.  Mesh area makes the whole thing a lot lighter than full plastic bags.  Has compartments for extra storage.  The whole bottom mesh folds into the plastic compartment to store away.  Includes a cloth bag to protect the whole thing.  This was a great buy.,5,01/11/2022 21:56,"OutdoorMaster Golf Travel Bags for Airlines with Wheels and Hard Case Top, Protect Your Clubs, Lightweight and Easy to Maneuver",Sports_and_Outdoors,OR,https://m.media-amazon.com/images/I/61Vlt0fhAdL._SL1600_.jpg
Womens run small.  Mens run large,"Even though the company has ""US"" in the title, these are made and shipped from Asia (too 4 weeks to arrive)  sizing is off because manufacturer is not familiar with US sizing.",3,20/12/2022 20:21,Custom Football Jersey Personalized COLLEAGE Fan Gift Hip Hop Sports Shirt Add Your Name & Number for Men Women Youth,Sports_and_Outdoors,OR,
Generic and Bland,"Nothing special in the plot and characters, failed to hold my interest.",2,06/01/2023 09:48,Reacher,Movies_and_TV,CG,
Lightweight Ice Axe,"Light and easy to handle. Perfect for alpine climbing and mountaineering. The build quality is excellent, and it feels secure in use. A great addition to any climber's gear.",5,22/01/2024 10:05,CAMP USA - Corsa Ice Axe,Sports_and_Outdoors,CG,
Perfect beginner puzzle,Perfect beginner puzzle for young child,5,11/05/2022 19:07,"KIDS PREFERRED World of Eric Carle, The Very Hungry Caterpillar and Friends Caterpillar Puzzle, Green",Toys_and_Games,OR,
Captivating Multigenerational Saga,"Following the lives of several generations, this saga is filled with rich cultural details and complex characters. The storytelling is immersive, although the extensive cast might be confusing at times. A rewarding read for those who enjoy family epics.",4,19/07/2023 21:22,The Covenant of Water,Kindle_Store,CG,
It is perfect for a little date!,It is great for little dessert fondue!,5,15/04/2022 01:23,"Yumchikel-Elegant Chocolate Fondue Heart Shaped Pot Butter warmer Bowl Set with 4 Dipping Forks & Tea Light Holder – For the Perfect Melted, Chocolate & Cheese Serving – fondue set",Home_and_Kitchen,OR,
Horrible smell that wont leave,"Literally threw it outside for a few days after trying to clear the smell from an air purifier+filter in closed off closet. HORRIBLE SMELL to this day, wish I would have picked another. Throwing this out at this point 2 months later, gives me a headache when near..",1,13/11/2022 02:12,BalanceFrom All Purpose 1/2-Inch Extra Thick High Density Anti-Tear Exercise Yoga Mat with Carrying Strap with Optional Yoga Blocks,Sports_and_Outdoors,OR,
Great Value for Money,"Offers great value for money with solid performance and build quality. The battery life is good, and the keyboard is comfortable to type on. However, the display could be brighter, and the trackpad is a bit finicky. Overall, a solid choice for budget-conscious buyers.",4,27/07/2023 09:45,Acer Swift 3 Laptop,Electronics,CG,
Engaging Family Drama,"Family dynamics and secrets are explored in this engaging drama. The characters are well-developed, though some storylines feel unresolved.",4,22/07/2023 13:20,The Nest,Kindle_Store,CG,
Powerful and Versatile,"Powerful suction and versatile attachments make this vacuum excellent for cleaning various surfaces. The battery life is impressive, and the LCD screen provides useful information. It's lightweight and easy to maneuver. Expensive, but the performance justifies the cost. Perfect for those looking for a high-quality, efficient vacuum.",5,19/10/2022 11:15,Dyson V11 Torque Drive Vacuum,Electronics,CG,
Bright and Brilliant Display,"Impressive brightness and vibrant colors make this TV stand out, performing exceptionally well even in bright rooms. Smart features are robust, and sound quality is decent for a built-in system. However, the viewing angles are not as wide as expected, and the price is quite steep. It's a great TV for those who prioritize display quality.",4,12/12/2023 09:20,Samsung QN90A Neo QLED TV,Electronics,CG,
Powerful and Disturbing,Atwood’s dystopian novel is both powerful and disturbing. The chilling portrayal of a totalitarian society that oppresses women is a stark reminder of the importance of vigilance in protecting rights and freedoms. It’s a gripping and thought-provoking read.,5,24/05/2023 11:30,The Handmaid's Tale,Books,CG,
Perfect for elementary students,"We bought the thesaurus to help expand my youngest's vocabulary when using writing prompts for his ELA program.  He has had a great time going through it and figuring out substitutions for words regardless of if it was for an assignment or not! The illustrations make it fun and colorful, and there's a decent amount of entries for each word. We have gone through it and made a game where I will give him the basic word and he will tell me more interesting substitutions. I've noticed his vocabulary improving in conversations as well as on his school work. The book arrived well packaged and in wonderful condition, just as stated considering it was used. It looked like it was close to new condition which made us very happy",5,16/05/2022 06:18,Scholastic Student Thesaurus,Books,OR,
Pointless and Bizarre,Episodes felt random and didn't seem to have any coherent storyline.,1,11/05/2022 18:33,The Boys Presents: Diabolical,Movies_and_TV,CG,
yummy Yum,my three little puppies love these toys,5,09/11/2022 16:02,"Heibizi Puppy Toys for Teething Small Dogs, Dog Toys for Small Dogs, Puppy Teething Chew Toys, Small Dog Toys Pack with Stuffed Squeaky Toys, Dog Ball, Ring Toy, Rope Toy",Pet_Supplies,OR,
Perfect,"I work standing, so I need to make sure my keyboard doesn't break my wrists. This product works as it should; there are even switches to turn off unused USB ports.",5,10/09/2022 03:28,SABRENT 4 Port USB 2.0 Data Hub with Individual LED lit Power Switches [Charging NOT Supported] for Mac & PC (HB-UMLS),Electronics,OR,
Compact and Works Well!,I use this splitter on my laptop to connect my flash drive and headset. It works well and the little blue light tells me that it's powered.,5,23/02/2023 01:24,USB 3.0 Hub Splitter - USB Extender 4 Port USB Ultra Slim Data Hub with Individual Power Switch and LED,Electronics,OR,
Underwhelming and Flat,"A story that failed to evoke any strong emotions. The plot was flat, and the characters were forgettable.",2,22/09/2023 17:20,LaRose,Kindle_Store,CG,
"Great Sound Quality, Limited Apps","Offers great sound quality with a compact and stylish design. The interface is user-friendly, but the app selection is limited compared to smartphones. Battery life is good, but not exceptional. Perfect for audiophiles looking for a dedicated music player, but not a full smartphone replacement.",4,19/12/2023 12:00,Sony Walkman NW-A105,Electronics,CG,
"Very pretty, but does not handle high heat well.","Very pretty, but does not handle high heat well.  I put chargers on top of the placemats to put my plates upon. I love the pattern and it looks so pretty in almost any beach themed kitchen. I got the coasters too and love them. Just protect them from high heat and getting too wet.",5,16/08/2022 04:00,Pimpernel Beach Prize Collection Placemats | Set of 4 | Heat Resistant Mats | Cork-Backed Board | Hard Placemat Set for Dining Table | Measures 15.7” x 11.7”,Home_and_Kitchen,OR,
Exceptional Cleaning Power,Offers exceptional cleaning performance and durability. It's quiet and highly effective on various surfaces. The premium price is justified by its superior build and longevity. A top choice for those serious about cleanliness.,5,12/02/2024 15:30,Miele Complete C3 Marin Canister Vacuum Cleaner,Home_and_Kitchen,CG,
Good tread on the bottom!,"The only thing I don’t like about this shoe is all the “plastic” around shoe strings and the label on the tongue of the shoe. Seems unnecessary. I have bought these twice however, because the tread is excellent.",4,08/11/2022 17:31,Skechers Women's Squad Sr Food Service Shoe,Clothing_Shoes_and_Jewelry,OR,
Flagship Killer,"Outstanding performance with a beautiful display and excellent camera. The battery life is solid, and the build quality feels premium. Priced competitively, making it a great value for a flagship phone. Highly recommended for those looking for top-tier features without breaking the bank.",5,19/09/2023 12:45,Xiaomi Mi 11,Electronics,CG,
Easy to install and sturdy,Used it to wall mount a 55 inch TV. Installation is easier with 2. The frame sturdy and holds up 55 inch TV with no sagging. smooth articulation.,5,11/12/2022 04:33,"ELIVED Full Motion TV Mount TV Wall Mount Swivel and Tilt for Most 26-65 Inch TVs, Wall Mount TV Bracket with Dual Articulating Arms, Max VESA 400x400, Holds up to 88 lbs. Fits 8” 12” 16"" Wood Studs.",Electronics,OR,
Is NOT waterproof,[[VIDEOID:8796531e06dbf08055aa31e594a3d714]] The video was taken right when it started raining. It rained for hours!!! It was a nightmare. If you are sleeping under a roof then you will be good but what's the point of camping under a roof?,1,18/06/2022 02:12,"2-Person Camping Tent – Includes Rain Fly and Carrying Bag – Lightweight Outdoor Tent for Backpacking, Hiking, or Beach by Wakeman Outdoors",Sports_and_Outdoors,OR,
Optimum suspense and medical thriller,"I didn't think Tim Combs could surpass the previous books, but he did. Combine terrorism and chemical warfare AND a locked down ER. Heroic doctors combined with doctors resolved to live made this a book impossible to put down.",5,02/12/2022 08:08,Insurrection : A Drake Cody Suspense-Thriller Book 4,Kindle_Store,OR,
Chaotic Fun,"Combines chaotic fun with humor and action. The characters are quirky and the plot is unpredictable, making it a fun watch.",4,07/06/2026 16:18,The Suicide Squad,Movies_and_TV,CG,
Perfect Grind,"Provides a consistent grind, essential for great coffee. It's easy to adjust and clean. The design is sleek, though it takes up some counter space. Great value for coffee enthusiasts.",5,05/07/2022 08:30,OXO Brew Conical Burr Coffee Grinder,Home_and_Kitchen,CG,
Lackluster and Predictable,"While this psychological thriller had an interesting premise, I found the plot to be predictable and the characters unlikable. The twists were not as surprising as I had hoped, and it didn't quite live up to the hype for me.",2,05/05/2023 12:30,The Girl on the Train,Books,CG,
Easy Top Load Carrier,Makes loading my cat much easier. The two-door design is very convenient. The plastic could be sturdier.,4,28/12/2023 03:56,Petmate Two Door Top Load,Pet_Supplies,CG,
Versatile and Reliable,"Handles a variety of cooking tasks with ease. The performance is consistent, and the digital controls are user-friendly. It's a bit bulky, but the versatility makes it a great addition to any kitchen.",5,22/03/2023 10:45,KitchenAid KCO275SS Convection 1800W Digital Countertop Oven,Home_and_Kitchen,CG,
Great Value for Money,"Solid performance and a good display. The build quality is decent, and the cooling system works well. However, the battery life is average, and it's a bit bulky. A solid choice for budget-conscious gamers.",4,18/10/2023 10:25,Dell G5 15 Gaming Laptop,Electronics,CG,
Heartfelt Journey but Slow-Moving,"This book is a touching exploration of personal redemption and human connections. The protagonist's journey is heartwarming, but the pacing is quite slow. It's a gentle read that requires patience to fully appreciate the subtle emotional depth.",3,06/04/2022 15:20,The Unlikely Pilgrimage of Harold Fry,Books,CG,
"love it, but it keeps moving on the bed","This really helps my comfort level and I'm sleeping better. The only problem is that this keeps moving on the bed, so I""ll be looking for something to help with that. Although it was a battle, I was able to remove it and get it on the bed without help, in spite of being almost 80 and dealing with pain and RA. Although some people have complained about odor, there was none that I was able to detect. The cover is essential! I""m very happy with this topper.",5,30/12/2022 17:17,Pure Green Natural Latex Mattress Topper - Soft - 2 Inch - Cal King Size (GOLS Certified Organic),Home_and_Kitchen,OR,
Waste of money,I bought this item as present for my wife now 6 months later the machine is leaking all over the place for the amount of money I paid you would think it would last longer than that,1,29/04/2022 23:35,"Brim 19 Bar Espresso Machine, Fast Heating Cappuccino, Americano, Latte and Espresso Maker, Milk Steamer and Frother, Removable Parts for Easy Cleaning, Stainless Steel",Home_and_Kitchen,OR,
Idk how I live in FL and don't wish own one,"The fan mode is quiet and provides a nice, albeit gentle, breeze. The active cooling on the neck plate is really cool; it's also a heatsink by design, so it's refreshing even with the active cooling off. The air vents could be aimed a bit better, even after trimming my beard it's not as much of a wind as I'm expecting. The LED lights are interesting, though I don't know what they're actually meant for, I guess it'll make it easier for people to find me at night, lol.",5,15/11/2022 01:34,"ZAPAL Portable Neck Air Conditioner Fan, Personal Rechargeable Cooling Neck Fans for Travel Camping Outdoor, Battery Operated Wrap-around Electric Fans for Men Women Kids, 3 Mode 3 Speed USB Fan Black",Home_and_Kitchen,OR,
Lovely,This is a beautiful comforter. Well made it is soft and warm. It is breathable and not too hot or heavy. It has ties to secure to a duvet cover. Smart to use with a cover. It puffs up nicely after a spin through the dryer. Lovely comforter that should last.,5,04/05/2022 06:02,"Three Geese Lightweight Down Blanket for Hot Sleeper, Summer Down Comforter with 21oz Fill Weight,100% Skin-Friendly Cotton,Queen Size 90x90 inches,750 Fill Power Fluffy with Corner Tabs.",Home_and_Kitchen,OR,
Visually decent fantasy anime.,"Originally titled Birthday Wonderland, this feature was based on Sachiko Kashiwaba's children's book from 1988. Keiichi Hara from Doraemon directed this for Warner Bros. Japan, even though it didn't get a wide American theatrical release, which has widely been seen as being a Studio Ghibli wannabe film. Akane is a middle schooler feeling left out of her friends' social circle, and decides to spend the day before her birthday at home pretending to be sick. Her mother sends her on an errand to a family friend Chii, who runs her own nick-nack store. While there, Akane accidently put her hand on an old clay handprint, which summons a mysterious top-hatted man appears from Chii's basement calling himself Hippocrates along with his fairy companion. Akane is labeled as the chosen Green Goddess meant to save this alternative world from running out of water, so she and Chii travel to this magical realm that somehow diverted into its own timeline due to interdimensional spiders capable of creating pathways to different worlds. Once in this ""wonderland"", our heroes' enthusiasm changes as Chii wants to explore it, but Akane merely wishes to return to her own world. The movie does have some stunning character designs, colorful backgrounds, and an endearing soundtrack. The plot and character development though seriously drags in this near 2-hour long movie, making it seem more amateurish for such a lavish visual production. The Wonderland is a decent screening for a lazy Sunday afternoon, but not exactly worth going out of your way for.",3,06/04/2022 22:02,The Wonderland [Blu-ray],Movies_and_TV,OR,
Great for the price,Ordered this for my chihuahua when he needs to be at work with me. We have one at home and he loves sleeping in it so I bought one for our shop . Super affordable vs going to the pet store,5,14/12/2022 18:33,,Pet_Supplies,OR,
Good quality,Good quality and affordable,5,06/07/2022 20:52,Just Go With It,Movies_and_TV,OR,
So versatile!,Love all the flexibility in so many options of how u can cut and sizes and all that. Pop in the dishwasher and comes out clean! Make sure u use the safety feature to save ur fingertips,5,29/12/2022 21:45,"Vegetable Chopper, Onion Chopper 16 in 1 multifunctional Food Chopper with 8 Blades Slicer Dicer Cutter & Dicing Machine, Adjustable Vegetable Cutter with Container",Home_and_Kitchen,OR,
really good book,I enjoyed this book so much that I went looking for other books by the same author. I bought 3 additional books and look forward to reading them!!,5,23/01/2023 00:56,Inhuman Trafficking: A Legal Thriller,Books,OR,
Compact and Powerful,Compact but very powerful. Great for light to medium tasks.,5,11/10/2023 03:33,BLACK+DECKER BDCDD12C 12V MAX Cordless Drill/Driver,Tools_and_Home_Improvement,CG,
A fast paced mystery,I enjoyed the characters and the storyline.  The story moves along at a good pace. The female characters are strong and interesting.,5,01/10/2022 00:48,"The Silent Boy: A Sloane Monroe Spinoff Series (Sloane & Maddie, Peril Awaits Book 1)",Books,OR,
Unstable and Difficult to Use,"Frequent crashes and unstable performance make this NAS more trouble than it's worth. The setup process is overly complicated, and the software is outdated. For the price, I expected a much more stable and user-friendly device. Not recommended.",2,23/07/2023 14:15,QNAP TS-451D2 NAS,Electronics,CG,
Weak Battery,Battery life is short and doesn't hold charge well. Disappointed.,2,01/02/2022 08:29,Bosch PS31-2A 12V Max Two-Speed Drill/Driver Kit,Tools_and_Home_Improvement,CG,
Researched and Informative,Another great work from Kevin Freeman and team!  Well researched and informative book on what is happening today.  I am buying copies for several wealth managers I know.  Thanks Kevin,5,03/09/2022 16:08,According to Plan: The Elites' Secret Plan to Sabotage America,Books,OR,
Bland and Forgettable,Bland characters and forgettable storyline. Nothing particularly interesting.,2,29/11/2023 19:55,Three Pines,Movies_and_TV,CG,
Convenient and Fun,"Creating sparkling water at home is both fun and convenient with the SodaStream Fizzi One Touch. It's easy to use and saves money in the long run. Some users might find the carbonation level inconsistent, but overall, it's a great addition to any kitchen for sparkling water enthusiasts.",4,07/01/2023 14:55,SodaStream Fizzi One Touch Sparkling Water Maker,Home_and_Kitchen,CG,
Disappointing Performance,Expected more from this food processor. It struggles with tougher vegetables and the motor overheats quickly. The design is bulky and takes up too much counter space. Cleaning it is also a hassle.,2,01/03/2023 12:45,KitchenAid KFP1133CU 11-Cup Food Processor,Home_and_Kitchen,CG,
The Glencairn,"This glass is amazing. Mine came crystal clear and pretty well protected, no chips or damage of any kind. It came fairly fast, about a day earlier than predicted. Love that as you enjoy your whisky that at the bottom of the glass it has The Glencairn Glass etched into the bottom of it. Have not put it in the dishwasher and don't plan to. Whisky finally has a proper glass.",5,08/01/2023 15:39,Glencairn Whisky Glass in Gift Carton,Home_and_Kitchen,OR,
Perfect Precision Cooking,"Achieving restaurant-quality results at home is easy with the Anova Sous Vide Precision Cooker. It ensures perfectly cooked food every time, maintaining flavor and moisture. The app integration adds convenience, making it user-friendly for both beginners and experienced cooks. Highly recommend for anyone serious about precise cooking.",5,30/08/2022 17:38,Anova Culinary Sous Vide Precision Cooker,Home_and_Kitchen,CG,
loved it,"I loved this book.  Reading from the perspective of the young girl was very different but well done.  A couple of times she seemed whiny and it was irritating but, again, it was from a young girl's perspective.  Otherwise it was great.",5,15/04/2022 18:29,Whistling Past the Graveyard,Books,OR,
"Small, but Sturdy","This hand pump triggered our old one that had broken.  It is made of quality metal and send to work quite well.  It is, however, a touch smaller than I was expecting.  Still, a nice purchase at a reasonable price",4,15/12/2022 19:54,"Soap Dispenser for Kitchen Sink, Built in, Stainless Steel (Copper), Copper Kitchen Sink Soap Dispenser, Refill from The Top, 17 OZ",Tools_and_Home_Improvement,OR,
"Great for price, could be more sturdy.",I believe that a real good kick or a ram would open this product. That is the only reason I give it 4 stars instead of 5. I think for your average uses it it more than enough.,4,08/06/2022 20:08,SECURITYMAN 2-in-1 Door Security Bar & Sliding Patio Door Security Bar (2 Pack) via Interchangeable Caps - Constructed of High Grade Iron - Door Stoppers Security Bar - Black,Tools_and_Home_Improvement,OR,
A Captivating Fantasy,"Martin's epic fantasy novel is a captivating and richly detailed story of power, intrigue, and betrayal. The complex characters and intricate plot make it a must-read for fantasy fans.",5,28/06/2022 20:30,A Game of Thrones,Books,CG,
A Whimsical Adventure,Tolkien’s classic adventure is a whimsical and enchanting tale that captures the imagination. The richly detailed world and memorable characters make it a delightful read for both children and adults. It’s a timeless story of courage and friendship.,5,11/09/2022 11:55,The Hobbit,Books,CG,
Solid Hiking Boots,"Provide solid support and keep feet dry. Great for rough terrains. These boots are comfortable right out of the box with no break-in period needed. The grip is fantastic on both wet and dry surfaces, and they provide excellent ankle support. They are a bit heavy, but that adds to their durability. Perfect for long hikes.",3,14/05/2022 09:30,La Sportiva Nucleo High GTX Hiking Boots,Sports_and_Outdoors,CG,
Good movie,Good movie,4,27/04/2022 15:04,,Movies_and_TV,OR,
Very Bright,This book light is very bright.  I actually covered the light with a little piece of tape that I blackened a bit.  It clips onto books very well.,5,02/06/2022 21:12,"Flexilight Reading Light | 2 in 1 Bookmark Book Light | LED Clip On Reading Lamp | Children and Adult Book Torch for Reading in Bed | Book Accessories | Gift Idea for Readers, Book Lovers (Mummy)",Tools_and_Home_Improvement,OR,
I was mentioned in the book!,Was very enjoyable!,5,10/10/2022 19:05,Oyster Harbors Caddy Camp,Books,OR,
Cat loves this stuff!,Good thing i found this online cause they didn't have this in stores when i found he liked this!,4,09/10/2022 05:25,,Pet_Supplies,OR,
Intriguing but Slow,"Plot is intriguing but the pacing is slow. The characters are well-developed, though the narrative can drag.",3,22/01/2030 11:35,The Institute,Kindle_Store,CG,
Homemade Bread Made Easy,"Produces delicious homemade bread with consistent results. The machine is easy to use and clean, and the programmable settings are convenient. A bit bulky, but the quality and performance are worth it.",5,15/09/2023 10:10,Hamilton Beach 2-Lb Bread Maker,Home_and_Kitchen,CG,
Perfect Ferret Litter Pan,This litter pan is perfect for my ferret. It's easy to clean and fits well in the cage. The sides could be a bit higher.,4,09/07/2022 19:26,Marshall Pet Products Ferret Litter Pan,Pet_Supplies,CG,
Perfect what I needed for my class,Perfect for my class,5,10/12/2022 22:30,Advanced Physiology and Pathophysiology: Essentials for Clinical Practice,Books,OR,
Powerful Grinder,Powerful motor and comfortable grip. Works well for various grinding tasks.,5,18/07/2023 01:04,"Makita 4-1/2"" Angle Grinder",Tools_and_Home_Improvement,CG,
Not Worth the Price,Underwhelmed by its performance. Feels flimsy and lacks power compared to other brands.,2,01/05/2022 13:34,BLACK+DECKER 20V MAX Cordless Drill,Tools_and_Home_Improvement,CG,
Interactive Police Car,Fun and interactive. The lights and sounds are engaging. The car is a bit small and can be hard to open.,4,07/11/2022 18:03,Playmobil City Action Police Patrol Car,Toys_and_Games,CG,
Versatile and Convenient,"Combining pressure cooking and air frying, this Ninja Foodi is a versatile kitchen gadget. It excels at producing crispy textures without excessive oil and cooks meals quickly. Somewhat bulky and requiring ample storage space, but the convenience it offers compensates for this minor drawback. Ideal for busy households looking to diversify their cooking methods.",4,15/09/2022 18:42,Ninja Foodi 9-in-1 Pressure Cooker and Air Fryer,Home_and_Kitchen,CG,
GRANDSON VERY HAPPY,Purchased for my 5 yr. old grandson whole loves Pokemon cards.  This order only had 2 cards that he already had but the rest were cards he did not have.  He was very happy with this collection of cards.,5,23/01/2023 16:09,25 Rare Pokemon Cards with 100 HP or Higher (Assorted Lot with No Duplicates) (Limited Edition),Toys_and_Games,OR,
Help it’s been,Was easy to use but my puppy was scared of it  so we couldn’t use it,5,08/07/2022 18:47,Petmate BRANDON MCMILLAN Lure Stick Training Tool by Petmate,Pet_Supplies,OR,
Beautiful but Heavy,"Beautiful design and vibrant colors make it a standout piece. However, it feels quite heavy around the neck and can be uncomfortable to wear for extended periods. Great for short events but not ideal for all-day wear.",3,17/11/2022 15:30,Beaded Necklace,Clothing_Shoes_and_Jewelry,CG,
What is not to like!,"Not sure why no reviews. As a basic Lord of the Rings, Hobbit fan this show is right on track.",5,03/09/2022 03:59,,Movies_and_TV,OR,
Comfortable and Thick,Provides great cushioning for yoga sessions. Non-slip surface ensures stability during poses.,4,26/05/2023 07:35,Gaiam Essentials Thick Yoga Mat,Sports_and_Outdoors,CG,
Intriguing but Uneven,"Cold War spy narrative is intriguing but uneven. The characters are interesting, though the plot lacks cohesion.",3,09/09/2025 15:10,The Secrets We Kept,Kindle_Store,CG,
Super fast charging!,Great quality and charges fast. Very impressed at the value for the price point. Highly recommend to anyone!,5,10/03/2023 15:02,"IFLASH USB C Charging Cable, USB-C iPhone Fast Charge Cable Compatible with iPad 8th 2020, iPhone 12/11/11 Pro/11 Pro Max/X/XS/XR/8, Support Power Delivery (Red, 6 Feet)",Electronics,OR,
Charming and Realistic,"Portrays rural life in a charming and realistic manner. The characters are endearing, and the storyline is both touching and relatable.",5,02/09/2023 19:12,Panchayat,Movies_and_TV,CG,
A Must-Read for Entrepreneurs,This book is a game-changer for anyone interested in entrepreneurship. Ries’s principles of lean startups and continuous innovation are practical and insightful. His real-world examples make the concepts easy to understand and apply.,5,18/07/2022 10:00,The Lean Startup: How Today's Entrepreneurs Use Continuous Innovation to Create Radically Successful Businesses,Books,CG,
As described and easy for our 5 and 9 yr old to play.,Easy for kids to play.,4,06/06/2022 17:41,"YoYa Toys Pop and Catch Ball Game - Outdoor Toys for Kids with 2 Catch Launcher Baskets and 3 Balls - Fun Outside Yard Activities, Indoor Classroom Games, Camping Beach Summer Gifts and Backyard Party",Toys_and_Games,OR,
I knew better,Not one channel. Installed it. Scanned it twice. NOTHING.  Reconnected the OLD antenna. Scanned it. Got 34 channels. I knew better but fell for the hype.,1,06/10/2022 17:14,"2022 Newest Amplified TV Antenna,400 Miles Range Indoor/Outdoor Antenna for Smart TV and All Older TV's,Digital TV Antenna with 35FT Coaxial Cable&Amplifier Signal Booster",Electronics,OR,
Strong and durable,I bought these to use in our cars for a good connection to our android auto as well as reliable charging. Working great and will buy again if needed.,5,11/05/2022 17:04,"USB Type C Cable, Anker [2-Pack 6Ft] Premium Nylon USB-C to USB-A Fast Charging Type C Cable, for Samsung Galaxy S10 / S9 / S8 / Note 8, LG V20 / G5 / G6 and More(Silver)",Electronics,OR,
Not Worth the Price,This coffee maker is overpriced for the features it offers. The coffee doesn't taste great and the machine is bulky. It's also difficult to clean.,2,15/07/2023 07:50,Keurig K-Duo Plus Coffee Maker,Home_and_Kitchen,CG,
Great value.,My dogs love these.I can give them treats much more often.And you can.not beat the price.,5,06/07/2022 14:40,"Milk-Bone Gravy Bones Dog Treats with Savory Meat Flavors, 19 Ounce (Pack of 12)",Pet_Supplies,OR,
Unreliable,Click mechanism stopped working properly. Not dependable.,2,11/10/2022 03:45,TEKTON 1/2 Inch Drive Click Torque Wrench,Tools_and_Home_Improvement,CG,
Semi perfect storage solution,"This shoe rack fits perfectly between our freezer and wall so we can put our shoes in it before entering the main part of the house. We roll it out, put our shoes in or take them out, then roll it back in it's little space. However, we had to modify it before using it. First, we put a piece of board on each shelf so the dirt from the shoe soles above doesn't fall into the shoes below. Next, we added an X brace in the back with some thin metal screwed into the vertical posts for stability. It was really wobbly before we added the bracing. So, out of the box it is crap, but with a few modifications, it's OK.",3,02/01/2023 19:49,"FKUO 10-Tier Shoe Rack with Wheels Large Capacity Metal Shoe Storage Unit Tall Shoe Organizer Shelf for 40 Pairs, for Entryway, Hallway, Closet, Dorm Room (Gray&Black, 10 Tier with Wheels)",Home_and_Kitchen,OR,
Jams Frequently,The blaster jams frequently and the darts don't fly far. The overall build quality is poor. Not worth the money.,2,28/08/2023 22:01,NERF N-Strike Elite Retaliator,Toys_and_Games,CG,
A Fun Fantasy Adventure,"Riordan's novel is a fun and engaging fantasy adventure that blends Greek mythology with modern-day settings. The characters are likable and the plot is fast-paced, making it a great read for young audiences and fantasy fans alike.",4,01/10/2023 11:30,Percy Jackson & The Olympians: The Lightning Thief,Books,CG,
Air Quality Improvement,"Significantly improves air quality, making a noticeable difference. It's quiet and covers large areas effectively. The filter replacement can be a bit expensive, but the results justify the cost. Great for those with allergies or looking to improve indoor air quality.",5,18/02/2023 16:00,Blueair Blue Pure 211+ Air Purifier,Home_and_Kitchen,CG,
Compact and Powerful,"Perfect for small spaces, delivering robust espresso without taking up much counter space. It's easy to use and clean, though it can be a bit loud. Overall, it offers great value for espresso lovers.",4,21/06/2022 08:35,DeLonghi ECAM22110SB Compact Magnifica S Espresso Machine,Home_and_Kitchen,CG,
"This light is really bright, when it is on, but haven't been able to get it to charge","It's easy to install, and it seemed like a great idea for my studio (which isn't at my house.) But so far, I haven't been able to get it to charge, beyond the charge it came with. the panel gets full sun. I'll keep messing with it. I may be doing something wrong.",3,23/10/2022 22:15,"AGPTEK Solar Shed Lights Indoor Outdoor, Work in Daylight Solar Pendant Lights with Remote, 120°Adjustable Motion Sensor Solar Lights 160 LED Solar Lamp for Shed, Barn, House, Gazebo, Garage, Shop",Tools_and_Home_Improvement,OR,
Versatile Brewing,"Offers the flexibility of brewing a single cup or a full pot. The programmable features are convenient, and the performance is consistent. It's a bit bulky, but the versatility makes it a great choice for coffee lovers.",4,05/05/2023 17:45,Keurig K-Duo Plus Coffee Maker,Home_and_Kitchen,CG,
Whimsical and Fun,"Combines adventure, romance, and humor in a delightful blend. The charming characters and witty narrative style create a light-hearted and entertaining read. Perfect for those looking for a whimsical escape.",5,25/11/2022 15:30,The Princess Bride,Books,CG,
Great Track Set,"Perfect for little train enthusiasts. The wooden pieces are durable, but the track disconnects easily during play. Assembly is straightforward.",3,18/03/2023 18:51,Thomas & Friends Wood Racing Figure-8 Set,Toys_and_Games,CG,
Dark and Haunting,"McCarthy's novel is a brutal and haunting exploration of violence and the American frontier. His vivid descriptions and philosophical musings make it a challenging but deeply impactful read. It's a dark, powerful work that leaves a lasting impression.",5,14/02/2023 18:35,Blood Meridian,Books,CG,
"Cool Concept, Poor Execution","While the concept of audio sunglasses is cool, execution is lacking. Audio quality is mediocre, with a noticeable lack of bass. The frames are bulky and uncomfortable to wear for long periods. Additionally, the battery life is quite short, requiring frequent charges. At this price point, I expected much better performance and comfort.",2,03/06/2023 12:30,Bose Frames Audio Sunglasses,Electronics,CG,
Smart Lighting at Its Best,"Easy to install and integrate with smart home systems, these bulbs offer a wide range of colors and brightness levels. The app is intuitive, allowing for easy customization and automation. A bit pricey compared to regular bulbs, but the convenience and functionality are worth it. Perfect for creating the right ambiance in any room.",5,10/08/2022 19:20,Philips Hue Smart Bulbs,Electronics,CG,
I love this top!,I love how it fits.  I love the material.  I love the color.,5,28/08/2022 00:07,Mansy Women's Casual Floral Print V Neck Ruffle Short Sleeve Summer Shirts Tops Loose Blouses,Clothing_Shoes_and_Jewelry,OR,
Quality pliers,These do not twist or deflect when used hard.,5,10/01/2023 00:33,"KNIPEX - 38 71 200 Tools - Long Nose Pliers Without Cutter, Angled (3871200)",Tools_and_Home_Improvement,OR,
Quality,Easy to install and very good quality,5,21/10/2022 13:41,"Alise Glass Shelf Bracket Adjustable Shower Brackets,Heavy Duty Rectangle Clamp Holder for 8-12mm Glass Shelves,Wall Mount Clamps Clip Support Hardware Replacement Parts,Polished Chrome 2 Pcs",Tools_and_Home_Improvement,OR,
Spicy hockey why choose 🥵🫣🤤,"***i was an ARC reader for this book, but my review is my opinion only**** So. Freaking. Good. Clench your legs together, GOOD. I cannot convey how steamy and passion filled this story is. You want spice? Check. You want a why choose story with extremely hot people? Check. You want hockey romance with possessiveness? Check. You want a story that’s so good you can’t put it down? Check. Jake - ahhh goofy, lovable, heart on his sleeve jake. He is panty melting from the prequel, and then he just gets better and funnier. He’s rugged, but sensitive. He has his insecurities, but he wants what he wants and protects what/who is his. He learns a new side to himself and new feelings for others. He becomes free to be who he wants. I wish we saw more of him coming into hisself. Carter - good ole broody Caleb. Former hockey player, now equipment manager. He has a guard up and keeps people at a distance. When he’s all in, he’s all in. He’s bi and in love with his best friend for years. He’s also got certain equipment that’s very, very beneficial to them alllll! I do wish he would’ve gotten some one on one scenes with Jake about his feelings that he has had all along. Ilmari - Holy tatted Thor! He’s Finnish and quiet and keeps to himself. He doesn’t let people in, friends or teammates, he’s a big, broody guy on the outside, but has a big ole heart on the inside. He faces some obstacles, but with help he over comes them. He lets his guards down and comes out of his shell and gains a family. He is smoking and his Finnish sayings? Adds even more sexiness to him. Oh and did I mention tree trunk thighs and a man bun? Swooon Rachel - girl is a bad ass woman. She’s grown up in the spotlight. She’s had experience in all sorts of things tagging along with her rockstar dad. She’s worked hard to recover from choices that she made when she was younger. She’s smart, gorgeous, and funny as hell. She wants what she wants. She helps those that she loves. She has a hard time accepting that people choose her and choose to accept her baggage and spotlight and the press that comes with it. She’s a firecracker that has a big heart that she wants to share. These guys come along and challenge her, excite her, bring out the best in her, and most of all, accept her for who she is. (She does have some selfish tendencies) 5/5 for 🌶 4.5/5 for ⭐️",5,20/03/2023 17:40,Pucking Around: A Why Choose Hockey Romance (Jacksonville Rays Book 1),Kindle_Store,OR,
Poor quality,It broke within a few days,1,06/08/2022 03:00,"Bike Water Bottle Cage, Durable Ultralight Plastic Water Drink Holder Rack, Lightweight PC Water Bottle Holder for Bicycle, Cycling Bottle Holder Cages for MTB, Road Bike, Mountain Bikes (A)",Sports_and_Outdoors,OR,
Nice,"This was a Christmas gift for my son inlaw and I was so proud that I chose this shirt, fit was extra large and just right and the color was a very muted purple. He really likes the shirt. It's comfy, not bulky. Looks really nice.",5,02/01/2023 20:34,Gioberti Men's Plaid Checkered 100% Cotton Brushed Flannel Shirt,Clothing_Shoes_and_Jewelry,OR,
Well worth the $$,"Not an expensive sound bar but sounds really good, super easy set up and bar is nice and small, doesn’t cover ir port on the tv",5,18/02/2023 21:07,"Polk Audio Signa S3 Ultra-Slim TV Sound Bar and Wireless Subwoofer with Built-in Chromecast | Compatible with 8K, 4K & HD TVs | Wi-Fi, Bluetooth | Works with Google Assistant",Electronics,OR,
Calms My Anxious Dog,Has really helped my dog with his anxiety during storms. Easy to put on and has a calming effect. Material could be more breathable.,4,04/04/2022 12:17,ThunderShirt Classic Dog Anxiety Jacket,Pet_Supplies,CG,
Durable and Engaging,My kids love these building blocks. They're sturdy and safe for young children. The set offers a good variety of shapes and sizes. Could use more pieces for larger projects.,5,02/01/2023 08:44,Melissa & Doug Wooden Building Blocks Set,Toys_and_Games,CG,
Game-Changer for Streamers,"Customizable buttons make this device a game-changer for streamers, making streaming more efficient and interactive. The setup is straightforward, and the software is user-friendly. It integrates seamlessly with various streaming platforms and software. The price is high, but the convenience and functionality make it a worthy investment.",5,16/12/2023 20:30,Elgato Stream Deck,Electronics,CG,
Powerful and Portable,"Excellent for spot cleaning carpets and upholstery. It's easy to set up and use, and the suction power is impressive. A bit heavy for a portable unit, but the performance makes it worth it.",5,09/04/2023 14:20,Bissell 3624 SpotClean Professional Portable Carpet Cleaner,Home_and_Kitchen,CG,
Not yellow,Color is more shades of orange. Small.,3,06/01/2023 16:45,"Hyhyco Blue Bathroom Rugs,Bath Mat for Bathroom Non Slip,Soft Bath Rugs,Absorbent Bath Mats for Bathroom Floor,Shaggy Plush Bathroom Carpet,Machine Washable & Comes with Laundry Bag(20""x 32"",Blue)",Home_and_Kitchen,OR,
A Poignant Story of Love and Loss,"Niffenegger's novel is a poignant and beautifully written story of love and loss. The unique premise of time travel adds depth to the narrative, making it a compelling and emotional read.",5,29/07/2023 11:15,The Time Traveler's Wife,Books,CG,
Compact and Powerful,"Offers powerful blending in a compact design. The Auto-IQ feature is convenient, and the performance is consistent. It's easy to clean and perfect for small kitchens.",4,01/08/2023 07:50,Ninja BL480D Nutri Ninja with 1000 Watt Auto-IQ Base,Home_and_Kitchen,CG,
"Looks cute, but not very well made.","The Costume is cute on my Maltese.  There was a bunch of fuzzies from the fur, and alot of threads hanging off of it that needed cleaned up before putting it on my dog.",4,20/01/2023 19:14,Funny Christmas Dog Costumes for Small Dogs Santa Dog Cat Costumes Stitch Costume for Dogs Suit Dog Cat Outfit Christmas Clothes for Pet Dog New Year Funny Dress Pet Party Clothing Suits(2XL),Pet_Supplies,OR,
The product is exactly as presented.,"These are replacement candle stem covers for our 30+ years old chandelier.  I was cleaning, and the old covers were crumbling.  I got on Amazon right away, found these that measure exactly what the old ones did, and within a couple of days, the chandelier looks brand new.  Perfect replacement!",5,21/10/2022 13:09,"Creative Hobbies Set of 6, 3 Inch Tall White Plastic Candle Covers Sleeves Chandelier Socket Covers ~Candelabra Base",Tools_and_Home_Improvement,OR,
Stylish and Functional,"This personalized collar is both stylish and functional. The engraving is clear and easy to read. It fits well, but the material could be a bit softer for extra comfort.",4,11/01/2023 03:33,GoTags Personalized Dog Collar,Pet_Supplies,CG,
"Decent Sound, Annoying Bugs","Sound quality is decent, but the device frequently encounters bugs and connectivity issues. Google Assistant often misinterprets commands, and the integration with other smart home devices is hit-or-miss. It's an okay smart speaker, but the persistent bugs are frustrating.",3,07/10/2023 17:00,Google Nest Audio,Electronics,CG,
Disappointed!,"Cheap, flimsy, and way too wide and long. I wanted this for my bedroom door. The door is solid wood so hopefully I will be able to tact or nail this to stay on. It should be about 4"" shorter and at least a 1/2"" less in width. Should be able to just slide this right on for a snug fit no such luck. Oh, well, live and learn.",3,12/01/2023 09:23,M-D Building Products 43336 36-Inch White Vinyl U-Shape Cinch Slide-On Under Door Seal,Tools_and_Home_Improvement,OR,
Light and Strong,Lightweight yet sturdy. The indicator feature adds an extra layer of safety during climbs.,5,11/02/2024 10:45,Mammut Crag Indicator Wire Gate Carabiner,Sports_and_Outdoors,CG,
Heavy and Bulky,Too heavy and bulky for comfortable use. Gets tiring after a while.,2,08/11/2023 07:24,"Makita XFD131 18V LXT Cordless 1/2"" Driver-Drill Kit",Tools_and_Home_Improvement,CG,
Stylish but Tight,"Stylish and look great, but the fit is quite tight. The material doesn't have much give, making them uncomfortable for extended wear. Would recommend sizing up for a more comfortable fit.",3,18/06/2023 14:20,Skinny Jeans,Clothing_Shoes_and_Jewelry,CG,
Secure Car Harness,Keeps my dog secure during car rides. Easy to adjust and put on. Could use more padding for extra comfort.,4,13/11/2023 05:34,Kurgo Enhanced Strength Tru-Fit Dog Car Harness,Pet_Supplies,CG,
Stylish but Short Battery Life,"Stylish design with a clear display and good performance. However, the battery life is very short, often requiring multiple charges a day. The fitness tracking features are basic compared to competitors. It's a decent smartwatch, but the battery life is a significant drawback.",3,25/01/2023 11:05,Fossil Gen 6 Smartwatch,Electronics,CG,
Powerful Conclusion,"Final book in the trilogy, it brings a powerful and satisfying conclusion to the story. The characters' arcs are well-developed, and the plot is gripping.",5,15/09/2023 19:30,The Winter of the Witch,Kindle_Store,CG,
I liked it,Good movie. I like all 3 Spider-Man’s and dr strange leading into the latest dr strange release. Multiverse,4,10/08/2022 03:02,,Movies_and_TV,OR,
Absolute trash,"This ""book"" reminds me of photocopied school books I used when growing up in Central America. All black and white, no real structure, the information in the book is just copy paste from who knows where... depressing ""guide book""",2,28/04/2022 23:41,Hades : LATEST GUIDE: Everything You Need To Know About Days Gone Game; A Detailed Guide,Books,OR,
Book,Supports the movie,5,14/08/2022 02:12,Mei's Wild Ride (Disney/Pixar Turning Red) (Step into Reading),Books,OR,
Enchanting and Haunting,Blurs the lines between reality and fantasy in an enchanting tale. The lyrical prose and deep emotional undertones create a hauntingly beautiful read. Perfect for those who enjoy mystical and introspective stories.,5,06/05/2022 21:45,The Ocean at the End of the Lane,Books,CG,
The best collar I've ever owned,"I love this collar! I chose it specifically for the buckle. It's so much easier than the ones that slip over the dog's head. The buckle feels strong and secure, even when it isn't locked. The plastic feels thick enough that it won't weaken over time. It feels like quality material in general. The color was as pictured and it looks really nice. I'm also a huge fan of the tag loop! It's so much easier to get those little key rings on that than with a traditional D ring. This collar passed the ultimate test when my dog crawled under a parked car two days after the collar arrived. She and the collar came out covered in grease and dirt. I just rubbed a bit of dish soap on the collar, tossed it in the washing machine with the rest of the laundry, and it came out good as new! It doesn't seem to get dirty easily, but when it does it's easy to clean. I'll definitely be ordering one for my other dog.",5,13/07/2022 05:45,"Max and Neo Nylon Martingale Collar - We Donate a Collar to a Dog Rescue for Every Collar Sold (Small, Blue)",Pet_Supplies,OR,
These masks are durable,They're comfortable to wear while staying safe.,5,14/04/2022 15:30,"100PCS Face Masks, Masks Disposable, 3 Layer Protection Black Disposable Face Masks for Adult, Teenager, Filter Smoke, Droplets, Dust and Pollen",Tools_and_Home_Improvement,OR,
Great for Walking,Walking shoes are great for long walks and everyday use. They are very comfortable and provide excellent support. The fit is perfect and they look stylish. Very happy with this purchase and highly recommend.,5,14/04/2023 09:45,Walking Shoes,Clothing_Shoes_and_Jewelry,CG,
Fantastic Fire Truck,"Packed with features that make playtime exciting. The extendable ladder and sound effects are great. It's large, so storage can be an issue.",4,02/04/2022 02:02,Paw Patrol Ultimate Rescue Fire Truck,Toys_and_Games,CG,
Epic Crime Saga,"Epic crime saga with a sprawling narrative and richly drawn characters. The storytelling is masterful, capturing the rise and fall of its central figures.",5,27/10/2025 16:57,The Irishman,Movies_and_TV,CG,
Shazam's New Challenge,Shazam is back with more laughs and action. It's a fun mix that keeps you entertained all the way through.,4,30/12/2024 11:27,Shazam! Fury of the Gods,Movies_and_TV,CG,
Noisy Fountain,Fountain is too noisy and my pets avoid it. Difficult to clean and maintain.,2,06/03/2022 13:00,PetSafe Drinkwell 360 Multi-Pet Stainless Steel Dog and Cat Fountain,Pet_Supplies,CG,
Emotional and Heartfelt,"Characters are deeply relatable, and the narrative pulls at the heartstrings. Some parts felt a bit melodramatic, but overall, it's a touching read.",4,12/06/2023 09:32,The Light We Lost,Kindle_Store,CG,
Helps with Allergies,These supplements have reduced my dog's allergy symptoms. He likes the taste and it's easy to give. The price is a bit high.,4,24/01/2022 20:26,PetHonesty Allergy Relief Immunity Supplement for Dogs,Pet_Supplies,CG,
Grandson loved it.,Grandson loves this series so he was excited to get this book.,5,17/08/2022 22:17,"The Sound of Danger (Mac B., Kid Spy #5) (5)",Books,OR,
Complicated Blade Changes,Changing blades is a hassle. Not user-friendly.,3,30/08/2022 15:41,Bosch StarlockPlus Oscillating Multi-Tool Kit,Tools_and_Home_Improvement,CG,
Great for toddlers,"My two year old granddaughter loved these sticker books! They are small enough for her to hold and apply the stickers! They also fit in the diaper bag/backpack! If you know a little one that loves stickers, they will love this!",5,25/02/2023 17:56,"Elfew 4Pack Sticker Books for Kids Age 1-3 2-4,Reusable Stickers for Toddlers 2-4 Years,Sticker Activities Books - Farm,Planet,Dinosaurs,Animal,Ocean World,Vehicle,etc.",Toys_and_Games,OR,
Disturbing and Unsatisfying,Disturbing themes without satisfying resolution. Left unsatisfied.,2,13/05/2024 11:55,Dead Ringers,Movies_and_TV,CG,
Dark Character Study,Offers a dark character study with a powerful performance at its core. The psychological depth and intense narrative make it a gripping watch.,5,04/04/2025 10:39,Joker,Movies_and_TV,CG,
Not material I like,I am not a fan of leggings that look shiny and these do. Material is also thick. I did think the style was cute .,1,07/05/2022 23:34,"Inno Bootcut Yoga Pants Capris with 3 Pockets for Women, High Waisted Womens Yoga Pants Workout Bootleg Pants",Clothing_Shoes_and_Jewelry,OR,
Dark and Suspenseful,"Dark narrative with suspenseful elements. The plot is engaging, though some parts feel predictable.",4,18/12/2027 11:40,All the Beautiful Lies,Kindle_Store,CG,
Challenging but Fun,Stacking game that's easy to learn but hard to master. Great for family game nights. Pieces are lightweight and can be knocked over easily.,4,25/08/2023 14:22,PlayMonster Stack Attack,Toys_and_Games,CG,
"Great for 13"" macs but struggles with 16""","Not really as sturdy as it should be for a 16"" macbook pro. You can only use it on low and flat you cannot tilt. The 13"" macbooks are just fine though and you can use all of the functionality. The phone port comfortably fits larger phones - Galaxy 22 ultra and Ip  4 max- both work well and can be used while resting on the base.",4,25/01/2023 17:48,"obVus Solutions Adjustable Laptop Tower Stand | Multiple Awards from Top Technology, Business and Health Magazines | Sitting to Standing in Seconds | Reduce Back and Neck Pain | Made in The USA",Electronics,OR,
Not Stable,Folding pet steps are not stable and wobble when my dog uses them. Not safe for older pets.,2,01/05/2023 21:15,PetSafe CozyUp Folding Pet Steps,Pet_Supplies,CG,
Excellent Hydration Bladder,Easy to fill and clean. The flow rate is great and fits well in my hydration pack.,5,06/03/2023 12:10,CamelBak Crux Reservoir Hydration Bladder,Sports_and_Outdoors,CG,
Enjoyable.,"I quite liked the writing style and the story.  I'm intrigued about the world building and would like more, pretty please.",5,23/10/2022 14:47,Keeper of Enchanted Rooms (Whimbrel House Book 1),Kindle_Store,OR,
Epic but Overlong,"A sprawling post-apocalyptic tale with memorable characters and gripping plotlines. The pacing can be uneven, and some sections feel unnecessarily long. Still, it's a compelling read for fans of epic storytelling and complex narratives.",3,20/02/2023 21:10,The Stand,Books,CG,
some were way too easy,"some were subjective to answer.  overall, we spent 4 hours reading them and trying to answer them out loud. Then, my parents came over and we spent another 2 hours .  Good buy and my preteen loved it",4,21/01/2023 19:07,Difficult Riddles For Smart Kids: 300 Difficult Riddles And Brain Teasers Families Will Love (Thinking Books for Kids),Books,OR,
Compact and Powerful,"Combines the power of a full-frame camera with a compact design. Image quality is outstanding, and it's perfect for travel photography. The autofocus is fast and accurate. Battery life is good, but the menu system can be a bit complex. Highly recommended for photographers on the go.",5,25/03/2023 14:45,Sony Alpha 7C,Electronics,CG,
Essential Reading for Understanding Race,"This book is an eye-opening exploration of the racial injustices in the American legal system. Alexander's arguments are well-researched and compelling, making a powerful case for the need for systemic change. It's a challenging but necessary read for anyone looking to understand the deep-rooted issues of race and justice.",5,08/10/2022 09:12,"The New Jim Crow: Mass Incarceration in the Age of Colorblindness"" by Michelle Alexander",Books,CG,
Compact and Smart,"Small, compact design that fits anywhere in the house. Alexa integration is seamless, making it easy to control smart home devices and get information quickly. The sound quality is decent for its size, but not as rich as larger speakers. Great value for the price, especially if you're already invested in the Amazon ecosystem.",4,02/04/2023 10:50,Amazon Echo Dot (4th Gen),Electronics,CG,
Not Sturdy Enough,The stable is cute but falls apart easily. The horses are small and not very detailed. Expected better quality from Melissa & Doug.,2,22/01/2022 02:33,Melissa & Doug Take-Along Show-Horse Stable Play Set,Toys_and_Games,CG,
Nicely made,Bought for granddaughter and she loves it. She especially loves the sound.,5,06/12/2022 18:10,"Rockin' Rider Lavender - Grow-With-Me Pony, Pink",Toys_and_Games,OR,
Feels a little fragile,"I have this 4 stars because it feels quite fragile and the mechanism that pushes the usb-c connection out isn’t really smooth. For what I use mine for, I would probably spend more to get something a bit more durable",4,13/12/2022 21:55,SanDisk 64GB Ultra USB Type-C Flash Drive - SDCZ460-064G-G46,Electronics,OR,
Warm and Cozy,This heated cat bed keeps my cat warm and cozy. It's well-made and easy to clean. The cord could be longer.,5,05/04/2023 16:55,K&H Pet Products Thermo-Kitty Heated Cat Bed,Pet_Supplies,CG,
Reliable Harness,This harness is reliable and comfortable for my dog. It's easy to adjust and put on. Some additional padding would be nice.,4,19/07/2022 11:49,Kurgo Journey Dog Harness,Pet_Supplies,CG,
A little tight,I would have given 5 stars but they are a  little to tight around the ankle. I bought the large size since I am a ten in shoes. They are ok to wear for a couple of hours but I can’t recommend wearing them longer.,4,02/05/2022 13:54,"Hanes Women's Value, Show Soft Moisture-Wicking Socks, Available in 10 and 14-Packs",Clothing_Shoes_and_Jewelry,OR,
part of the Reluctant series,Looking for book 6 in the future,5,23/08/2022 22:34,The Reluctant Co-ed,Kindle_Store,OR,
Great under sink organizer,"The item is as pictured. What I really love, and is unique for this product is that the top AND bottom shelves both slide out. On most of the products like this, only the bottom shelf slides out. I highly recommend this and would order again!!!",5,07/09/2022 08:47,"Aojia Double Sliding Cabinet Organizer, Under Sink Organizers and Storage, Pull Out Under Sink Organizer, Under Cabinet Organizer Baskets with 2 Drawers, Under Sink Storage for Bathroom, Kitchen",Home_and_Kitchen,OR,
Snug fit,Small,3,03/05/2022 14:29,Revolt Women's Juniors Classic Twill Short Overalls,Clothing_Shoes_and_Jewelry,OR,
Average Grooming Kit,The grooming kit works fine but the clippers aren't very powerful. It struggles with thicker fur. Could be better.,3,30/03/2023 15:51,Wahl Professional Animal Deluxe U-Clip Pet Grooming Kit,Pet_Supplies,CG,
Not as good as I thought,The suction is super strong. One of the baskets seems flimsy and the other has a wire that was broken. But it adds space in the shower and holds other things like speaker and or phone out of the way from shower water. I recommend,4,18/10/2022 00:21,"Adhesive Shower Caddy, 2 Pack Shower Shelves with Soap Holder, No Drilling Rustproof Stainless Steel Black Shower Organizer, Bathroom Shower Shelf for Inside Shower & Kitchen Storage, Black",Home_and_Kitchen,OR,
Good story,I like reading Tasha Alexander's books,4,16/08/2022 20:37,"The Dark Heart of Florence: A Lady Emily Mystery (Lady Emily Mysteries, 15)",Books,OR,
There is no pump,"Very simple instructions on where and how to use the ""pump"". It seems more like a air cavity with a one way valve. In order to kinda get any air into the pad, I had to inflate it manually. It did inflate fully, but not with the pump. I was surprised at how fast it does inflate using only my lungs, but I went with this more expensive option  because it was advertised with a pump integrated into it! Very disappointing. Overall, I like it, but I could have gotten similar sized pads at half the price I paid. If their customer service makes this right, I'll update this review to reflect this.",1,23/09/2022 10:32,"Camping Sleeping Pad, 4.5"" Ultra-Thick Inflatable Sleeping Mat with Pillow, Camping Pad for Backpacking, Hiking, Tent, Traveling",Sports_and_Outdoors,OR,
Best Streaming Device,"Best streaming device on the market with excellent performance and a wide range of features. Supports 4K HDR and has a powerful processor. The remote is intuitive, and the interface is smooth. Highly recommended for anyone looking for a premium streaming experience.",5,25/06/2023 13:20,Nvidia Shield TV,Electronics,CG,
Awful and disturbing,Terrible story. Very disturbing to read. Nothing enjoyable about this book. Would not recommend it. It’s terrible that they make kids read this in school.,1,16/02/2023 22:02,"Gathering Blue (Giver Quartet) (Giver Quartet, 2)",Books,OR,
Provides durability and strength between calf and ankle.,Provides durability and strength between calf and ankle when exercising. It also helps prevent blood clots.,5,13/04/2022 18:40,"bropite Copper Compression Socks for Men & Women Circulation- 6 Pairs 20-30mmhg Support Compression Socks - Best for Running, Athletic, Nurses, Pregnancy, Flight",Clothing_Shoes_and_Jewelry,OR,
A Classic Western,McMurtry's novel is a classic Western epic that captures the rugged beauty and harsh realities of life on the frontier. The richly developed characters and sweeping narrative make it a compelling and immersive read.,5,14/04/2023 17:45,Lonesome Dove,Books,CG,
Versatile and Reliable,"Versatile 2-in-1 design with reliable performance and a vibrant display. The keyboard is comfortable, and the battery life is good. However, it's a bit heavy for a convertible laptop, and the fan can be noisy. Overall, a solid choice for those looking for flexibility.",4,14/04/2023 12:25,Lenovo Yoga 9i,Electronics,CG,
break easily and there is no possible way to use one to pick up a fork as shown in demo,I'm on my second package. Thinking I broke all the ones in the first packet from poor skills. Which was partially my fault many of the first times these loops broke from mishandling. But they are also breaking from doing the example tricks on the video. This product is cool but gets one star because there is no way you are moving a fork with these things. And there is definitely no way to use them to make a fork spin on a bottle which is another advertised trick for these. The idea that the string could send enough force when snapped on a fork to get it to spin on top of a bottle is ludicrous. So I don't like what seems to be deceptive advertising. BUT ... Here's the thing though even though I keep breaking it. I keep buying more ... I love when the effect works. but this is getting expensive,1,08/10/2022 04:22,Loops New Generation (Set of 8) by Yigal Mesika,Toys_and_Games,OR,
Good Variety,Comes with a good range of sizes. Drills through metal effortlessly.,4,05/01/2024 09:17,Bosch 21-Piece Black Oxide Metal Drill Bit Set,Tools_and_Home_Improvement,CG,
Creative and Fun,"The weaving loom is great for creative kids. Instructions are clear, but younger kids may need help. Provides hours of entertainment.",4,13/02/2023 15:34,Melissa & Doug Wooden Multi-Craft Weaving Loom,Toys_and_Games,CG,
Overhyped and Disappointing,"Failed to live up to the hype. The protagonist was annoying, and the plot was both predictable and uninteresting.",2,11/04/2024 18:10,"Where'd You Go, Bernadette",Kindle_Store,CG,
THIS IS NOT A TOY FOR AGGRESSIVE CHEWERS,"My 1-year old pit bull loved this for as long as it lasted--a whole 4 minutes (not exaggerating). I got this as a gift and gave it to her. She was so excited that she put her whole mouth over the ball and chomped on it. The cheap plastic lasted for about 4 minutes before it disintegrated. If you have a small dog that can't fit it's mouth around it, great. But if you have a larger dog (with intense chewing instincts) that can fit it's mouth around it and bit down, this is not for you.",1,11/04/2022 15:16,"Petbobi Upgrade Interactive Dog Toy Bouncing Giggle Ball Monster Plush Puppy Toy Squeaky Shaking Vibrating Automatic Moving Exercise Electronic Motorized for Small Medium Puppy, Pink",Pet_Supplies,OR,
Multiverse Madness,"Delivers stunning visuals and a complex narrative, with well-developed character arcs making it a compelling watch.",4,09/08/2025 15:45,Doctor Strange in the Multiverse of Madness,Movies_and_TV,CG,
Wow!,"I am a huge fan of Anna Hackett's writings and ""The Detective"" was great. I enjoy the action infused with sexy romance between characters that struggle with their past personal experiences. I especially like that the badass men are prior military and obsessed with giving their all for the women they love. And their women are badasses who take the men on. Hunt and Savannah are an adorable couple and their story was exciting to read. I will continue with the next book in the Norcross series. Well done!!!",5,23/02/2023 08:50,The Detective (Norcross Security Book 7),Kindle_Store,OR,
Versatile Substrate,Works well for my reptile enclosure. Holds moisture and is easy to clean. The packaging could be more user-friendly.,4,24/10/2022 18:18,Zoo Med Eco Earth Loose Coconut Fiber Substrate,Pet_Supplies,CG,
Solid Kitchen Set,"Well-made and looks great. Assembly is time-consuming and some parts don't fit perfectly. Kids enjoy it, but it's on the pricier side.",3,20/09/2023 09:44,Melissa & Doug Chef's Kitchen - Charcoal,Toys_and_Games,CG,
great read,The first time reading J.R. Ellis and I will be reading more. Very well written. I could picture the Scottish landscape. The characters had depth and the story kept me reading to find out what happened next,5,17/03/2023 15:47,The Body in the Dales (A Yorkshire Murder Mystery Book 1),Books,OR,
Top is Great for Petites,"I found this Hanes top to be a little roomier than I anticipated.  I ordered a Medium (my usual size), but it’s a bit loose all over.  The width under the arms is 20.5 inches, which is approximately 41” all around.  I do like that the sleeve length (from neck to sleeve hem) is short (26.5”) which is nice for a petite person like me.  Also, the hem falls near my mid thigh.  I am 5’3” and 120 lbs.  It is made of 60% polyester, 30% cotton, and 10% rayon.  I wear it as an undershirt for layering, and it didn’t feel scratchy or sweaty to me.  The neckline is also roomy. If you want form-fitting, you will need to go one size smaller.  Tall people may find it too short.  The length from back of neck to hem is 25”, and that’s the back length.  The back is 2 inches longer than the front.  I like this top, because it works for a petite person like me.  The price is reasonable, too.  The manufacturer should package it into like a 3-pack for a reduced price.",5,01/02/2023 16:20,"Hanes Originals Tri-Blend Long-Sleeve T-Shirt, Crewneck Tee for Women, Relaxed Fit",Clothing_Shoes_and_Jewelry,OR,
Overpriced Espresso Maker,This espresso machine is overpriced for the quality it delivers. The coffee is not hot enough and the milk frother is weak. It's also difficult to clean.,2,12/06/2022 13:30,Nespresso Creatista Plus Coffee and Espresso Machine by Breville,Home_and_Kitchen,CG,
Lightweight and Powerful,"Lightweight and extremely portable with powerful performance. The battery life is excellent, and the build quality is premium. The keyboard is comfortable, and the display is bright and clear. Perfect for professionals who travel frequently.",5,23/10/2023 09:40,HP Elite Dragonfly,Electronics,CG,
Detailed Coloring Book,"I like to color as a way to reduce stress and take my mind off things, and this book is great! The some of the outlines are pretty detailed so if you like simpler designs it may not be for you, but I enjoy making them super colorful. Cool book.",5,03/01/2023 23:51,"Mushroom Coloring Book: Stress Relief Coloring Book for Adults Mushrooms, Fungi and Mycology",Books,OR,
Stylish and Versatile,"Stylish and versatile, suitable for both casual and formal wear. The fit is true to size and they are very comfortable for long periods. The material feels durable and the design is chic. Highly recommend for anyone looking for a reliable pair of boots.",5,02/10/2022 15:25,Ankle Boots,Clothing_Shoes_and_Jewelry,CG,
Powerful Blaster,Fun and powerful. The motorized blaster is great for Nerf battles. It's a bit heavy and can be tiring to use for long periods.,4,15/12/2023 18:03,NERF Mega Motostryke Motorized 10-Dart Blaster,Toys_and_Games,CG,
Effective but Greasy,Provides excellent protection against fleas and ticks. The solution is quite greasy and takes a while to absorb fully into my dog's fur.,4,08/04/2023 12:30,PetArmor Plus Flea and Tick Prevention for Dogs,Pet_Supplies,CG,
Very soft,Just right for Vermont!,5,19/11/2022 10:03,,Sports_and_Outdoors,OR,
Low maintenance fountain,So far all I've done was change the tips. if you run out of water it sounds like a funny squawk which I like. Time to fill. No problems works as shown in the description.,5,18/07/2022 19:27,"Wall Hooks 33lbs/15Kg(Max) Transparent Reusable Seamless Hooks for Hanging,Waterproof Oilproof Bathroom Kitchen Heavy Duty Adhesive Hooks,Coat Hooks, Utility Towel Bath Ceiling Hooks (20Pack)",Tools_and_Home_Improvement,OR,
Small Size,"This is a much smaller version of the Korean party game called ""Yoot-No-Ree"".  Much smaller size that the actual sticks that are normally used.  Still, it does the trick, but definitely not the highest quality.",3,20/12/2022 06:56,"iLLO Korean Traditional Board Game Yutnori for Kids Childre with Adult Family on Christmas, New Year, Thanks Giving, Party Game.",Toys_and_Games,OR,
What a POS !!!,"Dropped calls frequently, then died completely after 32 days of moderate use. The noise cancelling is great, but totally useless if the headset doesn't work!!",1,20/04/2022 23:09,"BlueParrott S450-XT Voice-Controlled Bluetooth Headset – Industry Leading Sound with Long Wireless Range, Extreme Comfort and Up to 24 Hours of Talk Time , Black , Stereo",Electronics,OR,
"Easy too ensemble, sturdy and cute.","This little pink rocking horse is just too adorable. Not too high so little ones don't get hurt. The wood is hard and sturdy.  All the pieces/ hardware were labeled. After sorting out the pieces, the directions are just a diagram and pretty easy to understand. Be carefull on the next to last step. And how you place the short bottom boards. Overall very happy with my purchase!",4,31/07/2022 03:21,"labebe Kids Rocking Horse for 1+ Year Old, Wooden Rocking Unicorn for Toddler Age 1-3, Baby Animal Horse Rocker Kids Ride On Toys, Great Festival Gift for 12M+, 26.5""*10.6""*18.3"", Gray",Toys_and_Games,OR,https://m.media-amazon.com/images/I/616b3IZR+CL._SL1600_.jpg
Thunderous Fun,"Offers action-packed sequences and humorous moments, with well-developed characters adding to the enjoyment.",5,27/10/2025 16:57,Thor: Love and Thunder,Movies_and_TV,CG,
Too Small,Jumbo cat scratcher lounge is not as large as expected. My cat barely fits on it.,2,26/03/2022 11:12,PetFusion Jumbo Cat Scratcher Lounge,Pet_Supplies,CG,
Durable and Reliable,Durable with excellent battery life. Handles all tasks with ease.,5,06/06/2023 16:07,DEWALT DCD780C2 20V MAX Lithium-Ion Compact Drill/Driver Kit,Tools_and_Home_Improvement,CG,
Beautifully Crafted Story,"This novel is a poignant and beautifully written story set during World War II. The characters are richly developed and the plot is both heartbreaking and uplifting. It’s a powerful tale of courage, love, and resilience.",5,11/03/2023 11:35,The Nightingale,Books,CG,
Suspenseful but Predictable,"Plot is suspenseful with an unreliable narrator, but some twists are predictable. The characters are interesting, though the narrative lacks originality.",3,23/06/2024 12:25,The Woman in the Window,Kindle_Store,CG,
Nevada and Candice had more adventures and faced new dangers,"SAPPHIC BOOK BINGO: non-US/UK setting, not a romance, out of your comfort zone, butch character; UNICORN: more than 2 POVs (possibly other categories) I enjoyed The first book in the series, and kept reading through the next two books. There was some Sudanese culture covered in book two, which made it more interesting for me. I knew where it was located in Africa, but nothing more, so I got to learn a few things while reading it. More of Nevada and Candice's backstories were explained, including a few secrets about the American's past. Occasionally, I wasn't comfortable with Nevada's inappropriate comments, but I'm in my fifties, so it was possibly age-related. The fun, wit, snark, adventures, and danger all contributed to more excitement with the two women, and the chemistry went up a notch or two.",4,03/08/2022 04:28,Candice Cushing and the Lost Tomb of Cleopatra (The Cushing-Nevada Chronicles Book 2),Kindle_Store,OR,
Chunky sleek frames,These are nice fashion frames.  Chunky thick frames for a unique look,5,31/12/2022 03:12,SeeBand Blue Light Glasses for Women Men Fashion Classic Square Eyewear Thick Frame Non Prescription Glasses,Clothing_Shoes_and_Jewelry,OR,https://m.media-amazon.com/images/I/81mVmErf3DL._SL1600_.jpg
Bright and Comfortable,"My husband works in road maintenance and needed something for nighttime when he gets called in. We received these two head lamps about a week ago to replace old ones he had, he charged them right away to use. They are very bright and are very comfortable. You have six modes on the units, two for distance, two for right around you and two that are red. The distance one is very bright and you can see far, the mode around you gives you a very wide work area. These two units are the best so far that he has owned.",5,03/11/2022 14:15,"Led Headlamp for Adults with 5 Cores & 6-Modes, 650 Bright Lumens USB Head Lamp Rechargeable for Lightweight and Long Endurance. Waterproof Headlamp for Camping, Hiking, Running.",Tools_and_Home_Improvement,OR,https://m.media-amazon.com/images/I/71VWRRCI7tL._SL1600_.jpg
Doesn't work,The 5 star review must be paid or the product has changed because these do not work.  See my images.  Waste of money.,1,22/05/2022 00:28,"LIGHTDIMS Original Strength - LED Covers and Dimming Sheets for Routers, Electronics and Appliances and More. Dims 50-80% of Light, in Minimal Packaging.",Tools_and_Home_Improvement,OR,https://m.media-amazon.com/images/I/61GE3EJFjsL._SL1600_.jpg
Durable and Nonstick,"Provides excellent cooking performance with its nonstick surface. The cookware heats evenly and is easy to clean. It's a bit heavy, but the durability and quality make it a worthwhile investment.",5,07/04/2022 16:20,All-Clad HA1 Hard Anodized Nonstick Cookware Set,Home_and_Kitchen,CG,
So pretty,"I bought these for my sister who recently had a baby.  She plans to make her own baby food and needed some containers.  These are a very good option,  because the lids are nice and tight without any leaks.  The size is perfect for a couple of days of baby food and it's very convenient that they can be stacked on top of each other for easy storage.  Since they are glass, we don't have to worry about weird chemicals leeching out into the food.  I really like the lovely diamond pattern on the outside.  It's pretty,  but it's more than just decorative.  It also gives you some texture so you can get a better grip on it.  It makes it easier to open and less likely to drop it.",5,08/08/2022 03:21,"Cadamada 8 OZ Glass Jars with Lid, Small Mason Jars with Silver Lid, Ideal for Store Fresh Jams, Jellies, Honey, Fruit Smoothies (30PCS)",Home_and_Kitchen,OR,https://m.media-amazon.com/images/I/71fHvTTRwdL._SL1600_.jpg
Cats Lost Interest Quickly,"Initially, my cats were fascinated by the toy, but they lost interest after a few days. It could be more engaging.",3,08/05/2022 13:23,SmartyKat Hot Pursuit Cat Toy,Pet_Supplies,CG,
Nice detail and nicely crafted!,"[[VIDEOID:fbfa6326dce77b2571e586dcd6d0eb63]] Beautiful copper flower design.  The coloring and details look good.  The base has a nice copper weight.  The flower screws into the top for assembly.  The base of the flower of mine did not screw in.  This should be an easy fix.  Nonetheless, it looks sooo good that I recommend based to quality and design. Trust you found this review honest and helpful:-)",5,14/11/2022 01:54,MakuliSmit Metal Flower (Copper Stained Lily) - Hand Forged Iron Sculpture,Home_and_Kitchen,OR,
What to Get a New Mom or Dad,This is my go-to present for anyone with a new baby that you want to remember but not go overboard on a gift. Babies love this tactile presentation for their first introduction into reading.,5,11/12/2022 21:12,Pat the Bunny (Touch and Feel Book),Books,OR,
Slow Burn Romance,"This historical romance novel is a slow burn, but the richly detailed setting and well-developed characters make it worth the wait. Gabaldon’s blend of history, fantasy, and romance is captivating, and the story is deeply immersive.",4,21/12/2022 15:55,Outlander,Books,CG,
A Deeply Moving Memoir,Strayed's memoir is a deeply moving account of her solo hike along the Pacific Crest Trail. Her candid reflections on her personal struggles and the healing power of nature make it a powerful and inspiring read.,5,01/11/2022 17:35,Wild: From Lost to Found on the Pacific Crest Trail,Books,CG,
Love love love!,"Wish we could see many, many live performances like this, these days. So fabulous! Kevin Spacey is amazing. Miss him, too. Great movie! Buying the soundtrack.",5,29/12/2022 21:29,,Movies_and_TV,OR,
"Decent Storage, But Slow Performance","Providing ample storage at a reasonable price, this hard drive is good for backups but disappointing in terms of performance. Transfer speeds are quite slow, especially when handling large files. It's compact and easy to carry, but the sluggish performance detracts from its overall value. It's okay for occasional backups, but not ideal for regular use.",3,08/03/2023 15:40,Seagate Backup Plus Slim External Hard Drive,Electronics,CG,
Compact and Efficient,"Brews excellent espresso with a sleek design. It's compact and heats up quickly, making it perfect for small spaces. The water tank is small, but it's ideal for single users.",4,25/07/2022 14:50,DeLonghi Dedica EC680M Espresso Machine,Home_and_Kitchen,CG,
Atmospheric and Engaging,"Beauty and isolation of a remote island are captured in this narrative. The mystery unfolds at a steady pace, keeping you hooked till the end.",4,18/09/2022 17:45,The Lightkeepers,Kindle_Store,CG,
Interesting subject content,This addition to the series has reverted to a very complex plot and a bit too much extraneous characters and plot twists.  I don't think that even splitting into two stories would solve this.  I would rather have seen a continuation of the wonderful structure of the previous book.,4,23/12/2022 01:29,Circle of Dead Girls (A Will Rees Mystery Book 8),Kindle_Store,OR,
Underwater Kingdom Adventure,This movie really dives deep into an underwater world with some of the best visuals I've seen. The story has some emotional moments that hit hard.,5,15/03/2024 14:15,Aquaman and the Lost Kingdom,Movies_and_TV,CG,
Comfortable and Supportive,Hiking socks provided excellent comfort and support during long hikes. The material is breathable and prevents blisters. Fit is perfect and they hold up well after multiple washes. Highly recommend for outdoor enthusiasts.,5,15/06/2022 09:05,Men's Hiking Socks,Clothing_Shoes_and_Jewelry,CG,
Unsafe Exercise Ball,My small pet got his foot stuck in the slits. Unsafe and poorly designed.,1,24/06/2022 21:03,Living World Exercise Ball for Small Pets,Pet_Supplies,CG,
CAME WITHOUT PACKAGING,"So the product is fine, it’s a great game. BUT it got delivered only in its merchandise box, not in an Amazon box. They just slapped a shipping label on it then left it on my front porch.",2,05/01/2023 23:08,"MasterPieces NFL San Francisco 49ers Shake N' Score Travel Dice Game, For 2 Players, Ages 6+, Black, One Size, Model: 41670",Sports_and_Outdoors,OR,
Visually Stunning,Showcases visually stunning effects and familiar songs. The realistic animation brings the animal characters to life in a breathtaking way.,5,15/07/2024 17:29,The Lion King,Movies_and_TV,CG,
Comfortable Sleeping Bag,"Warm and cozy for cool nights, packs down small. Zipper can snag, otherwise a solid choice for camping.",4,27/12/2023 14:05,Comfortable Sleeping Bag,Sports_and_Outdoors,CG,
Good for DIY,Perfect for small home projects. Easy to handle but lacks power for bigger tasks.,4,24/10/2023 18:47,Ryobi P215K 18-Volt ONE+ Cordless 1/2 in. Drill/Driver Kit,Tools_and_Home_Improvement,CG,
Dependable Tool,Dependable and powerful. Great for DIY projects but the chuck could be tighter.,4,27/01/2023 13:52,DEWALT DCD771C2 20V MAX Cordless Drill/Driver Kit,Tools_and_Home_Improvement,CG,
Great value works great with my new pellet rifle,"Worked great, getting rid of rats from the neighbors chicken coop",5,11/12/2022 15:14,PREDATOR Rifle Field Round Nose Air Gun Pellets | .25 Caliber | 26.4 gr | Rounded Head for Target Shooting and Hunting | 200 Count,Sports_and_Outdoors,OR,
2nd best we have tried,These were pretty decent. Smelled fine and did not leave a mess. They made it through two or three 1ish hour chew sessions. The dogs like them pretty well but they also aren’t super picky. I love beef cheeks because I can give it to them to keep them busy and I don’t have to worry about them eating it and getting a blockage because it is digestible (within reason of course) I mentioned 2nd best because they were good but I have yet to find any that beat the beef cheek chews from “Happy Dog Place” but these are definitely the second best brand we have found,4,28/11/2022 05:02,"Top Dog Chews – 10” – 12” Buffalo Beef Cheek Rolls with Bully Dust Sprinkles, 3 Pack, Long Lasting Dog Bones for Aggressive Chewers, Rawhide Free Dog Treats",Pet_Supplies,OR,
Cute but Uncomfortable,"Ballet flats are cute and stylish, but they are very uncomfortable. The fit is too tight and they cause blisters. Disappointed with the comfort level despite their attractive look. Would not recommend for long wear.",2,25/09/2023 11:10,Women's Ballet Flats,Clothing_Shoes_and_Jewelry,CG,
Confusing and Overdone,"A confusing narrative with too many twists. The premise was intriguing but poorly executed, leading to a frustrating read.",2,19/01/2024 10:20,The 7 1/2 Deaths of Evelyn Hardcastle,Kindle_Store,CG,
wow great addition,"This is what Amy Lane is great at!  Taking a group of strangers, forming a ensemble,  then fighting for a common cause and becoming family. The story began  many years ago with two young men falling in love. That would be Danny and Felix. Meeting Julia Salinger , her life a living hell they became 3. This is their story living through these pages leading a band of young people to become the Robin Hood's of our times. This group has many players, all good in different fields of expertise. Once they are given a problem, come hell or high water they work to achieve it. Its sometimes works like a McGiver show (you might be too young to understand this ) and sometimes its magical clock work. with one of the group finding there HEA. This #5 was gripping with Stirling and Molly finding out the truth about he death of their parents and Stirling finding Tienne the yin to his yang. We get some hints about their son Josh,, Julia's son and the new man who is trying to court Julia Salinger.....cannot wait Ms Lane!!!",5,10/01/2023 18:42,The Tech (Long Con Adventures),Kindle_Store,OR,
Great for 45lb pup,"It's not the sturdiest crate I've purchased, but it is nicely constructed. Love the multiple openings. I also purchased a nice water proof cover with windows to give my pup a den like home.",5,01/04/2022 07:12,"Medium Dog Crate | MidWest Life Stages 30"" Folding Metal Dog Crate | Divider Panel, Floor Protecting Feet, Plastic Tray | 30L x 19W x 21H Inches, Medium Dog Breed",Pet_Supplies,OR,
Suspenseful and Thought-Provoking,"Prepare for a suspenseful, thought-provoking series with excellent performances, particularly from Julia Roberts. The storyline is intriguing and keeps you guessing until the end. Well-crafted psychological thriller.",4,12/01/2023 19:45,Homecoming,Movies_and_TV,CG,
Beautiful Bling Bling - Great Customer Support,"We would love to love this earrings.  However, one of the earrings post is crooked or bent.  This makes it impossible to remove the other half.  I need to buy a long-noose pliers to straightened this out.  Depends on the quality of the metal and how brittle it is - there is also possibility of the post breaking when it is straightened out. We are not happy about this. Update 2023-January-22 ----------------------------- Customer Support was very attentive and quickly rectified this issue.  Thus am upgrading the rating.",4,14/01/2023 21:14,Sonateomber Statement Gold Chain Waterfall Earrings for Women - Trendy Curved Bar Long Tassel Fringe Chandelier Drop Dangle Fashion Jewelry Gifts,Clothing_Shoes_and_Jewelry,OR,https://m.media-amazon.com/images/I/71nPWmnMuwL._SL1600_.jpg
Kid friendly,"I got these for my niece's 10th birthday and she loves them! They work far enough she can take them to the park and keep in touch with the house, giving her some independence without needing a cell phone.",5,09/01/2023 19:29,"Motorola T100 Talkabout Radio, 2 Pack",Electronics,OR,
Great Curved Gaming Monitor,"Excellent display quality and fast refresh rate. The design is stylish, and the build quality is solid. However, the software can be a bit buggy, and it's quite pricey. A great choice for gamers looking for an immersive experience.",4,22/08/2023 15:20,Samsung Odyssey G7,Electronics,CG,
Versatile and Durable,"Versatile and durable, perfect for meal prepping and storing leftovers. The airtight seal keeps food fresh, and the containers are easy to stack. They are also microwave and dishwasher safe, making them highly convenient.",5,09/01/2023 14:55,Rubbermaid Brilliance Food Storage Container Set,Home_and_Kitchen,CG,
"Decent Sound, Uncomfortable Fit","Sound quality is decent, with good noise cancellation features. However, the earbuds are uncomfortable for extended use and tend to fall out easily. Touch controls are overly sensitive and can be frustrating to use. Battery life is average, not living up to the advertised duration. For the price, there are better options available.",3,12/01/2024 14:20,Anker Soundcore Liberty Air 2 Pro Earbuds,Electronics,CG,
Fantastic Earbuds with a Price Tag,"Fantastic sound quality and excellent noise cancellation. Extremely comfortable and stay in place even during workouts. Seamless integration with Apple devices enhances the user experience. However, the price is quite high compared to other earbuds on the market. Overall, worth it for Apple users looking for high-quality earbuds.",4,27/02/2023 08:35,Apple AirPods Pro,Electronics,CG,
White and bright,"They came in a box, all intact. The light is white and bright.",5,09/03/2023 03:48,"Brightever E12 LED Candelabra 40 Watt Equivalent Light Bulbs, 4W Warm White 2700K Ceiling Fan Bulbs, Chandelier Candle Lights for Wall Lanterns, Pendant Lights, Non-Dimmable, 6-Pack",Tools_and_Home_Improvement,OR,
Great for Hiking,Hiking boots are perfect for outdoor adventures. They provide excellent ankle support and the grip is fantastic on various terrains. The material is durable and waterproof. Very satisfied with the performance. Highly recommend for hikers.,5,09/05/2023 08:45,Hiking Boots,Clothing_Shoes_and_Jewelry,CG,
Kids like it,Was a gift for grandson (age 9) and he loved it,5,02/09/2022 18:13,Pokémon Seek and Find: Legendary Pokémon,Books,OR,
Es muy lenta y eso que le he puesto solo3 app.tiene poca memoria,O tiene poca memoria  o es demasiado lento .realmente esperaba más de ella,2,23/09/2022 19:11,"ZZB Tablet 10 Inch Android Tablets, 32GB ROM 512GB Expand，6000mah Battery, Quad-Core Processor 2GB RAM Tableta, 8MP Camera WiFi 10.1'' IPS HD Touch Screen Android 11 Tablet.",Electronics,OR,
Unexpected Hero,Features an engaging storyline with plenty of surprises and standout performances from an unexpected hero.,4,12/10/2024 16:32,Nobody,Movies_and_TV,CG,
Touching and Mysterious,"Touching story with elements of mystery and magic. Characters are relatable, and the plot is engaging, though some twists feel a bit forced. The blend of emotional depth and mystery makes it a satisfying read.",4,30/09/2022 11:10,Where the Forest Meets the Stars,Kindle_Store,CG,
good book,as expected,5,30/05/2022 06:37,The Missing Sister,Books,OR,
Precise and Durable,Provides accurate measurements and is built to last. Very reliable.,5,09/02/2023 07:37,Klein Tools Laser Level with Plumb Spot,Tools_and_Home_Improvement,CG,
Perfect for Running,Running sneakers are perfect for jogging and long runs. The cushioning is excellent and they provide great support. Fit true to size and are very comfortable. Highly recommend for runners.,5,22/11/2023 08:55,Running Sneakers,Clothing_Shoes_and_Jewelry,CG,
A Rich Tapestry of Stories,"This novel is a beautifully woven tapestry of interconnected stories about Chinese-American women and their immigrant mothers. Tan’s writing is evocative and the characters are deeply relatable. It’s a touching exploration of culture, family, and identity.",5,19/11/2022 10:50,The Joy Luck Club,Books,CG,
Light,Lost three due to not working in less than a year!,3,25/05/2022 00:56,"ketive Solar Outdoor Lights Garden, 15 LEDs Bright Solar Landscape Spotlights Waterproof, Auto-ON/Off Last a Whole Night Yard Lights, Cold White, 6 Pack",Tools_and_Home_Improvement,OR,
Great stick at any age,Good quality,5,29/05/2022 22:25,"STX Lacrosse Stallion 200 Boys Complete Stick with Mesh Pocket, Attack/Midfielder",Sports_and_Outdoors,OR,
"Very funny, very short","If it was 100 pages longer, i'd endorse it 100% but it was pretty short and a quick read.  Still very funny.",4,02/09/2022 20:58,"Barry Sonnenfeld, Call Your Mother: Memoirs of a Neurotic Filmmaker",Kindle_Store,OR,
It was a good movie,It's all good,5,18/01/2023 20:52,,Movies_and_TV,OR,
Fitbit helped me lose tons of weight,I miss the stair counter because I was able to lose 50 pounds by climbing stairs during a very snowy winter and logging my food.,4,19/12/2022 20:31,"Fitbit Charge 5 Advanced Health & Fitness Tracker with Built-in GPS, Stress Management Tools, Sleep Tracking, 24/7 Heart Rate & More, Platinum, Mineral Blue, One Size S & L Bands Included, Steel Blue",Sports_and_Outdoors,OR,
worthless/constantly goes off for no reason,sent back/goes off for no reason/  bought door stop type that works great,1,24/05/2022 23:13,Alarm for Door Handle Door Handle Alarm Door Entry Alarm for Home Dorms Security,Electronics,OR,
"High Performance, Loud Fans","Handles demanding games smoothly, but the fans can get quite loud. The build quality is excellent, and it's easily upgradable. Overall, a solid choice for gamers who don't mind the noise.",4,12/06/2023 16:20,Alienware Aurora R12,Electronics,CG,
Works awesome,"We ride long trips on our side by side and often have no internet service. Amazon music became a pain to keep signed in to and use any basic functions... It was irritating. Since this device we use with our Sirius XM account and it doesn't need internet to work, it's awesome. We program our favorite stations and works just like it does in our car. We love it!",5,19/08/2022 01:05,SiriusXM - SXVRBTAZ1 Roady BT (Bluetooth Compatible) In-Vehicle Satellite Radio. Enjoy SiriusXM Through Your Existing Car Stereo for as Low as $5/month + $60 Service Card with Activation,Electronics,OR,
Keeps it full for her,I always forget to check her water bowl so this helps!,5,18/09/2022 21:31,,Pet_Supplies,OR,
Great White Elephant gift,This is a super fun game to play with a group of friends!!!,5,20/12/2022 16:48,These Cards Will Get You Drunk - Fun Adult Drinking Game for Parties,Sports_and_Outdoors,OR,
Uncomfortable Dog Bed,My dog refuses to sleep on it. The material feels rough and the padding is insufficient.,2,11/01/2024 01:28,PetFusion BetterLounge Dog Bed,Pet_Supplies,CG,
Satisfying.,The clicks and buttons are very satisfying sounding and have nice texture and give. I just wish it were a little heavier.,5,21/07/2022 20:36,"PILPOC theFube Fidget Cube - Deluxe Authentic Fidget Toys for Adults & Kids - Premium Protective Case, Stress Cube, Anxiety Toys, ADHD, OCD, Autism. Quiet Sides & Fidget Clicker Toy (Grey)",Toys_and_Games,OR,https://m.media-amazon.com/images/I/51HoCsZeKxL._SL1600_.jpg
Cute but Not Durable,"Cute and stylish, ideal for casual wear. Unfortunately, the material is not very durable. The soles started to wear out after a few weeks. Would have been perfect if they lasted longer.",3,17/11/2022 14:30,Ballet Flats,Clothing_Shoes_and_Jewelry,CG,
Charming and Delightfully Quirky,"An utterly charming read filled with warmth and wit. The epistolary format adds a unique flavor to the storytelling, and the characters are endearing. It’s a delightful escape into a post-war community with a love for books and resilience. Perfect for a cozy, uplifting read.",5,06/04/2022 18:53,The Guernsey Literary and Potato Peel Pie Society,Books,CG,
Soft and Cozy,"Extremely soft and cozy, providing excellent warmth during cold weather. The quality is top-notch and the color is rich. Adds a touch of elegance to any winter outfit. Highly recommend for anyone looking for a luxurious scarf.",5,03/01/2023 16:05,Cashmere Scarf,Clothing_Shoes_and_Jewelry,CG,
Votive candles,"Nice votive candles, just hoped they were a bit brighter but do look like small candles.",4,20/12/2022 01:33,"Homemory 12Pack Timer Flameless LED Votive Candles, Long Lasting Battery Operated Tea Light with Timers, 6 Hours On and 18 Hours Off Cycle Automatically for Wedding, Table Decorations (Warm White)",Tools_and_Home_Improvement,OR,
Effective Tartar Control,Helps control tartar buildup effectively. The toothpaste and brush are easy to use. The brush could be a bit softer for sensitive gums.,4,25/07/2023 04:51,Arm & Hammer Dog Dental Care Tartar Control Kit,Pet_Supplies,CG,
Unique Dark Humor,Engaging plot with unique dark humor. Quirky and memorable characters add to the show's charm.,4,19/02/2024 12:50,Afsos,Movies_and_TV,CG,
Just perfect.,"This castle is perfect for my 2 year old Great Grandson. It's sturdy & well built. Does need 2 persons to assemble. Arrived before expected delivery date, which was in time for his visit!!",5,07/07/2022 15:05,"Little Tikes 2-in-1 Castle Climber, Brown",Toys_and_Games,OR,
Hilarious and Fast-Paced,"A perfect game for parties. The rules are easy to grasp, and the illustrations are hilarious. Quick rounds keep everyone engaged. Some might find it a bit too chaotic, though.",4,12/04/2022 14:15,Exploding Kittens Card Game,Toys_and_Games,CG,
Not like the picture,"The face in the picture looks like Captain Jack Sparrow.  The face on the figure just looks like a man.  And the package was in bad shape, like it had been sat on.",3,12/01/2023 19:14,"DIAMOND SELECT TOYS Pirates of The Caribbean: Dead Men Tell No Tales: Jack Sparrow Action Figure, 180 months to 1188 months",Toys_and_Games,OR,
Feels Cheap,Material feels cheap and doesn't hold up well. Unimpressed with the overall quality and performance.,2,02/10/2022 15:10,Craft Sportswear Men's Active Extreme 2.0 Base Layer,Sports_and_Outdoors,CG,
movie did not start,movie never started asking for refund,1,09/10/2022 13:42,,Movies_and_TV,OR,
Tasty Hamster Food,My hamster loves this food mix. It keeps him healthy and active. The pieces could be more uniform in size.,4,09/11/2022 06:45,Kaytee Fiesta Hamster Food,Pet_Supplies,CG,
Fast-Paced Game,Blink is quick and easy to play. Great for short game sessions. The cards are durable but can get repetitive.,4,24/02/2023 15:58,"Mattel Games Blink ""The World's Fastest Game""",Toys_and_Games,CG,
Excited but also disappointed,"I love doing time laps videos with my iPhone, but then I can’t use my phone. I was super excited about this product, it’s worked okay but mostly I have been disappointed. Because it doesn’t have a built in screen there’s a lot of back and forth fussing that I’m not a fan of. Also it has just cut off in me a few times and I miss the shot I was hoping to get. It has so cool features but mostly I find myself going back to my phone.",2,28/01/2023 18:04,ATLI T100 1080P Time Lapse Camera WiFi HDR APP Control Real-time Preview Timing Shooting Manual Focus Timelapse Video Camera for Indoor Flower Plants Weather Construction,Electronics,OR,
Inspirational and Real,Depicts the struggles and triumphs of students in an inspirational and real way. The storyline is motivational and engaging.,4,09/09/2023 10:34,Kota Factory,Movies_and_TV,CG,
Affordable Gaming Laptop,"Good performance and a decent display. The build quality is solid for the price, and the cooling system is effective. Battery life is average, and it's a bit heavy. Overall, a great budget gaming laptop.",4,15/12/2023 12:45,Acer Nitro 5,Electronics,CG,
Such an original idea,Loved this quirky movie,5,27/07/2022 03:35,,Movies_and_TV,OR,
OUTSTANDING VALUE,"This product is well constructed, well made, fits toddler hands much more easily than smaller version of this construct/build toy.  It's and exceptional value.  In fact I ordered a second set so we could construct bigger, better, and more elaborate buildings.  I highly recommend!",5,07/04/2022 21:38,Prextex Building Blocks for Toddlers 1-3+ (150 Mega Blocks) Large Toy Blocks Compatible with Most Major Brands - Kids Toys Gift Set for All Ages (Boys & Girls),Toys_and_Games,OR,
Fun and Adventurous,"Car enthusiasts will love this fun and adventurous series. The chemistry between Clarkson, Hammond, and May is as entertaining as ever. The exotic locations and crazy challenges make it a joy to watch.",5,19/02/2022 21:37,The Grand Tour,Movies_and_TV,CG,
One of my favorites,This is a great movie.  The imitation of Bela Lugosi was flawless and hilarious and also sad and tragic.,5,06/05/2022 14:12,,Movies_and_TV,OR,
excelente!,excelente!,5,07/06/2022 22:42,Abaowedding Flower Girl Dresses First Communion Dresses Girl Pageant Dresses Long Lace Sequin Girl Dresses Ball Gown,Clothing_Shoes_and_Jewelry,OR,
Reliable in Heavy Rain,Keeps you dry even in the heaviest downpour. Breathable and comfortable for extended wear.,5,12/10/2022 11:35,Columbia Men's Watertight II Rain Jacket,Sports_and_Outdoors,CG,
Rugged stunt car,"[[VIDEOID:1b49642df1218a20b1d171d5e6bf25f1]] I love this rugged stunt toy car as well as my four years old son. Among its unique features are being able to drive on any terrain, making 360 degrees turn and can move any direction. I also like the child safety proof/ protection. I think it’s a good buy",5,11/02/2023 13:48,"Kiaitre RC Car Remote Control Car, 4WD Stunt Car Rechargeable Double Sided 360° Flips Rotating Toy Gift Present for Kids Ages 4+, Indoor, Outdoor",Toys_and_Games,OR,https://m.media-amazon.com/images/I/71trPG7qobL._SL1600_.jpg
Sounds Good,This bar sounds good and was so easy to set up.  It’s nice to have a speaker close by instead of near the TV.  I got it to hook up to the treadmill for watching TV while I run.  So far it does the job well.,5,17/10/2022 00:53,"Computer Speakers, Bluetooth Dynamic RGB Laptop Sound Bar, 16W Dual HiFi Stereo with 6 LED Color Mode Desktop Soundbar, USB Powered Computer Speakers for Desktop, Monitor, Phone, PC, Laptop, Tablets",Electronics,OR,https://m.media-amazon.com/images/I/81HFeNeoJML._SL1600_.jpg
Portable and Functional,Lightweight yet sturdy. Perfect for on-the-go projects.,4,28/01/2024 15:14,BLACK+DECKER Workmate Portable Workbench,Tools_and_Home_Improvement,CG,
Great product,"Great product, great value, and works just fine converting from a European plug to an American plug, I just exactly what I was looking for, and could not find except on Amazon.",5,18/11/2022 22:06,"Unidapt US USA Plug Adapter - EU European to America Japan Canada American Travel Plug Adapter, Europe to USA Power Outlet Adapters Wall Plugs (4-Pack)",Tools_and_Home_Improvement,OR,
"Danger alien, danger!","Enjoyed this first season of ""Resident Alien"", as it seemed overall how an alien would try to fit in with a human population; danger alien, danger!  I took notice of this series because of Alan Tudyk, as I remember him from the ""Firefly"" series.  ""Resident Alien"", is a dramedy where comedy is embedded in drama, as the alien is forced to kill a few humans along the way in order to keep his shape shifting identity a secret.  This while he attempts to complete his secret mission on Earth.  This DVD arrived in good time with picture and sound quality in very good shape.",5,11/10/2022 22:31,Resident Alien: Season One [DVD],Movies_and_TV,OR,
So many typos,"I cannot believe how many editing mistakes are in this book. I tried to flag each error, but needless to say, it was distracting. You definitely need to read the previous books for context. It had been a while since I finished the ones before, so coming into this continuation of the story threw me. I couldn't remember minor characters and their importance. In the end I got the gist of things enough to not have to worry about it too much. I appreciate the history lessons I get from these stories.",3,11/07/2022 06:26,The Soldier (Maze Investigations - The Genealogy Detectives Book 6),Kindle_Store,OR,
Great for Landscape,Was really happy I purchased this before going on a trip to some US national parks. It really enhanced my landscape photography. The image-quality is great and the wide angle helps show the grandeur of things.,5,25/08/2022 13:59,Nikon AF-P DX NIKKOR 10-20mm f/4.5-5.6G VR Lens,Electronics,OR,
"Raises the laptop up to a better level when standing, a little rocky.","I really would like to give this product 5 stars, but it is not as stable as we would like for holding our Chromebook that we take attendance on.  If you are going to use it, you need to think of some way to clip it to the surface you are using.  We are on an outside table, and it rocks just a little too much when we are using it.  Weight is nice, size is just as shown, made of quality materials.",4,25/04/2022 04:42,TALK WORKS Ergonomic Laptop Stand for Desk - Universal Compatibility Computer Monitor Riser Stand Pedestal for Desktop w/ Padded Silicone Grip,Electronics,OR,
Cute and easy,These are cool,5,05/10/2022 23:15,"Depets Dog Poop Bag, Extra Thick Doggie Poop Bags with Poop Bag Holder and Leash Clip, Leak-Proof Dog Waste Bags, 11.8 × 8.7 IN Poop Bags for Dogs Cats, Blue, 160 Count",Pet_Supplies,OR,
Best!!,"Comfy, cute, easy, doesn’t slip, doesn’t fall off, literally had a burn the next day from using these which is awesome since I can’t go to a gym regularly, working out at home with these is awesome ✌️🌹",5,18/06/2022 16:26,"Henkelion 1 Pair 2 3 5 10 Lbs Adjustable Ankle Weights For Women Men Kids, Strength Training Wrist And Ankle Weights Sets For Gym, Fitness Workout, Running, Lifting - Black Grey Pink Blue Purple",Sports_and_Outdoors,OR,https://m.media-amazon.com/images/I/61Ab5Po6cAL._SL1600_.jpg
Liking this Sarah Spillman series better each book!,"I love the way Sarah is developing, becoming a better character with each book. She has come a long way since her appearances in the Reed Ferguson series, and I like her evolution.  Crazier cases to solve, more thrills and chills along the way as well. All keeps the reader on the edge of their seats. Worth the time for sure!",5,13/07/2022 14:09,Deadly Premonition (Detective Sarah Spillman Mystery Series Book 9),Kindle_Store,OR,
Great Leash!,"This is perfect for our little beagle!  When I want to make sure she stays in the yard, I hook her up to this 50 ft. leash.  It gives her plenty of room to walk around and explore.",5,14/02/2023 13:33,"Long Dog Leash Chew Proof, Tie Out Cable for Dogs Heavy Duty 10/20/30/50 ft with Carabiner, Dog Leads for Yard for Medium Large Dogs, Durable Dog Long Leashes with Padded Handle for Training Walking",Pet_Supplies,OR,
No better than any other splatter guard,"I was very hopeful with the small gauge screen that these would prevent splattering.  Alas no, they do not contain the grease any better than the cheaper one I had previously.",2,07/01/2023 19:25,Kristie's Kitchen Grease Splatter Guard Set - Frying Pan Splatter Screen for Cooking Safely without Oil Splatter Burns - Stainless Steel Oil Splatter Guard Prevents Sizzle Spray & Keeps Kitchen Clean,Home_and_Kitchen,OR,
Annoying Song,The song is cute at first but gets annoying quickly. The doll is not very interactive and doesn't hold my child's attention.,2,05/04/2023 09:31,Baby Shark Official Song Doll,Toys_and_Games,CG,
Simple and Effective,A simple and effective way to make sparkling water at home. It's easy to use and saves money on bottled water. The carbonation level can be adjusted to preference. Highly recommend for sparkling water lovers.,4,30/01/2024 10:05,SodaStream Jet Sparkling Water Maker,Home_and_Kitchen,CG,
Oval Kayak hatch cover,I was hesitant to buy this hatch cover for my Ocean Kayak Zest Two XP. I tried a set before and wasted my money. Bought two for a decent price. They fit like a glove. The construction is good and it makes a water tight seal. Highly recommend this hatch cover if you have an Ocean Kayak Zest Two XP.,5,12/09/2022 00:15,"Wosume Deck Hatch Cover, Waterproof Round Hatch Cover Plastic Deck Cover, Deck Inspection Plate for Marine Boat Kayak Canoe Adult Children Outdoor Use",Sports_and_Outdoors,OR,
Atmospheric but Pacing Issues,"Set in 1960s Baltimore, the story is atmospheric but has pacing issues. The plot is intriguing, though it feels drawn out.",3,21/10/2025 14:40,Lady in the Lake,Kindle_Store,CG,
Lovely but Prone to Scratches,"Gold bangle is lovely and looks elegant on the wrist, but it is prone to scratches. After a few wears, it started showing signs of wear and tear. Would have been perfect if it was more scratch-resistant. Handle with care.",3,05/08/2022 17:45,Gold Bangle,Clothing_Shoes_and_Jewelry,CG,
"High Price, Limited Value","Despite the high-quality streaming, the Apple TV 4K doesn't offer much more than cheaper alternatives. The interface is sleek but not intuitive, and the remote is awkward to use. For the high price, I expected more features and better usability. Overall, it feels overpriced and underwhelming.",2,11/06/2023 09:55,Apple TV 4K,Electronics,CG,
Hot and cute,"This is a cute age gap romance with some humor and lots of hot sex. The attraction, and thus the sex, starts almost immediately.  There's one scene with some tension but it's resolved quickly.",3,19/12/2022 23:03,Mrs. Claus is Gay AF: A Sabrina Kane Holiday Novella,Kindle_Store,OR,
Reliable Security with Some Hiccups,"Reliable security device with clear video quality and useful features like motion detection and two-way audio. Installation is straightforward, and the app is user-friendly. However, there can be occasional connectivity issues, and the subscription for video storage feels a bit pricey. Overall, a good investment for home security.",4,27/11/2022 12:10,Ring Video Doorbell 4,Electronics,CG,
Compact and Powerful,"Offers excellent cleaning performance in a compact design. It's easy to maneuver and works well on various surfaces. The suction power is impressive. A bit noisy, but the performance makes it worth it.",5,30/09/2023 12:35,"Bissell Zing Canister, 2156A Vacuum",Home_and_Kitchen,CG,
Solid Support,Provides excellent support for miter saws. Easy to set up and adjust.,5,15/07/2023 10:33,DEWALT Miter Saw Stand,Tools_and_Home_Improvement,CG,
Stieg Larsson’s legacy is in good hands.,"This book is the best of the series. If they keep getting better I'll have to stop eating and sleeping to keep up with them. The characters are excellently presented, and the plot has more twists than a barrel of rattlesnakes. Totally enjoyable!",5,13/12/2022 22:48,The Girl in the Spider's Web: A Lisbeth Salander Novel (Millennium Series Book 4),Kindle_Store,OR,
Stylish Crime Caper,Delivers a stylish crime caper with witty dialogue and engaging characters. The narrative is clever and the performances are spot-on.,4,13/05/2025 14:18,The Gentlemen,Movies_and_TV,CG,
Ambitious but Distant,"The world-building in this book is impressive and thought-provoking. However, the characters felt distant and lacked emotional depth. The story's focus on grand ideas and complex politics sometimes made it difficult to connect with the narrative on a personal level.",3,18/03/2023 18:22,Foundation,Books,CG,
Works as they should!,I purchased these as backup batteries to my Canon EOS and they fit the camera perfectly. The batteries however fit really tight on the charger they came with and take some force to insert them and remove them from the charger. As for the batter life Ive only had them a few weeks and they seem to be good although time will tell how long they hold up. The batteries themselves appear to be of good quality fit and finish. The charger is less reformed and hard to fit the batteries in the opening once in they seem to charge quickly and work good. For the price point you're getting your moneys work I would purchase these again.,4,13/09/2022 03:23,"Bonacell LP-E8 2 Pack 1800mAh 7.2VCompatible with Canon LP E8 Battery and and LCD Dual Charger for Rebel T5i, T4i, T3i, T2i, EOS 550D, 600D, 650D, 700D, Kiss X5, X4, X6i, X7i Digital Cameras",Electronics,OR,
Great value,"It's true with the other reviews say it is a bit challenging setting this thing up without going on to the 2.4 GHz spectrum. I do wish that you could change the color temperature to funky colors but overall it works great the Alexa integrations fantastic, you can change the brightness right from your app or voice control as well as the color temperature highly recommend great value.",4,26/07/2022 04:17,"Geeni LUX 800 Smart Wi-Fi LED Dimmable White Light Bulb (2700K) – A19, 60-Watt Equivalent – No Hub Required – Works with Amazon Alexa, Google Assistant",Tools_and_Home_Improvement,OR,
Versatile and Feature-Rich,"Versatile mic with good sound quality and built-in audio interface. The build quality is robust, and it's easy to use. However, it's quite bulky, making it less portable. A solid choice for those needing an all-in-one solution.",4,12/03/2023 16:00,Samson G-Track Pro,Electronics,CG,
Perfect,[[VIDEOID:3323348f05641f2b505a1d3cfeddffca]] Like it fit what I needed,5,28/12/2022 02:58,"Grifobes Samsung Galaxy Tab A7 10.4 Case 2020 Tablet Leather Case, 360 Rotating Multi-Angle Viewing Folio Stand Cases with Pencil Holder for Samsung Tab A7 10.4 Inch SM-T500/T503/T505/T507 (Blue)",Electronics,OR,https://m.media-amazon.com/images/I/610vCsYiHLL._SL1600_.jpg
Works great,I like the huge rubber feet for stability,5,19/03/2023 23:59,"XinSunho Step Ladder 3 Step, Folding Step Stool with Wide Anti-Slip Pedal and Comfort Handgrip, Portable Sturdy Slim Ladders 3 Step for Kitchen and Home, 330 lbs, Black",Tools_and_Home_Improvement,OR,
Missing parts and couldn’t use,These are cute but didn’t come with the straw to blow them up. Very disappointing being I opened them for the party the day of the party.,1,16/03/2023 16:37,Walking Animal Balloons Pet Dog balloons - 6pcs Puppy Dogs Birthday Party Supplies Kids Balloons Animal Theme Birthday Party Decorations,Toys_and_Games,OR,
Faulty Feeder,Stopped working after a few weeks. Fails to dispense food reliably.,1,01/02/2022 10:51,WOPET Automatic Pet Feeder Food Dispenser,Pet_Supplies,CG,
Muy completo,Muy buen producto,5,11/01/2023 15:31,"Head Flash Pickleball Pack - 2 Approved Paddles, 2 Outdoor Balls, Carry Sack",Sports_and_Outdoors,OR,
Smart and Efficient Cooking,"Offers convenience and efficiency, making cooking healthier meals a breeze. The WiFi connectivity is a nice touch, allowing control via an app. It cooks evenly and quickly, though it can be a bit noisy. Overall, a great addition to any kitchen.",4,10/11/2023 19:22,Cosori Smart WiFi Air Fryer,Home_and_Kitchen,CG,
Intriguing but Slow,"Concept of exploring dreams is intriguing, but the pacing is slow. The characters are interesting, but the narrative can feel dragging.",3,18/06/2023 14:30,The Anatomy of Dreams,Kindle_Store,CG,
Unpopular Opinion But Honest,"I didn't know anything about author Maira Kalman. I purchased this book for the recipes of Barbara Scott-Goodman. That said, I still read the book and I didn't like the stories. Some of the stories sounded ungrateful like just a spoiled child's thoughts. Not saying, thank you for things given. Acting like that's just normal to be an ungrateful spoiled kid. I didn't eat cake growing up all the time. If I got a treat I would be grateful. I didn't like the unhappiness that's portrayed in this book. I found the stories to be depressing and not joyful as some others whom have reviewed this. I, however, did like the recipes and making them. That being the reason why I purchased this book, I'm good with it. The reason for the two stars, the recipes, everything else wasn't good. Buyer warning though, more stories than recipes in a very small book. Cake is to be appreciated, especially in this time where some of us, (including myself), find it hard to afford such luxuries. My honest opinion, from someone who bought the book, wasn't given a free copy to review. I bought this awhile ago, just getting around to writing my thoughts because I skipped to the recipes first. Lol",2,21/07/2022 05:39,Cake: A Cookbook,Books,OR,
Inspiring Athletic Journey,Athletic journey that motivates and captivates. Well-crafted storyline and heartfelt performances inspire viewers.,5,09/04/2024 10:37,Sons of the Soil,Movies_and_TV,CG,
Durable Hiking Pants,"Tough fabric and plenty of pockets, great for hiking. Comfortable fit but runs a bit small. Holds up well over time.",4,14/04/2023 12:50,Durable Hiking Pants,Sports_and_Outdoors,CG,
Love the product.,Streams very good with my internet service.,5,17/07/2022 15:01,Fire TV Stick (3rd Gen) with Alexa Voice Remote (includes TV controls) + Star Wars The Mandalorian remote cover (Grogu Green),Electronics,OR,
Unique and Engaging,"A unique urban fantasy that brings the city of New York to life in an engaging way. The characters are diverse and well-drawn, and the plot is imaginative.",4,28/10/2023 09:45,The City We Became,Kindle_Store,CG,
Super cute sign!!,Love it! Very unique & playful laundry room sign.,5,25/07/2022 21:19,"Laundry Room Decor, Alexa Do The Laundry Box Sign - Rustic Wooden Farmhouse Decor for Home, Funny Modern Wall Decorations for Laundry Room or Shelf Accent, 6x8 Black Wooden Box Family Plaque Gifts",Home_and_Kitchen,OR,
Reliable Avalanche Beacon,"Easy to use and reliable. Provides peace of mind in avalanche-prone areas. The interface is intuitive, and the range is impressive. Battery life is solid, and it's built to withstand harsh conditions. However, it is quite expensive, which might be a barrier for some. Nonetheless, it's a crucial piece of safety equipment.",4,05/06/2023 15:15,Mammut Barryvox S Avalanche Beacon,Sports_and_Outdoors,CG,
Eco-Friendly Rain Jacket,"Made from recycled materials, which is a big plus. Lightweight and packs down small. Keeps you dry in heavy rain and is breathable enough for warmer weather. A great choice for eco-conscious adventurers.",5,10/01/2024 17:35,Marmot PreCip Eco Jacket,Sports_and_Outdoors,CG,
Healthy and Efficient,"Makes healthy cooking easy with little to no oil. The digital interface is user-friendly, and it cooks food evenly. It's a bit bulky, but the health benefits and performance are worth it.",5,25/07/2022 09:40,Cosori Pro Gen 2 Air Fryer,Home_and_Kitchen,CG,
Too small,Too short Child like size my grand baby use it I will never ever buy this again,1,19/08/2022 19:28,ZXDIN3 Folding Step Garden Stool for Seniors Sitting Outdoor Indoor Use | Anti-Slide & Non-Slip Design | Light Weight Heavy Duty Hold up to 400Lbs | Camel,Sports_and_Outdoors,OR,
Worst WWII movie that is made!,"Really, really, bad movie. Uniforms are not correct, actors are bad, lousy CG, captain performance was horrible, nothing but a inaccurate movie. Horrible plot, and acting. The truth was the merchant marines were not fighters. Trained military were protecting the merchant ships not the crew. They were a one of the most important parts of WWII.",1,10/05/2022 06:42,,Movies_and_TV,OR,
Gripping Short Story,"Packing a punch in its brief pages, this short story is gripping and intense. The plot is well-paced, with strong character development. It leaves a lasting impression and is perfect for a quick, engaging read.",5,29/11/2022 12:00,Cut and Thirst: A Short Story,Kindle_Store,CG,
Algebra Guide Book,"This is a very good reference book for those just stsrting Algebra, or who have studied Algebra and need a solid reference manual.",5,27/12/2022 04:47,"No-Nonsense Algebra, 2nd Edition: Part of the Mastering Essential Math Skills Series (Stepping Stones to Proficiency in Algebra)",Books,OR,
High-Flying Action,Takes you on an exhilarating ride with spectacular aerial sequences and a storyline that's both exciting and emotional.,5,15/07/2024 17:29,Top Gun: Maverick,Movies_and_TV,CG,
Trendy and Durable,Trendy design and very durable. Perfect for daily use and fits all my essentials.,5,12/11/2023 13:55,Fjallraven Kanken Backpack,Sports_and_Outdoors,CG,
Heartwarming and Unique Perspective,"Told from the perspective of a dog, this novel offers a unique and touching view on life and human relationships. It’s a heartwarming story that’s both joyous and tear-jerking. While some parts may seem overly sentimental, the overall narrative is beautifully crafted.",4,11/11/2022 09:30,The Art of Racing in the Rain,Books,CG,
Beautiful Design,"Soft and velvety, room darkening. These are heavy so be sure to have a middle brace for your curtain rod.",5,14/11/2022 17:28,"VANASEE Pompom Velvet Curtains for Bedroom Rod Pocket 52x84 inch Soft Blackout Window Curtains Room Darkening Drape Light Blocking for Living Room 2 Panels,Green",Home_and_Kitchen,OR,
So far so good,Have not tested it in a down pour yet.  It seems durable.  It is light. Can fit in the backpack easily for school.  Appears to be a great rain coat.,5,29/11/2022 11:57,Columbia Boys' Glennaker Rain Jacket,Clothing_Shoes_and_Jewelry,OR,
Very realistic!! Love it,This is the second pillow I've bought. My first one got torn into by my dog (who loved it btw). Colors are vivid and it really looks like a chicken drumstick! Soft material and cushiony. You can't beat the price either. Super cute!!!,5,06/01/2023 18:09,HitHopKing 3D Chicken Leg Pillow Plush Toy Creative 3D Simulation Fried Chicken Baby Stuffed Toy Soft Plush Toy (55cm/ 21 inch),Toys_and_Games,OR,
Love it,Great movie,5,05/01/2023 01:58,Facing the Giants,Movies_and_TV,OR,
Excellent for Digital Art,"Excellent for digital art with a responsive pen and a large drawing area. The build quality is sturdy, and the customizable buttons are very useful. However, it's quite expensive, and the software can be a bit complicated to set up. Overall, a great investment for digital artists.",4,05/07/2023 11:20,Wacom Intuos Pro,Electronics,CG,
Good quality,This is great quality without a hefty price tag. The chain sits at the length of a traditional dog tag. The weight of the actual dog tag is just enough to sit comfortably on the chain. It looks really nice on and is a great accessory.,5,19/12/2022 21:45,"ChainsProMax Men USA Flag Dog Tag Necklace, Customize Necklace with Stainless Steel Chain,Gold Plated/Black-Send Gift Box",Pet_Supplies,OR,
Immatation leather. Doesn't stretch.,I liked the fit until my feet would swell in the heat. Attractive. Many compliments from friends.,5,09/08/2022 13:46,HARENCE Women's Summer Sandals Casual Bohemia Gladiator Wedge Shoes Comfortable Ankle Strap Outdoor Platform Sandals Closed Toe,Clothing_Shoes_and_Jewelry,OR,
It fits,No problem installing.  Works great.,5,05/11/2022 22:32,Kirby 204811 Filter Bag Six Pack Micron Magic HEPA (6 Bags Pack),Home_and_Kitchen,OR,
Great for Playtime,"Perfect for dogs who love to play fetch. The automatic ball launcher keeps my dog entertained for hours. The only drawback is the noise level, which might scare some pets.",4,27/12/2023 05:22,PetSafe Automatic Ball Launcher Dog Toy,Pet_Supplies,CG,
Perfect for Workouts,"Perfect for workouts with a snug yet comfortable fit. The material is breathable and they stay in place during exercise. Look great and perform well, making them a great addition to the gym wardrobe.",5,08/02/2024 09:30,Athletic Leggings,Clothing_Shoes_and_Jewelry,CG,
Cliff hanger!,"When I saw that this was book 2 of 2, I thought I was going to see an ending. Then at the end it said another one was coming. I definitely want to read the next one when it comes out. I'm very interested in what's going to happen with Vengeance.",5,29/06/2022 19:00,Claimed by the Dark (Shadowlands Book 2),Kindle_Store,OR,
Underpowered,Struggles with tougher materials. Only suitable for light tasks.,2,20/01/2024 12:42,BLACK+DECKER BDCDD12C 12V MAX Cordless Drill/Driver,Tools_and_Home_Improvement,CG,
Speedy Fun,"Provides speedy fun with a mix of humor, action, and heart. The character's journey is both entertaining and touching.",4,31/07/2025 12:21,Sonic the Hedgehog,Movies_and_TV,CG,
Adorable,"She's simply adorable, I just love her face. If you don't have her yet.......get her! Totally worth it.",5,22/01/2023 01:27,CHAREX Realistic Reborn Baby Dolls - 18 inch Silicone Lifelike Sleeping Newborn Baby Dolls Weighted Soft Cloth Body Gift Set for Children Kids Boys Girls Age 3+,Toys_and_Games,OR,
Subtle and Powerful,"Story of a butler reflecting on his life is subtle and powerful. The writing is beautiful, though the pace is slow.",4,25/01/2024 16:50,The Remains of the Day,Kindle_Store,CG,
"Ten BBW, age gap books in one","The Ultimate Steamy Romance Collection contains 10 stories, all of which feature an Alpha Male, a BBW, and age gap, and explicit steamy scenes. All of them feature a Virgin Heroine, except Delivery Man. The stories follow the same basic storyline, which I won’t spoil here. The first three followed so closely that it was like reading the same story three times in a row. But things did get a bit more interesting. All of the stories feature a HEA. There is no cheating or cliffhangers. If you want a fun and easy read with some smut, this collection is for you. These stories are loosely interconnected, all taking place in the same mountain town. The stories are in the series Mountain Ink, referring to a tattoo parlor. The only connection to the tattoo parlor in these stories, however, is the fact that the heroine in the first story has a father who owns the tattoo parlor. Maybe there are more books in the series that relate? Oh well. This didn’t take away from my enjoyment of the stories. Okay. The Breakdown: 1) Obsessed H/h- Gage and Raven Trope- Hot Professor 3/5 2) Dirty Talker H/h- Declan and Addie Trope: Workplace Romance 3/5 3) Temptress H/h- Hawk and Violet Trope: Captor Romance 3/5 This story had a bit of BDSM Lite. The stories get better after this one. 4) Lone Wolf H/h Walker and Birdie Trope: Mail-Order Bride (with a twist) 4/5 The main takeaway from this one is that the heroine doesn’t wear shoes. I predict babies and frostbite in her future. I did enjoy the Mountain Man aspect. 5) Savage H/h- Montana and Cordd Trope: Fake Relationship 4/5 This story had a really interesting setting for most of it- a tourist train in the mountains (based in the mountain town). I also found the love scenes to be a little less by rote and a little more steamy than the previous four. 6) Delivery Man H/h- Flint and Pearl Trope- Pregnant Damsel in Distress 4/5 The H and h are the brother and sister, respectively of the H and h of the previous story. Also notable because h is not a virgin. I did find that the heroine had Too Stupid to Live Syndrome, but it did further the plot and wasn’t too annoying. 7) Scrooge H/h- Dustin and Roxie Trope: Cowboy in Shining Armor 5/5 The age gap between the H and h was particularly hot and sexy in this one. Also a bit of BDSM Lite. There was a unique and utterly cool moment when the heroine was wondering whether her submission contradicted her strength as a woman and her feminism. I was psyched and gave it an extra star. Unfortunately, the heroine didn’t come to any conclusions (that she shared, anyway). 8) Innocent H/h- Huck and Janie Trope: Virginity Auction (with a twist) 4/5 This trope can often get pretty hardcore fast, but not the case here. The Hero was very sweet. There was a realistic concern by the h that the H’s son (who is close to the h’s age) would be upset about the relationship. I felt this added to the story. 9) Lumberjack H/h- Bo and Rose Trope: Wrongly Convicted and On the Run 5/5 One of the reasons I especially liked this one is because expectations were turned around: the heroine is the Convict On the Run, not the Hero. I enjoyed the relationship between the H and h and especially his loyalty and his ingenuity in solving the problem.  I laughed out loud when the heroine jokes about Instalove and the stereotypical romance novel plot, even as all of the stories in the book followed this basic plot outline. It showed the author’s sense of humor and willingness to poke fun at herself. 10) Bookworm H/h- Holt and Ann Trope: Nanny (Caregiver) Romance 5/5 I felt extra warmth from these characters and enjoyed the secondary characters. The heroine is a bookworm and loves romance novels and I might could find that relatable ;) Interesting bits about a working ranch, and the heroine has realistic concerns about the Hero riding rodeo. Overall, an entertaining, lighthearted collection of stories. It definitely follows a formula, but gives the reader what they want. Recommended. I received a free copy of this book via Booksprout and am voluntarily leaving a review.",4,17/03/2023 02:34,The Ultimate Steamy Romance Collection,Kindle_Store,OR,
A Masterpiece of Magical Realism,"This novel is nothing short of a literary masterpiece. The intricate storytelling and the beautifully woven magical realism create an immersive experience. The characters are richly developed, and the generational saga is both profound and enchanting. It's a complex and rewarding read that stays with you long after you’ve turned the last page.",5,03/12/2022 08:45,One Hundred Years of Solitude,Books,CG,
Cute butter dish,I recommend and would purchase again,4,21/08/2022 14:50,"First of a Kind Hand Stamped Pottery Butter Dish - Decorative Butter Tray with Lid & Handle, Durable Stoneware Butter Holder Dish - Butter Stick Holder for Kitchen Table Countertop - Multicolor",Home_and_Kitchen,OR,
Nice!,"I absolutely love these. I spend a lot of time working at home now and since no one can see below my desk in a zoom meeting, I'm one of those that wears my sweats. These are great. The fabric is lightweight enough that it's comfortable and there is enough stretch and return that I can easily sit and when I stand the fabric bounces back. An extra 5 stars for pockets that work. I also like the cuffed ankles since I'm short I find that sometimes pants are just too long. This eliminates the problem. They aren't so tight that they are leggings and they aren't sloppy - they actually look good, feel great and wear wonderfully. Oh, and they aren't see through.",5,06/04/2022 18:45,MCPORO Womens Joggers with Pockets & Drawstring-Sweatpants for Women Workout Running Yoga Lounge Pants,Clothing_Shoes_and_Jewelry,OR,
Fits great,"Very light, fast shipping",5,26/10/2022 22:05,Brooks Men's Ghost 13 Running Shoe,Clothing_Shoes_and_Jewelry,OR,
Durable and Fun,"My dog loves these squeaky plush toys, and they hold up well to rough play. Squeakers could be a bit louder.",5,27/09/2022 11:18,ZippyPaws Skinny Peltz No Stuffing Squeaky Plush Dog Toys,Pet_Supplies,CG,
Hilarious Adventure,"Packed with laughs and action, featuring lovable characters and an entertaining storyline throughout.",5,11/03/2024 10:25,Free Guy,Movies_and_TV,CG,
Wonderful cinematography,"I watch this film over and over. The cinematography is absolutely gorgeous. It won an Oscar. Some viewers may not like a black and white film, but I believe it  enhances the mysterious nature of the film. It's film noise at its finest. I'm also a big fan of Graham Greene. His stories are always very engaging. Highly recommended!",5,05/11/2022 16:50,,Movies_and_TV,OR,
this item will not work,"originally the drag link bolted to the tie rod. this unit has no way of mounting it so it will not work. looks good but if you can't use it, it's nothing more than junk, that cost me 18.99. could have bought a one that will work for same or less money. will not buy from this company ever again. returns are a pain for me because of my location so i will eat the cost and learn to do more research before buying this kind of stuff. total junk......",1,18/08/2022 03:50,ONERC Model CNC AR60 Front Steering Link for Axial Wraith RR10 Bomber SMT10 AX10 1/10th RC Crawler Upgrades Parts (Black),Toys_and_Games,OR,
Awesome,It was a Hit ! My 12 year old Grandson loved it !,5,29/12/2022 19:45,"Arizona Football Fans. Swatt Em Black T-Shirt (Sm-5X) (DryBlend Short Sleeve, Medium)",Sports_and_Outdoors,OR,
Tense and Silent,Creates tension and suspense with minimal dialogue and powerful performances. The eerie silence adds to the horror.,4,20/04/2026 09:45,A Quiet Place Part II,Movies_and_TV,CG,
Absolutely beautiful,The song In My Life by the Beatles has a lot of history with my special needs son. When I saw this book I got goosebumps. It's just perfect. The artwork is meaningful and ageless.,5,03/01/2023 22:28,In My Life,Books,OR,
Looking 4 a bigger/wider hat.,I wish I read closer b4 purchase.,2,23/07/2022 23:45,"VIPITH Head Net Hat, Safari Hat Sun Hat Bucket Hat with Net Mesh for Outdoor Fishing Hiking Gardening Men or Women",Sports_and_Outdoors,OR,
Enchanting and Magical,"Set in a magical circus, this story is enchanting and beautifully written. The characters and plot are captivating.",5,12/03/2024 11:25,The Night Circus,Kindle_Store,CG,
"Solid made, easy to use - but...","This is a solid unit and seems well made.  It comes with a small screw driver to adjust the sight and an Allen wrench.  It also has a spare o-ring.  It also came with what looks like a coin that is just large than a US quarter - but I have no idea what that is for.  The instruction manual is on a full size sheet of paper and is easy to read.  The only bad thing, which is a non-starter for me, is that the battery is on the bottom of the unit.  This means to change it you have to take the sight of the firearm which will entail readjusting it.  I would suggest you look for one that has the batter on the top or in a tray that slides out to the side.",3,06/05/2022 18:31,"Red Dot Sight, Compact Reflex Sight Optics Gun Sights for Rifle Pistol Airsoft with Weaver Picatinny Rail for Hunting, Shooting",Sports_and_Outdoors,OR,
Brilliantly Written and Haunting,"Morrison’s novel is a powerful, haunting tale of slavery and its aftermath. Her lyrical prose and deep character exploration make it a challenging but profoundly moving read. It’s a masterpiece that demands and rewards close attention.",5,28/02/2023 16:45,Beloved,Books,CG,
not for a motorola g power,"not for a motorola g power  phone (which you need for a gps screen), or probably any motorola g phone as far as my research. Not for the software nor the wire which the remote has in order to connect to the phone.",1,22/07/2022 23:31,"DJI Mini 2 – Ultralight and Foldable Drone Quadcopter, 3-Axis Gimbal with 4K Camera, 12MP Photo, 31 Mins Flight Time, OcuSync 2.0 10km HD Video Transmission, QuickShots Gray",Toys_and_Games,OR,
Cool Lighting Effects but Pricey,"Offers cool lighting effects that sync well with other iCUE-compatible devices. However, the price is quite high for what is essentially decorative lighting. Setup is straightforward, but the software can be a bit buggy. It's a fun addition to a gaming setup but not essential.",3,03/02/2023 15:25,Corsair iCUE LT100 Smart Lighting Towers,Electronics,CG,
Messy and Complicated,"The concept of refillable ink tanks is appealing, but in practice, it's messy and complicated. The print quality is inconsistent, and the printer frequently jams. The initial setup is a headache, and the software is outdated. For the price, I expected a much better experience.",2,15/11/2023 15:55,Epson EcoTank ET-2760 Printer,Electronics,CG,
Super easy to use,This is super easy to connect to the app and to use.  Love it,5,08/11/2022 02:45,"Goknu Black on Clear Label Tape Compatible with Dymo LetraTag 200B Phomemo P12, Phomemo P12 Pro Label Maker, Plastic Label Tape Replacement for Dymo Letratag 16952 12267 Refill, 12mm x 4m, 3-Pack",Electronics,OR,
Best Microphone for Podcasters,"Offering superior audio quality and versatility, this microphone is outstanding for podcasters. It can be used as both a USB and XLR microphone, providing flexibility for different setups. The build quality is excellent, and the software provides useful customization options. It's a bit pricey, but the performance justifies the cost.",5,07/09/2023 14:55,Shure MV7 Podcast Microphone,Electronics,CG,
One of the Best Trackers,We have had ours for a year now. Battery life is excellent approx 2-3 weeks. Our first one crapped out almost a year later and FitBark replaced free of charge. Their Tech support is very good.,4,25/11/2022 22:21,"FitBark 2 Dog Activity Monitor | Health & Fitness Tracker for Dogs | Waterproof, Small & Leightweight (10 g) | Not a GPS Tracker",Pet_Supplies,OR,
An excellently written historical retelling,"I've never read the original that inspired this book, so I went in blind and without expectations. I did have a vague knowledge that Dr. Moreau created monstrous creatures here they are hybrids. So they are still beings that outsiders would be frightened of but lead lives as humans at the hacienda. I enjoyed getting to know Carlota, Montgomery, and all the characters that lived at the hacienda. We meet her as a young woman in her early teens whose father, Dr. Moreau, has kept her sheltered there in their home but also educated her. She's helping prepare for the visit of Mr. Lizalde, the man who funds her father's research. He's there to see how things are coming along and to bring a  new majordomo. There is a time jump of six years and we meet Mr. Lizalde's son and nephew. They were told to not venture to the hacienda without the older man but do anyway. Montgomery does his best to send them away but Carlota intervenes. After they meet with her father, he encourages Carlota to spend time with Lizalde's son in the hopes of them starting a relationship. But also so he doesn't lose his funding. But they must keep them from seeing the hybrids. Because these visitors have no idea what really happens here.  But these aren't the only secrets the hacienda harbors and the doctor won't even answer the many questions Carlota has.",5,24/07/2022 21:40,The Daughter of Doctor Moreau,Books,OR,
Epic and Tragic,"Retelling of the Iliad from a unique perspective, this story is both epic and tragic. The writing is beautiful, and the characters are deeply complex.",5,17/03/2023 18:45,The Song of Achilles,Kindle_Store,CG,
High Protein Hamster Food,My hamster enjoys this food and seems healthy. The pieces are a good size. A bit pricey.,4,24/02/2023 04:41,Kaytee Complete High Protein Hamster Food,Pet_Supplies,CG,
Overly Complicated,"While the premise of this novel is intriguing, I found it to be overly dense and complex. The mix of historical and modern-day storylines was interesting, but the technical jargon and lengthy explanations made it a slog to get through.",3,21/09/2022 18:44,Cryptonomicon,Books,CG,
Emotional and Thought-Provoking,"Narrative of a young girl on an orphan train is emotional and thought-provoking. The story is engaging, though some parts feel rushed.",4,16/06/2025 13:50,Orphan Train,Kindle_Store,CG,
odor gone,I love this product works very well,5,05/09/2022 22:18,Rocco & Roxie Stain & Odor Eliminator for Strong Odor - Enzyme Pet Odor Eliminator for Home - Carpet Stain Remover for Cats and Dog Pee - Enzymatic Cat Urine Destroyer - Carpet Cleaner Spray,Pet_Supplies,OR,
Still have this flag up!,"Daughter graduated NIU and this flag made a cute decoration for her to come home to. She’s a waitress right now so I’m glad to see she’s using her degree, NOT!",5,16/01/2023 17:40,Northern Illinois Huskies College Graduation Gift Banner Flag,Sports_and_Outdoors,OR,
Stretchy Rain Shell,"Stretchy and breathable, keeps you dry in rain. Lightweight and packs down small, making it easy to carry. Fabric allows for good movement. However, it is quite expensive compared to other options.",3,19/10/2023 18:15,Black Diamond StormLine Stretch Rain Shell,Sports_and_Outdoors,CG,
Too wordy,He must get paid by the word!  Good story but like all of his book way to much unnecessary verbiage.,4,25/01/2023 17:26,The Outsider,Books,OR,
Fascinating and Detailed Biography,"Providing a detailed and fascinating look into the life and mind of the tech visionary, this book covers his successes and controversies, offering a balanced perspective. A great read for those interested in technology and entrepreneurship.",5,08/03/2024 11:50,Elon Musk,Kindle_Store,CG,
I love her style of writing - witty humor with characters you fall in love with!,"What a great concept for a story, one that is so much more than romance. The characters have depth, purpose, dreams, and humor. It's a story you'll laugh through, cheer for, and turn the pages to see how things will all play out. I highly recommend her books!",5,25/05/2022 23:10,The Flatshare: A Novel,Kindle_Store,OR,
"Missing parts, returned",The bolts were far too small for the holes. This item had to be returned as I was not able to assemble the item.,1,02/05/2022 20:37,Sunny Health & Fitness Hyperextension Roman Chair Ab Workouts Sit Up Gym Bench for Home,Sports_and_Outdoors,OR,
Durable and Versatile,"Offers excellent performance with its non-stick surface. The cookware heats evenly and is easy to clean. The pieces are a bit heavy, but the quality and durability make them a great investment.",5,18/03/2023 14:20,Anolon Advanced Hard-Anodized Nonstick Cookware Set,Home_and_Kitchen,CG,
Effective and Stays Put,Provides excellent support and stays in place during intense workouts.,4,06/02/2024 12:05,KT Tape Pro Synthetic Kinesiology Tape,Sports_and_Outdoors,CG,
this book is very dreadful!!!,I can’t believe how gruesome this story is. Oh it’s good when it comes from Matt Shaw. I wonder how how you get your ideas for your books. Keep it up!!!,4,16/03/2023 02:57,"Meet: He came, they ate.",Kindle_Store,OR,
Amazing Art Set,Contains everything a young artist needs. The variety of colors and tools is impressive. Keeps kids entertained for hours. Some markers dried out quicker than expected.,4,08/06/2022 06:07,Crayola Inspiration Art Case Coloring Set,Toys_and_Games,CG,
Beutiful bag,Beautiful bag for elementary schoold girls. Very nicely made with lot of room and pockets. Great color combinations and material. Looks durable and sturdy. Little girls will love it.,5,13/02/2023 06:01,"Gazigo Girls Backpack Elementary School, Bunny Backpack for girls Cute Kids Laptop Bag Kindergarten Preschool Bookbag Mochila Para 5.6.7.8.9.10 Niñas(Only Backpack Purple)",Clothing_Shoes_and_Jewelry,OR,
Excellent Performance,Reliable performance with good battery life. Perfect for home projects.,5,12/02/2024 04:46,Ryobi P1811 One+ Compact Drill/Driver Kit,Tools_and_Home_Improvement,CG,
Cute but face cutouts really too small for adults,This was purchased to use as a photo drop. It is a fairly thin material much like a trash bag so not super easy to rip but also has no weight to it to keep it from flying around where it's not taped down. The colors are vibrant and it was a fun addition to the party. The only negative is the holes to put your face in are really too small for an adult so instead of taking pics with the face 'in' the space you have to put your face up to it which takes away a bit but we still had fun with it. I think you could maybe could out the openings so they are a bit larger but I don't know if it'd be worth the effort.,4,14/02/2023 01:48,"JOYIN Cinco de Mayo Fiesta Couple Photo Door Banner for Party Supplies, Decoration, Mexican Theme Fiesta, Party or Festivals",Toys_and_Games,OR,
Fast Boiling Stove,"Boils water quickly, efficient fuel use. Compact and easy to pack. A bit noisy but gets the job done fast.",4,11/08/2023 19:00,Fast Boiling Stove,Sports_and_Outdoors,CG,
Exceptional Tool,Brushless motor provides long-lasting power. Ergonomic design makes it comfortable to use.,5,24/01/2023 11:35,Makita 18V LXT Lithium-Ion Brushless Cordless Drill Kit,Tools_and_Home_Improvement,CG,
Solo Mission,Follows a solo mission with thrilling action and character development. The story is engaging and sets up future adventures well.,4,29/05/2026 12:33,Black Widow,Movies_and_TV,CG,
Clear Vision,These goggles provide clear vision without fogging up. Comfortable fit and good protection.,5,02/12/2023 23:15,DEWALT Concealer Clear Anti-Fog Dual Mold Safety Goggle,Tools_and_Home_Improvement,CG,
Strong Performance,"Powerful and efficient. Handles tough jobs well, though the battery could last longer.",4,30/05/2022 23:49,Porter Cable PCCK607LB 20V MAX Lithium Ion Drill/Driver Kit,Tools_and_Home_Improvement,CG,
Barista Quality at Home,"Produces excellent espresso with a range of customizable settings. The design is sleek, and the milk frother is a nice addition. It's a bit pricey, but the performance and quality make it worth it.",5,15/11/2023 13:00,Nespresso Lattissima Pro Espresso Machine,Home_and_Kitchen,CG,
Perfect for Small Dogs,My small dog loves this Royal Canin dry food. It provides great nutrition and keeps him healthy. The kibble size is perfect for small breeds.,5,14/01/2023 01:59,Royal Canin Size Health Nutrition Small Adult Formula Dog Dry Food,Pet_Supplies,CG,
Fit perfectly,Fit perfectly,5,19/05/2022 21:42,"Garbage Disposal Splash Guards, 2-Pack 3 1/8"" Sink Baffle Food Waste Disposer Drain Splash Guard Collar Quiet Collar Cover EPDM Rubber Drain Plugs Insert Parts for Waste King, Whirlaway, GE Disposer",Tools_and_Home_Improvement,OR,
Incredible drama,"Talk about a roller coaster ride. In the second book of this duet we follow Matt, Tristan and Thea on a ride of ups and downs that reminded me so much of real life relationships. These three have to deal with some outrageous drama. We find out about new family connections. And watch their love for each other grow and blossom into a beautiful triad. This is an incredible ending for three amazing characters.",5,09/12/2022 04:13,Who We Love: A Decker Family Novel (Perfect Everlasting Book 2),Kindle_Store,OR,
Convenient but Not Perfect,"The Keurig K-Elite offers convenience with its single-serve brewing, making mornings easier. Its strong brew feature and iced coffee setting are appreciated. However, concerns about the environmental impact of K-Cups and occasional inconsistencies in brewing temperature slightly dampen the experience. A good choice for those prioritizing convenience.",3,22/11/2022 07:13,Keurig K-Elite Coffee Maker,Home_and_Kitchen,CG,
A Poignant Story,Hosseini's novel is a poignant and emotionally powerful story of two women in Afghanistan. His evocative writing and deep character development create a compelling narrative that highlights the resilience of the human spirit. It's a heart-wrenching and unforgettable read.,5,18/09/2023 16:50,A Thousand Splendid Suns,Books,CG,
Cute but Uncomfortable,"Ballet flats are cute and stylish, but they are very uncomfortable. The fit is too tight and they caused blisters after a short period of wear. Disappointed with the comfort level despite their attractive appearance.",2,14/09/2023 10:45,Ballet Flats,Clothing_Shoes_and_Jewelry,CG,
Insightful and Engaging,Coelho's novel is a beautifully written and philosophical tale about following one's dreams. The simple yet profound storytelling makes it an engaging and uplifting read. It's a book that inspires self-reflection and personal growth.,5,06/02/2023 14:40,The Alchemist,Books,CG,
Relatable College Life,"Relatable college experiences depicted with humor and charm. Characters are endearing, and their antics are both funny and touching.",4,15/12/2023 16:48,Hostel Daze,Movies_and_TV,CG,
Clasp Broke Quickly,"The watch had a nice design, but the clasp broke within a week of use. The watchband also started to show signs of wear very quickly. For the price, expected much better quality. Very frustrating experience.",1,22/07/2022 16:40,Men's Stainless Steel Watch,Clothing_Shoes_and_Jewelry,CG,
Mediocre and Uninspiring,A mediocre story with unremarkable characters. The plot was uninspiring and failed to hold my attention.,2,20/05/2024 10:40,Today Will Be Different,Kindle_Store,CG,
Good product,Good product! Like it a lot!,5,07/05/2022 14:24,"MOBOSI Military AirPods Case Cover Designed for AirPods 2 & 1, Full-Body Protective Vanguard Armor Series AirPod Case with Keychain for AirPods Wireless Charging Case, Black [Front LED Visible]",Electronics,OR,
Fun but Noisy,"The electric scooter is fun and easy to ride. Battery life is decent, but it's quite noisy. Assembly was straightforward.",4,19/01/2024 11:51,Razor Power Core E90 Electric Scooter,Toys_and_Games,CG,
“It matters not how it seems...,"“It matters not how it seems. All that matters is what is, and I will simply have to deal with whatever that happens to be.” ~ The Artful Dodger (Jack Dawkins) ‘Oliver Twist’, Charles Dickens Oliver and Jack, of ‘At Lodgings in Lyme’ by Jackie North, flee London, terrified of being caught and hanged. The weather is as miserable as they feel. Finally, Oliver tells Jack they are headed to Lyme Regis, where his family was from, hoping there is someone who can help them. Jack picks the pocket of a wealthy man. With this money, they get food and a roof over their head. The next day, they take a coach to Lyme Regis. Oliver has noticed that Jack isn't himself, but when he asks, Jack makes some excuse but admits he has a horrible headache. When he then throws up on the coach, Oliver realizes the seriousness of his illness. As the coach continues, Jack gets worse. When they stop for a break, they find that the coach doesn't go to Lyme Regis, but the coach driver agrees to stop at the point nearby, meaning they still have a distance to walk, in the torrential rain. By now, Jack is so sick that Oliver practically has to carry him. Oliver needs to find shelter for them, and soon! They come upon a grand house and knock on the door. The butler answers. He is wary of them but calls Mrs. Heyland, who runs the household. Jack explains their shabby appearance by saying he used to be Oliver's manservant but that Oliver has lost his fortune and can no longer pay him. She's skeptical, but Oliver works his charm on her and agrees that it's her ""Christian Duty"" not to turn them away. Jack is put to bed to recover. To pay for Jack's doctor bills, Oliver finds work gutting fish. While there, they enjoy a short respite from the trouble that always seems to follow them. When Jack's condition improves, he works with Oliver. All seems well until Jack is accused of stealing books. Unwilling to be separated, Oliver insists that he is guilty too. The authorities arrest both of them, but instead of going to jail to await trial, they take them to the Axminster workhouse. ‘At Lodging in Lyme’ is the second book in the ‘Oliver & Jack’ series. It was good to see Oliver and Jack get some peace providing them time to explore their relationship further. In other ways, it made it even harder when that peace was so cruelly taken away. Thanks, Jackie. I’m looking forward to the next book in the series. Originally reviewed at Rainbow Book Reviews.",5,28/06/2022 21:48,At Lodgings in Lyme: A Gay M/M Historical Romance (Oliver & Jack Book 2),Kindle_Store,OR,
Contains corn. Dogs love them,Our dogs eat a super quality dog food with no corn or soy. But they absolutely love these treats. It's the equivalent of junk food and that's ok. The sticks are soft and fragrant. I break them in half and my packs is delighted.,4,11/09/2022 19:09,"Pup-Peroni Original Lean Beef Flavor Dog Snacks, 10-Ounce",Pet_Supplies,OR,
Stylish Aston Martin,Detailed and fun to build. The car looks fantastic on display. Some parts are fragile and require careful handling.,4,13/03/2023 07:30,LEGO Creator Expert James Bond Aston Martin DB5,Toys_and_Games,CG,
I ordered a 12/14 got a XXXL,To big on top wore anyway cause needed it. Will never wear again,2,17/08/2022 15:47,Womens Vintage Swimsuits Push Up Tummy Control One Piece Athletic Plus Bathing Suit Womens Swimwear,Clothing_Shoes_and_Jewelry,OR,
Good product!,Good product!,5,14/05/2022 10:23,Tipton Snap Cap Polymer,Sports_and_Outdoors,OR,
Super work lunch bag,"Great sized lunch bag!  I can fit everything in it that I pack for lunch and then some. Only issue is that the interior lining is sewn in wrong and wrinkles and bunches. If you get one without the defect, it is a definite keeper!",4,07/06/2022 18:01,1Easylife Lunch Bag Insulated Lunch Box Wide-Open Lunch Tote Bag Large Drinks Holder Durable Nylon Thermal Snacks Organizer for Women Men Adults College Work Picnic Hiking Beach Fishing,Home_and_Kitchen,OR,
Love these shirts!,"I have gotten a lot of complements on these shirts and Questions about where to purchase them. I love it a ton! It’s super soft and comfortable and covers in a very flattering way. I do feel these shirts are a little expensive, but the same time worth it because they made me look good.",5,30/07/2022 16:24,RITERA Women Plus Size Tops Tie Dye Summer Shirt Leopard V Neck Short Sleeve Camo Tunic for Ladies Oversized Blouse,Clothing_Shoes_and_Jewelry,OR,
Cheaply Made,The track pieces are flimsy and don't stay together well. Cars often get stuck. Overall quality is disappointing for a Paw Patrol product.,2,24/05/2023 00:54,Paw Patrol True Metal Adventure Bay Rescue Way,Toys_and_Games,CG,
Durable and Powerful,Handles tough jobs well. Durable but a bit on the heavy side.,4,17/04/2023 14:47,DeWalt DCD777C2 20V MAX Lithium-Ion Brushless Compact Drill Driver,Tools_and_Home_Improvement,CG,
Best Value for Money,"Best value for money with excellent sound quality and durability. The bass is punchy without being overwhelming, and the mids and highs are clear. Very comfortable even for extended use. Highly recommended for both casual listeners and professionals.",5,22/01/2024 14:20,Audio-Technica ATH-M50x Headphones,Electronics,CG,
Was perfect…for 2 days,"Dog loved it, but completely destroyed it in 2 days",2,07/05/2022 03:53,KONG Wubba - Durable & Tough Dog Toy - War Dog Toy for Aggressive Chewers - Dog Tug Toy for Large Dogs - Interactive Dog Toy for Tough Chewers - Outdoor Dog Toy for Tug of War & Fetch - X-Large Dogs,Pet_Supplies,OR,
Not what I expected.,Material is thin. Pockets are shallow. Stitched in a way to allow anything in them to slide out while sitting. I washed them so will have to  keep them. They are comfortable and gave two stars for that reason. If you're outside in cold weather you'll need long johns in addition to these. They probably won't take any abuse vey well. Not what I expected.,2,15/01/2023 12:42,Wrangler Authentics Men's Fleece Lined Carpenter Pant,Clothing_Shoes_and_Jewelry,OR,
Great Fitness Tracker,"Great fitness tracker with accurate tracking and a vibrant AMOLED display. The battery life is impressive, lasting several days on a single charge. However, the interface can be a bit confusing at times, and it's quite expensive. Still, a great choice for fitness enthusiasts.",4,07/11/2023 14:10,Garmin Venu 2,Electronics,CG,
Nice set,Has all you need but the caps and jars,5,13/01/2023 20:02,"HOMKULA Canning Pot Canning Supplies - 8 Piece Canning Kit/Tools Set, Includes 20 Quart Water Bath Canner with Rack and Lid, Tongs, Jar Lifter, Collapsible Funnel, Wrench, Lid Lifter, Mixer/Measurer",Home_and_Kitchen,OR,
find length,"I love my Levi jeans, I’m 5’2 and 110 pounds and I got size 24. These jeans stretch amazingly and are so flattering. I will say one thing, when I bought the jeans I took a guess on the length, I was given 27s for the length, but again no where did it say it was 24X 27. I still like them. I just wish they were a little longer.",4,17/10/2022 21:30,Levi's Women's Ribcage Straight Ankle Jeans,Clothing_Shoes_and_Jewelry,OR,
Seems to rub a bit small,I measured and it seems to run a bit small,5,30/07/2022 13:07,Sidefeel Girls Cute Summer Short Sleeve Floral Print Sundress Summer Casual Mini Dresses 4-13 Years,Clothing_Shoes_and_Jewelry,OR,
Good,"I enjoyed this suspenseful romance about Megan and Tyler finding love through emotional healing. I willingly received, read and reviewed this ARC book.",5,10/09/2022 08:37,Hoping on Change: Clean Cowboy Romance with a Touch of Suspense (Hope Lake Book 1),Kindle_Store,OR,
Beautiful but Small Sizing,"This bracelet is lovely and looks even better than the pictures online. The gold plating has a nice shine and doesn't look cheap. However, the sizing is quite small, making it difficult to fit comfortably on an average wrist. A bit disappointing considering the quality of the bracelet itself. Would be perfect if it came in a larger size option.",3,30/08/2022 18:49,Women's Gold Plated Bracelet,Clothing_Shoes_and_Jewelry,CG,
Made well,"The shirt is cute. Heavier material than a tee. Washes up well, no shrinkage. Arm hole are a little large but it not to big. It will be a good fall shirt. All snd all good buy",4,03/09/2022 03:37,Womens Summer Flare Ruffle Short Sleeve T Shirts Round Neck Casual Tops,Clothing_Shoes_and_Jewelry,OR,
Love never ends,I do not usually like vampire stories. This was woven together so perfectly. You even love the vampire and realize you do dislike humans. Love that this love endures so much and was there again. Defiantly a story to be read by anyone.,5,28/09/2022 19:51,Her Dear and Loving Husband (The Loving Husband Trilogy Book 1),Kindle_Store,OR,
A Modern Classic,"This book offers a profound exploration of the virtues that lead to a meaningful life. Brooks' writing is thoughtful and insightful, encouraging readers to reflect on their own character and the values they prioritize. An inspiring and thought-provoking read.",5,02/12/2022 11:28,The Road to Character,Books,CG,
Frightening Crowd Density Analysis and The Fatalities That Resulted,"Informative and tragic. Videos illustrated what really was going on and which section of the venue became the most dangerous place to be and why. I was moved to tears by the survivor stories. It was heartbreaking to watch a standing crowed penned in by non-moving barriers that had a sudden large wave of people rushing into the penned sections with nowhere else to go. The documentary targeted planning errors like the fencing split (aisles for security) and the crowded quadrant where the crowd collapsed. When the event from the 2nd stage finished, concertgoers flooded over toward the main stage. There was nowhere for the crowd surrounded on 3 sides by fences to go, once the pushing surge started.",5,10/11/2022 10:30,,Movies_and_TV,OR,
Works great,Takes a bit to get use to but it’s comfortable. Shipped fast. Very pleased,5,11/01/2023 02:16,Perixx PERIPRO-801 Bluetooth 34mm Trackball Mouse with 400/1000dpi (11766),Electronics,OR,
Stylish but Rubs,"Platform sandals are stylish and look great with summer outfits. However, the straps rub against the skin and cause discomfort after a while. Would have been perfect if they were more comfortable to wear for extended periods.",3,17/10/2022 14:55,Platform Sandals,Clothing_Shoes_and_Jewelry,CG,
Could be better,"Got this for my daughter for Christmas because she loves mushrooms and needed a new nightlight. Worked for about five minutes. Still works but not very well. Motion sensing, but not very bright.",4,29/12/2022 21:03,"Rienar Sensor Led Night Light, Color Changing Plug-in LED Mushroom Dream Bed Lamp",Tools_and_Home_Improvement,OR,
Works great,Works great,5,01/03/2023 23:48,"Pawkin Cat Litter Mat, Jumbo XX-Large, 4x3 Feet, Fits Two Litter Boxes or Extra Coverage for One Box, Gray",Pet_Supplies,OR,
Perfect for Kids,"Great game for younger kids to help them learn comparisons and vocabulary. It's simple but still fun for adults to join in. Cards are durable, but the box could be sturdier.",4,03/01/2023 13:35,Mattel Games Apples to Apples Junior,Toys_and_Games,CG,
Ease,Was easy to rent and watch.  Cute story,5,19/07/2022 13:46,,Movies_and_TV,OR,
Overly Complicated,"An overly complicated plot that was hard to follow. The characters were unlikable, and the ending was unsatisfying.",2,28/05/2023 17:40,The Silkworm,Kindle_Store,CG,
Perfect (sexy) lighting,"Easy install, light weight, sleek. Perfect hallway light for me. Can be used in bathroom, closet hall, very bright white (daylight),  budget friendly, $",5,01/01/2023 21:25,"7 inch LED Ceiling Light Fixture, 12W 5000K Daylight White Flush Mount Ceiling Light, Round Ultra Thin Ceiling Lamp for Hallway, Closets, Stairwells, kitchen Sink, Utility Room",Tools_and_Home_Improvement,OR,https://m.media-amazon.com/images/I/418gGsC8vRL._SL1600_.jpg
Book review,"This was a wonderful story about friendship, a stalker, an actor, and an autoimmune disease that had impacted the life of Broadway star Rylee.  Her stalker a newspaper writer had imagined in his mind that she was his but it wasn’t true. Through the ups and downs of this story she finds true love with her childhood crush and educates the public on her autoimmune disease that affects so many people",5,01/04/2022 16:02,Dropping The Ball: A New Year’s Billionaire Romance,Kindle_Store,OR,
Creative and Cozy,Great craft project for kids. The quilt is colorful and fun to make. Tying the knots can be challenging for younger children.,4,28/12/2022 01:25,Melissa & Doug Created by Me! Flower Fleece Quilt,Toys_and_Games,CG,
Too small for flex sip lid,This only fits the regular wide mouth cap. It is too short for the flex sip lid.,4,24/12/2022 19:49,Hydro Flask Flex Strap Pack,Sports_and_Outdoors,OR,
Not Warm Enough,Doesn't provide enough warmth in cold conditions. The fit is also tighter than expected. Disappointed with this purchase.,2,21/05/2023 13:40,Patagonia Men's R1 Fleece Pullover,Sports_and_Outdoors,CG,
These are great just wish there were more vacuum bags included.,"I am a huge fan of vacuum bags! And these are really nice ones. Just wish there were more. It came 4 cloth zipper storage bins with handles which are nice & sturdy and 4 vacuum seal bags (which are nice sealing and good quality). I think depending on what you put in these bags you could easily get 3 vacuumed down bags in one of the cloth zipper storing bins possibly even 4. I used 2 vacuum bags and one of the cloth bins for all my summer pool towels which are pretty good size. And I had plenty of room within the cloth zipper bin for more items which I did put more towels and rugs in it as well. I like that you can keep things (like summer/pool things in this case) all together within the zipper bin. It wouldn't fit under my bed too tall. But it fit nicely in the back of my linen closet stored away until next summer. I'm using the other two raining vacuum bags for seasonal decorative blankets to store away until needed. I will need to order more vacuum bags for the remaining cloth bins. You could just use the cloth zipper bins without the vacuum bags they are nice a roomy and hold quite a bit. Which I may use for random pillows and stuffed animals. I really like the clear window to view what's inside it's a nice perk. I can't say enough about the vacuum bags. There are good ones and not so good ones and these are really a nice quality one. They seal really easily, no struggling to get it to seal and they stay sealed. It's the only reason I took off a star was there just aren't enough included with the amount of zipper bins that hold 2 each.",4,23/09/2022 23:19,LOKNGXU Cube Vacuum Storage Bags Save Storage Space Bedroom Organization Quilts Blankets Clothes Storage Vacuum Seal Bags (Large 4 sets),Tools_and_Home_Improvement,OR,https://m.media-amazon.com/images/I/71Y4o6-9onL._SL1600_.jpg
Squeaker?,"Squeaker went up in fish so it no longer squeaks. If squeaker was going to come lose, I’m glad it went up in fish so my dog didn’t swallow it!",4,15/02/2023 01:15,"Sensory Fish - Squeaky Dog Toys - Soft, Natural Rubber (Latex) - for Puppies, Small Dogs, Medium Dogs & Blind Dogs - Indoor Play - Complies with Same Safety Standards as Children's Toys (2 Pack)",Pet_Supplies,OR,
Absolutely love these!,Purchased the off white color for a nursery. I was looking for panels that weren’t too sheer but just enough to block out some light during naps. This room doesn’t get much sunlight but the color brightens the room. Great quality and do not look cheap.,5,29/06/2022 16:26,jinchan Burlap Linen Curtains for Living Room Light Filtering Farmhouse Curtains Grommet Top Window Curtain Panels for Bedroom Room 84 Inch Length 2 Panels Grey,Home_and_Kitchen,OR,https://m.media-amazon.com/images/I/71igq-a496L._SL1600_.jpg
Solid Mid-Range Gaming PC,"Good performance and a stylish design. The cooling system works well, and it's easily upgradable. However, the pre-installed software can be intrusive. A good choice for gamers looking for a reliable mid-range option.",4,10/08/2023 15:50,Asus ROG Strix GA15,Electronics,CG,
Sweet and Heartwarming,Tells a sweet and heartwarming tale with lovable characters and a touching storyline. Perfect for a cozy viewing experience.,5,20/03/2024 11:23,Cheesecake,Movies_and_TV,CG,
Lightweight and Efficient,"Provides excellent cleaning performance with a lightweight design. It's easy to maneuver and works well on various surfaces. The battery life is impressive, and it's great for quick clean-ups.",5,14/11/2022 19:30,Dyson V8 Absolute Cordless Stick Vacuum Cleaner,Home_and_Kitchen,CG,
Well made and works great,Well made and works great. I have had this for a few weeks and use it daily. No issues!,5,06/03/2023 03:28,USB C to 4.5mm Laptop Charging Adapter Female Type C to Male DC 4.5 x 3.0mm Barrel Jack Plug Converter 100W PD Power Charger Connector Tip for Probook Notebook Elitebook f211wm f233wm ENVY 17 13 15 HP,Electronics,OR,
Flimsy Construction,Feels flimsy and doesn't hold up to regular use. The handle broke after a few weeks.,2,12/04/2022 17:19,Chuckit! Classic Ball Launcher,Pet_Supplies,CG,
Rich and Enchanting,"Set in a magical medieval Russia, this story is rich with folklore and enchanting characters. The plot is engaging, drawing you into a world of wonder.",5,20/06/2023 14:50,The Girl in the Tower,Kindle_Store,CG,
The best miter saw I've ever owned!,"Over the past two weeks I have sawed thru hard wood, soft wood, 3"" pvc pipe and a whole list of new construction materials with absolute precision and the understanding that this Dewalt 15 Amp miter saw is the best, ""chop saw"", I've ever used. This thing is a beast on a job site, a heavy and strong built tool from one of the greatest out here. Every type of cut you would need to achieve while framing, every safety feature a professional probably doesn't need but still values and all of the power in this saw for a price that can't be beaten. The build quality is excellent and every small detail, (the texturing on the back plate, sliding plates, highly visible numbers, cut outs on the side for carrying, table ready feet with holes to bolt down) make it clear that this is a tool made for people who value their work by people who understand what work is. Out in the field I work with some of the greatest, most hard working human beings alive and this is a tool worthy of that title and their time! Hands down, best saw I've ever owned.",5,17/12/2022 19:14,"DEWALT 12-Inch Miter Saw, 15-Amp, Single Bevel, Compound (DWS715),Black",Tools_and_Home_Improvement,OR,https://m.media-amazon.com/images/I/81CL38jiz3L._SL1600_.jpg
Very comfortable,[[VIDEOID:7d6077007c10fabb4bb27b98dca09766]] I bought these to wear underneath my sundresses.  I'm a wheelchair user so I can't cross my legs and I thought these would prevent me from accidentally flashing someone.  They are very comfortable and very stretchy.  They are high waisted and feel like compression wear so I don't have to worry about them sliding down on accident.  They lie flat so they don't mess up the line of my skirt either.,5,02/07/2022 07:48,TreeWeek Women Workout Biker Shorts 3 Pack Ribbed Seamless High Waist Yoga Shorts for Gym Athletic/Daily Match,Clothing_Shoes_and_Jewelry,OR,https://m.media-amazon.com/images/I/81eJWRVt6yL._SL1600_.jpg
Quirky and Relatable,"Unique characters and situations make this quirky and relatable. The humor is subtle and clever, ensuring an engaging experience.",4,15/07/2023 11:37,Pushpavalli,Movies_and_TV,CG,
Clean Cuts,Produces smooth and precise cuts. Lasts longer than other blades I've used.,5,24/04/2022 01:01,Diablo 10 in. 50-Tooth ATB Combination Saw Blade,Tools_and_Home_Improvement,CG,
Perfect,Perfect for my round table,5,31/05/2022 19:15,"Homaxy Faux Leather Strip Woven Round Table Placemats, Set of 4 Heat Insulation Stain Resistant Non-Slip Table Mats for Kitchen Table, Washable Wipe Clean Fan Shape Wedge Place Mats, White Marble",Home_and_Kitchen,OR,
An unforgettable love story,"I read this in book form years ago, and enjoyed it again on my Kindle Fire pad.  Too bad every one cannot have a love like this.",5,25/05/2022 07:19,The Notebook,Books,OR,
Reliable and Sturdy,Solid construction and good grip. Reliable for heavy-duty tasks.,4,24/12/2023 15:54,Vaughan 20 oz. Rip Hammer,Tools_and_Home_Improvement,CG,
Links up to other Ontel magic tracks,My grandsons had a great time hooking up the other tracks I bought them to this.  This one allows for over and under travel so it added some interest they were needing.  An entirely flat track is boring so including some bridges should always be part of a track system.  They had fun.  It's easy to take apart and store in a plastic bin out of the way.,5,03/11/2022 04:51,Ontel Magic Tracks Police Chase Glow in The Dark Racetrack Set with 10 Feet of Speedway,Toys_and_Games,OR,
Perfect for Young Kids,"Simplified version of the classic game, making it perfect for younger players. The colorful board and pieces are engaging. Can be too easy for older kids.",4,14/11/2022 07:44,Monopoly Junior Board Game,Toys_and_Games,CG,
It does not bring in at least half the local channels.,"I live about 12 miles from downtown Las Vegas. With this antenna I can't receive CBS, PBS and many other channels.",3,05/10/2022 14:53,"400 Miles Long Range IPX8 Waterproof Outdoor/Indoor HD Digital TV Antenna, HDTV Antenna with Amplifier Signal Booster,32.8ft Coaxial Cable, Support 4K 1080P VHF UHF TV Channels, Works with All TVs",Electronics,OR,
Decent but definitely not pro series quality,Thermostat functions fine but is inferior quality compared to the Honeywell Pro Series,3,02/08/2022 21:50,Honeywell Home RTH9585WF Wi-Fi Smart Color Thermostat with C-Wire Adapter,Tools_and_Home_Improvement,OR,
Superb Noise Cancelling and Sound Quality,"The Sony WH-1000XM4 headphones are exceptional in terms of noise-cancelling and sound quality. They provide a comfortable fit for long listening sessions. The battery life is impressive, often lasting over 30 hours on a single charge. The touch controls are intuitive and responsive. Connectivity is reliable with minimal dropouts. They are a bit pricey, but worth it for the premium experience they offer.",5,19/01/2023 21:10,Sony WH-1000XM4 Headphones,Electronics,CG,
Insightful and Entertaining,"Noah’s memoir is both insightful and entertaining, offering a unique perspective on growing up during apartheid in South Africa. His humor and candor make this an engaging read, filled with poignant reflections and hilarious anecdotes.",5,07/03/2023 13:50,Born a Crime: Stories from a South African Childhood,Books,CG,
Powerful and Compact,"A fantastic blender for smoothies and small blending tasks. It's powerful, compact, and easy to clean. While it's not designed for large quantities, it excels at quick, single-serving blends. Perfect for those with a busy lifestyle.",5,29/07/2022 07:55,NutriBullet Pro - 13-Piece High-Speed Blender/Mixer,Home_and_Kitchen,CG,
Ice station zebra,Liked the movie,5,19/05/2022 18:38,,Movies_and_TV,OR,
Buzz Lightyear Fun,Buzz is well-made and detailed. Great for Toy Story fans. The wings are a bit fragile and can break easily.,4,28/04/2023 18:05,Disney Pixar Toy Story 4 Buzz Lightyear Figure,Toys_and_Games,CG,
Great Starter Kit,Ideal for homeowners. Has all the necessary tools for everyday repairs and projects.,4,07/09/2022 17:25,Stanley 65-Piece Homeowner's Tool Kit,Tools_and_Home_Improvement,CG,
What was advertised,"Great gift idea for those who are fans of the Orca Killer Whales at any age. It is a large soft perfectly marked stuffed Orca Killer Whale and the eyes on it look so real. Purchased for a birthday gift and they LOVE it!! Thank you Melissa and Doug for having fun merchandise like you have. Thank you Amazon !  I could not be happier with giving this Orca Killer Whale as a birthday gift. AND last but not least and just as important, the Sellers sent it in a box that did not show what was in the box and when it was opened she was SO SURPRISED; so thank you for that. That was awesome, BRAVO!!!",5,07/09/2022 23:35,Melissa & Doug Giant Orca Whale - Lifelike Stuffed Animal (over 3 feet long),Toys_and_Games,OR,
Durable and Convenient,"Provides excellent food storage with its stackable design. The lids fit securely, and the containers are easy to clean. Great for organizing the fridge and pantry.",5,07/07/2023 11:20,Rubbermaid Easy Find Lids Food Storage Containers,Home_and_Kitchen,CG,
Uncomfortable Grip,"Grip is not comfortable, especially for extended use.",2,10/04/2022 15:29,PORTER-CABLE 20V MAX Cordless Drill,Tools_and_Home_Improvement,CG,
Great Fit and Quality,Swim trunks fit perfectly and are made of high-quality material. They dry quickly and are comfortable for both swimming and lounging by the pool. The design is stylish and the colors remain vibrant after several uses. Highly recommend.,5,29/05/2023 10:25,Men's Swim Trunks,Clothing_Shoes_and_Jewelry,CG,
Engaging but Far-Fetched,"Plot is engaging but feels far-fetched. The characters are interesting, though the narrative can be hard to believe.",3,05/04/2027 11:35,Lock Every Door,Kindle_Store,CG,
Great suspense movie!,"I really enjoyed this movie. Completely different then most of these types of movies. If you want suspense and a good scare without gore, sex and violence this movie delivers!",5,06/10/2022 04:56,,Movies_and_TV,OR,
Quiet and Effective,"Significantly improves air quality while operating quietly. It's easy to set up and maintain, making it ideal for homes with pets and allergies. The filter replacements can be a bit costly, but the benefits are worth it.",5,15/09/2023 10:10,Levoit LV600HH Hybrid Ultrasonic Humidifier,Home_and_Kitchen,CG,
Epic and Inspiring,"This set sparked endless creativity in my kids. They spent hours building various structures. The colors are vibrant, and the bricks fit together perfectly. However, it could use more unique pieces.",5,05/04/2023 23:28,LEGO Classic Large Creative Brick Box,Toys_and_Games,CG,
Values that Matter,"In 10 Prophetic Values for Today, James Levesque has written a powerful book covering what he has witnessed is lacking in believers lives right now. He opened up first about how dark the world is becoming. In December 2020, he received a vision from God about how the earth was covered in darkness and he heard a voice from Heaven and it told him how God is going restore His voice upon the earth. He explained the importance of how God spoke the world into existence. We always have that same power available to us from God. He looked at Paul and how he explained to believers the gift of prophecy and how we all desire to hear from God. It’s imperative to be actively in God’s written word and to living in His presence. The book discussed the power of our words and to watch what we are declaring over our lives. A big scripture to remember is Proverbs 18:21 and this stated that our words are powerful and can bring life and death and a talkative person will suffer the consequences from it. He shared some examples such as if we say we are poor or if we believe that all men are dogs. What we say and focus on and believe determines what will be true. He explained how the devil uses our words against us and how this causes us harm. He opened up about his own declaration he has started with his own family. This stated how we are a leader, head and not the tail, lender, blessed, and how we will make a different in the world. I immensely loved this simple declaration and believed it contains powerful wording and actions to refocus our lives and to transform our lives. He shared how many people will come to him seeking a pastor to help their failing marriage, financial troubles, other issues and he told them to change their words. He has witnessed dramatic changes occur when they focus on the words they are speaking over their lives. I would recommend this life changing book to anyone who is ready to learn about the 10 prophetic values that are about to change your life for the better. I liked how he broke the values down into easy-to-understand language to make it easier for readers. I liked how he explained peace and how we can obtain emotional health. It was shocking to read about all the negative effects happening in the world today: suicide, depression, drugs, and much more. Most of what they are trying to treat is just the symptoms of the issue not the root cause. I thought it was very bold in the way he explained how demons love to torment and how they can be found at the root cause of mental illness. The answer for healing is only discovered in Jesus’s blood. My favorite chapter was on power of words and how we can learn to speak words that matter over our lives and others. The declaration is extremely powerful and I believe this will greatly benefit us.",5,04/12/2022 21:08,10 Prophetic Values for Today,Books,OR,
Overly Sentimental,"While the novel tackles profound themes of faith and forgiveness, I found it to be overly sentimental and somewhat preachy. The characters lacked depth, and the dialogue felt contrived. It’s an okay read, but it didn’t resonate with me deeply.",3,05/12/2022 17:40,The Shack,Books,CG,
Durable but Underpowered,"Built to be durable and withstand drops, making it ideal for students. Battery life is decent, but the performance is quite underwhelming, struggling with multiple tabs and apps. The display is also subpar with low resolution. It's rugged, but don't expect too much in terms of power.",3,25/05/2023 14:50,Dell Chromebook 3100,Electronics,CG,
Good for Home Use,Sufficient for home projects but not powerful enough for heavy-duty work.,3,13/05/2022 16:53,Bosch HDS181-02 18-Volt Lithium-Ion 1/2-Inch Compact Tough Hammer Drill,Tools_and_Home_Improvement,CG,
Omg love this,Comfy n cute,5,24/05/2022 22:53,"Otunrues Dog Hoodie, Dog Clothes Sweater 4 Legs Dog Jumpsuit Outfit Fleece Sweatshirt Security Patterns Clothes Dog Hoodies for Small Medium Large Dogs Cats(Red,XL)",Pet_Supplies,OR,https://m.media-amazon.com/images/I/7139921xzvL._SL1600_.jpg
I Like It...,"Okay, my dog doesn't use it.  Like the scratching post that the cat ignores and then shreds the sofa, my dog will literally sit next to this thing and not even notice that it's there.  But I love it!  It's always a bit cold when you first touch it!  I wish they made shirts out of this material  :) YMMV, but I think some dogs would love this and mine are just weird!",5,11/07/2022 13:50,"ZonLi Dog Cooling Mat 37"" x 28"" Pet Pad, Q-max 0.35 Self Cooling Dog Pad Super Soft Plush Dog and Cat Blanket, Machine Washable & Portable Kennel Mat for Indoor or Outdoor",Pet_Supplies,OR,
For dog treats,The bags are long. I cut them in half and use my sealer to provide dog treats for guests.,5,13/01/2023 03:58,Whaline 150Pcs Dog Paw Cellophane Bags with 150Pcs Twist Ties Pet Paw Bone Print Cello Bags Clear Goodie Treat Bags Pet Theme Party Candy Favor Bags for Pet Birthday Treat Party Supplies,Pet_Supplies,OR,
Average Performance,Decent for light tasks but struggles with tougher materials. Battery life is acceptable.,3,04/12/2022 20:24,CRAFTSMAN V20 Cordless Drill/Driver Kit,Tools_and_Home_Improvement,CG,
Cute but Cheaply Made,"Birthstone earrings are cute and the stones are lovely, but they feel cheaply made. The posts bent easily and one of the backs broke off. Not impressed with the quality considering the price. Would not recommend for long-term use.",2,28/06/2023 12:10,Birthstone Earrings,Clothing_Shoes_and_Jewelry,CG,
Impressive Tower,The lookout tower is huge and packed with features. Assembly takes time and it takes up a lot of space. Kids love it though.,4,04/02/2022 03:54,Paw Patrol Mighty Pups Super PAWs Lookout Tower,Toys_and_Games,CG,
So Adorable,"This Toddler Baby Girl Romper is adorable. The pattern and colors are super feminine and my granddaughter loved the pink tassels. It fit her well but has a little room for her to grow. I believe it came with a head ""scarf"" that matches but my granddaughter won't wear anything on her head. We are so happy with this summer romper. Great product found on Amazon.",5,07/07/2022 15:48,SAPGEJJDJFGE Toddler Baby Girl Clothes Backless Shorts Romper Tassel Jumpsuits Summer Outfit Set with Headband 12M-5T,Clothing_Shoes_and_Jewelry,OR,https://m.media-amazon.com/images/I/71wuVJBxSrL._SL1600_.jpg
Dollar Store Value,"It works okay as a shade tent for my toy poodle. It’s pretty flimsy and the slightest breeze blows it over. There’s nothing to anchor it with, so I need to put weights in it to hold it down. This defeats the purpose. There are no instructions on how to fold this tent, I nearly destroyed the thing trying to figure it out. A few minutes searching the web I found a video from another company detailing the procedure. A good idea in theory, but my dog actually hates going in there, so it was a complete waste of time and money. A few cute pictures, and admiring looks from pet lovers telling me what a great poodle daddy I am, is all I got out of this dollar store special.",3,10/08/2022 12:01,"Fltom Pop Up Beach Tent, Mini Size Beach Shelter Tent for UPF 50 UV Protection, Instant Portable Beach Sun Shade Tent with Carry Bag",Sports_and_Outdoors,OR,https://m.media-amazon.com/images/I/81L+OmYNYxL._SL1600_.jpg
Disjointed and Confusing,"While I appreciate Vonnegut's unique style and anti-war message, the non-linear narrative and surreal elements made it hard to follow. It’s a novel that might resonate more with others, but it wasn’t quite for me.",3,24/08/2022 20:15,Slaughterhouse-Five,Books,CG,
Paw Balm,I used this paw balm for long walks with my dog. We like hiking and the paw balm is great after a bath. I apply the thin layer on my dog's paws. The texture is similar to beewax.,4,13/03/2023 20:12,"𝗪𝗜𝗡𝗡𝗘𝗥 𝟮𝟬𝟮𝟯* Cat & Dog Paw Balm, 100% Organic Dog Nose Balm, Paw Butter for Dogs, Dog Nose and Paw Balm for Dogs, Paw Cream, Paw Wax, Dog Paw Balm for Dogs Pads, Sore Paws & Winter",Pet_Supplies,OR,
Intriguing but Overcomplicated,"Psychological thriller with an intriguing premise but overcomplicated plot. The characters are interesting, though the narrative can be hard to follow.",3,22/09/2027 16:30,An Anonymous Girl,Kindle_Store,CG,
Solid Performance,Consistent and reliable. The brushless motor and compact size are a great combination.,5,23/06/2023 01:24,Milwaukee M18 Compact Brushless Drill/Driver Kit,Tools_and_Home_Improvement,CG,
Supportive Running Shoes,"Provide great support and cushioning for long runs. The fit is comfortable, and the shoes are durable. A good choice for both beginners and experienced runners.",5,11/12/2023 13:45,Brooks Men's Adrenaline GTS 21,Sports_and_Outdoors,CG,
Very Happy Customer,"Great sound , Great price, wonderful purchase.",5,01/05/2022 23:17,"Wohome Sound Bars for TV with Subwoofer, 28-INCH 120W Ultra Slim Surround Soundbar Speakers System with Wireless Bluetooth 5.0 HDMI-ARC Optical RCA USB AUX Input,Works with 4K & HD TVs,Model S99",Electronics,OR,
Highly Recommend,I have been using this product for more than a week and found it is functional and better than I thought. It is easy to assemble and pretty study.,5,22/10/2022 00:34,"Exercise Bike, pooboo Stationary Bike for Home Gym, Magnetic Resistance Indoor Cycling Bike w/Comfortable Seat Cushion & Ipad Mount, Silent Belt Drive Indoor Bike for Cardio Workout (Orange)",Sports_and_Outdoors,OR,https://m.media-amazon.com/images/I/61JalLbQSdL._SL1600_.jpg
"Terrible sound, complicated setup","Took me a long time to figure out how to mount my camera and this mic on my tripod, watched a bunched of videos online before I could figure it out. Bad design as it pushes my camera to the side and mounts the mic on the tripod. After having figured out the setup, I recorded once, and the voice quality is bad. Haven't used it since.",1,03/03/2023 00:57,Camcorder External Microphone Compatible with Panasonic HC-V770K Full HD Camcorder External Microphone,Electronics,OR,
Battery Drains Quickly,Battery life is disappointing. Requires frequent recharging.,2,15/06/2023 15:34,Ryobi 18-Volt ONE+ Cordless 5 in. Random Orbit Sander,Tools_and_Home_Improvement,CG,
Cute but Runs Small,"Sandals are cute and stylish, perfect for summer. However, they run small and it's recommended to size up. The material is good quality, but the sizing issue is a drawback. Check the size chart before purchasing.",3,18/07/2022 13:45,Sandals,Clothing_Shoes_and_Jewelry,CG,
Pass on these...,"The bag of balloons comes with a straw to use to try to fill these however the flap on the numbered balloons didn't stay sealed for us. We had a fully inflated 7 that barely stayed up after being fully inflated with helium and a 1 that just leaked. These a cheaply made but wherever, you only turn 17 once and my kids didn't really care that they had limp numbers.",3,06/09/2022 18:23,"RBYOO 17th Blue Birthday Decorations for Men Boy Women Girl,Navy Blue Black Silver Happy Birthday Party Supplies with Pom Poms Flower Confetti Balloon 17 Foil Number Balloon and Happy Birthday Banner",Toys_and_Games,OR,
Solid and Safe Climbing Helmet,Provides great protection without being too heavy. Fits well and is easily adjustable. Good ventilation keeps my head cool during climbs. Durable construction gives confidence in safety. A reliable choice for any climber.,5,23/03/2022 17:55,Black Diamond Half Dome Climbing Helmet,Sports_and_Outdoors,CG,
Great thermal socks,These are great for working outside in the cold. My husband is a landscaper and he said they keep his feet toasty and warm. We will buy again!,5,27/12/2022 15:26,Alvada Merino Wool Hiking Socks Thermal Warm Crew Winter Boot Sock For Men & Women 3 Pairs,Sports_and_Outdoors,OR,
Thought Provoking & Entertaining,"This was well done. Entertaining, thought provoking. A story about how an innocent decision anyone could make can end up going very badly with long term consequences.",5,25/02/2023 04:24,Shot Caller,Movies_and_TV,OR,
Great two piece!,"I’m a thicker woman and I don’t usually even buy bathing suits but I bought this one for a cruise and I loved it! Perfect fit, true high rise bottoms to cover the belly, the top was comfortable. My girls aren’t that big but it made them look great lol",5,11/11/2022 15:08,Yonique Womens Plus Size Bikini High Waisted Swimsuits Two Piece Bathing Suits Tummy Control Swimwear,Clothing_Shoes_and_Jewelry,OR,
Super cute,I use these in my classroom and love them. They are super cute.,5,04/09/2022 21:10,"Baby Yoda Refrigerator Magnets, Mini Cute Glass Magnets for whiteboard Lockers Fridge Office Cabinet Dishwasher Magnets Decorative Cover Hold Photo",Home_and_Kitchen,OR,
Overrated Classic,"Despite its acclaim, the characters felt shallow, and the plot failed to engage me deeply. The prose is undeniably beautiful, capturing the essence of the Jazz Age, but the story left me wanting more substance. Worth a read for its cultural significance, but not my favorite classic.",3,10/01/2022 14:20,The Great Gatsby,Books,CG,
Overheats Quickly,Overheats quickly and doesn't breathe well. Not ideal for active use. Wouldn't recommend.,2,20/09/2022 14:20,Arc'teryx Atom LT Hoody,Sports_and_Outdoors,CG,
Laughably silly,"I’ll give this book credit, it’s entertaining if you don’t take it seriously. There are some good points. A fairly standard video game-like system that the world works in akin to an MMO. Familiar types of skills and workings. And the main character gets an interesting set of skills that make him abnormal. There’s enough character variety and persona to keep me interested, and the story is whimsical and fun enough. The bad; this is laughably simple in terms of writing. So many rules are broken. I can’t count the number of -ly adverbs because there’s just too many. The author also has no concept of size. One of the main skills the MC uses is called stone bullet. It’s supposed to be a stone that fires, and is roughly eight inches in diameter. That’s HUGE. That’s not a stone, it’s a boulder! Eventually, he goes on to utilize a 1 foot diameter stone and calling it small. For reference, a softball isn’t even 4 INCHES in diameter. The story also has many lewd points and overly sexualizes females.  There’s also hints towards incest with the MC’s younger sister. I’m not sure if I’ll read on to book 2 or not. I purchased the entire series due to a recommendation of a friend. I’m not seriously reconsidering that friendship…",2,09/01/2023 11:47,The Hidden Dungeon Only I Can Enter (Light Novel) Vol. 1,Kindle_Store,OR,
Classic Puzzle,"The Rubik's Cube is a timeless challenge. Quality is good, but the stickers wear off with use. Still, a great brain teaser.",4,05/02/2024 20:40,Hasbro Gaming Rubik's Cube,Toys_and_Games,CG,
Nice messenger bag,Nice messenger bag.  This has a good feel to it. I like the design and it seems a good size.  Good for travel or walking around. Nice size compartments for wallets and keys and cellphones I think,5,17/07/2022 16:02,Small Men's Waterproof Messenger Bag - Ideal Crossbody Sling Purse Handbag for Work and School - Casual Black Shoulder Bag,Clothing_Shoes_and_Jewelry,OR,https://m.media-amazon.com/images/I/713JDp8aehL._SL1600_.jpg
Glad I chose this iPad,"I purchased this iPad because I did not have the funds at the time to purchase a brand new one, but this renewed iPad is excellent.  I can't tell that it is not new, and it made for an excellent gift for my spouse.  Great choice and I am very pleased.  Also, great shipping time.",5,18/12/2022 23:30,"Apple iPad (5th Generation) WiFi , 128GB, Silver (2017 Model) (Renewed)",Electronics,OR,
Engaging Legal Drama,"Presents a gripping legal drama with well-developed characters and a compelling plot. The courtroom scenes are intense, and the story keeps you hooked from beginning to end. A satisfying read for fans of legal thrillers.",4,25/03/2022 12:15,Sycamore Row,Books,CG,
GOVEE for the win again.,"I purchased these to replace the lighting in my lighted beer sign and now it looks even better then it did with the old fluorescent lights, and as an added bonus the sign has motion to it now.  I have purchased numerous Govee products, the quality, ease of use for the smart phone app and options are awesome.",5,20/12/2022 16:58,"Govee TV LED Backlight with APP Control, Music Sync, Scene Modes, 6.56FT with RGBIC Color Changing for 30-50 inch TVs, USB Powered",Tools_and_Home_Improvement,OR,
Marvelous Heroes Unite,Bringing all the heroes together made for an action-packed and heartfelt movie. The characters are so well done.,4,14/12/2025 09:33,The Marvels,Movies_and_TV,CG,
Durable and Versatile Cookware,"Provides excellent durability and versatility. The nonstick surface works perfectly, and the pieces heat up evenly. While they are a bit heavy, the quality justifies it. A fantastic set for any cooking enthusiast.",5,05/05/2023 14:40,T-fal Ultimate Hard Anodized Nonstick 12-Piece Cookware Set,Home_and_Kitchen,CG,
Stylish but Uncomfortable,"Skinny jeans look stylish and fit well, but they are quite uncomfortable to wear for long periods. The material is stiff and doesn't stretch much. Disappointed with the comfort level despite the great look.",2,22/06/2023 17:45,Skinny Jeans,Clothing_Shoes_and_Jewelry,CG,
This will work for some fun sledding!!!!,"[[VIDEOID:4fde986c1521135c5851a682f5ae57fd]] This certainly will work for sledding.  It is easy to inflate with large valve.  The bottom added material is a nice touch.  I wish the extra bottom material was rubber instead of vinyl.  Nonetheless, this is a good value and much stronger than you common pool vinyl tubes.  Great design and handles! Trust you found this review honest and helpful:-)",4,26/11/2022 03:51,Heavy Duty Snow Tube with Premium Canvas Cover for Kids and Adults - Commercial Grade Sled Thickened Bottom Sledding 47 inch,Sports_and_Outdoors,OR,
Attractive but Runs Large,"Maxi dress has an attractive design and vibrant colors, but it runs quite large. Needed to exchange for a smaller size. The fabric is lightweight and perfect for summer. Overall, a nice dress but sizing is an issue.",3,30/09/2022 16:20,Women's Maxi Dress,Clothing_Shoes_and_Jewelry,CG,
Quiet and Effective,"Quiet and effective, perfect for adding moisture to the air. It's easy to fill and clean, with adjustable mist levels. The night light feature is a bonus. Highly recommend for improving indoor air quality.",5,04/04/2023 20:15,Homasy Cool Mist Humidifier,Home_and_Kitchen,CG,
Durable and Comfortable,"Cargo pants are both durable and comfortable, perfect for outdoor activities. The fit is great, and the material is strong and holds up well after multiple washes. Plenty of pockets for storage. Very satisfied with the purchase.",5,12/09/2023 07:50,Men's Cargo Pants,Clothing_Shoes_and_Jewelry,CG,
Convenient and Efficient,"Provides ample water filtration with a large capacity. It's easy to fill and fits well in the refrigerator. The filter replacement indicator is helpful. A bit bulky, but the convenience is worth it.",4,09/09/2023 09:50,Brita UltraMax Dispenser,Home_and_Kitchen,CG,
Nonstick Excellence,"A game-changer for nonstick cooking. It heats evenly and is easy to clean. The ceramic coating is environmentally friendly and performs well. Though a bit pricey, the quality and performance make it worth the investment.",5,14/11/2022 09:20,GreenPan Valencia Pro Ceramic Nonstick 11-Piece Cookware Set,Home_and_Kitchen,CG,
stick to what you know...,"They say that authors should stick to subjects they know. It's quite obvious to me that Robert Dugoni - an author I've genuinely enjoyed - does not know spy craft any better than he knows toddlers. CIA trained story spies don't go around picking bar fights in hostile foreign countries when they're on the job. And you don't have complex conversations with 2 year olds. Given the entire premise of this tale rests on invalidating these fundamental truths, I found this book to not be believable or worthy of embracing that level of ""suspension of reality"". Just not readable.",1,16/10/2022 23:58,The Silent Sisters (Charles Jenkins Book 3),Kindle_Store,OR,
Buy it...,Better than expected...Kitties are happy...,5,16/12/2022 01:40,"Valonii 2-in-1 Rechargeable Motion Activated Interactive Cat Toys for Indoor Cats, Long Lifetime Motor Cat Chasing Toy for Exercise/Moving Butterfly/Feather Wand Kitten Toys (Multi-Colored)",Pet_Supplies,OR,
Powerful and Versatile,"Handles blending tasks efficiently with its powerful motor. The glass jar is durable and easy to clean. It's a bit bulky, but the performance makes it worth the counter space. Ideal for smoothies, soups, and more.",5,07/06/2022 10:20,Oster Blender Pro 1200 with Glass Jar,Home_and_Kitchen,CG,
Reliable Mid-Range Gaming Laptop,"Solid performance and a good display. The keyboard is comfortable, and the build quality is robust. However, the battery life could be better, and it's on the heavier side. A solid choice for gamers looking for reliability.",4,07/01/2024 16:55,Lenovo Legion 5,Electronics,CG,
Beautiful but Tarnishes Quickly,"Beautiful design, but it tarnishes quickly. The gold plating started to wear off after just a few weeks of wear. Disappointed with the quality considering the price. Needs frequent polishing to maintain its appearance.",2,05/07/2022 14:35,Gold-Plated Ring,Clothing_Shoes_and_Jewelry,CG,
Great Combo Kit,Includes everything you need. Powerful and versatile.,5,02/03/2022 12:02,Ryobi P1819 18V One+ Lithium-Ion Cordless 6-Tool Combo Kit,Tools_and_Home_Improvement,CG,
A Tough but Rewarding Read,"This philosophical novel is a challenging read, but the depth of its characters and the complexity of its themes make it incredibly rewarding. Dostoevsky’s exploration of morality, faith, and family is profound and thought-provoking.",4,21/02/2022 11:40,The Brothers Karamazov,Books,CG,
Impressive Engineering,A fantastic challenge for older kids and adults. The detail and accuracy are incredible. Instructions are clear but expect a long build time. Pricey but worth it for enthusiasts.,5,02/11/2023 22:22,LEGO Technic Bugatti Chiron,Toys_and_Games,CG,
Cute but Uncomfortable,"Espadrilles are cute and perfect for summer, but they are quite uncomfortable. The material is stiff and the fit is tight. Caused blisters after a short period of wear. Disappointed with the comfort level.",2,20/06/2022 13:20,Espadrilles,Clothing_Shoes_and_Jewelry,CG,
A bit cheap but they work,"Bought these for my 5 years old daughter who has been begging for Heelys. Since Heelys don't come in her size, we went with this option. I didn't like that you have to slide the panel on the bottom of the shoe to access the wheel, and there's no way for it to tuck back up and have it stay back up unless you slide the panel back over the wheel. They seem a tad cheaply made, panel doesn't slide with ease, plastic seems like it will break in no time. Time will tell if they hold up to somewhat frequent use",4,08/01/2023 15:58,Kids Roller Shoes Boys Girls LED Light up Roller Skates Sneakers Best Gifts for Kids Shoes with Wheels Light Color Shoes,Clothing_Shoes_and_Jewelry,OR,
Great!,I use this on two dogs and a cat. It’s great for initial brushing for tangles. Then I use a smaller brush.,4,23/01/2023 22:15,"Four Paws Magic Coat Professional Series Grooming Brushes for Dogs & Cats l Trimmers, Nail Clippers, & Brushes Dog & Cat",Pet_Supplies,OR,
Perfect for Streamers,"Perfect for streamers with excellent sound quality and user-friendly software. The build quality is solid, and it integrates well with streaming setups. It's a bit pricey, but the features and performance justify the cost. Highly recommended for streamers and podcasters.",5,21/05/2023 12:40,Elgato Wave:3,Electronics,CG,
So easy to install,"[[VIDEOID:bda07c06f03e464c43f6befc8496a]] These are so easy to install. You just peel and stick. It's so nice to not have to drill anything. They're also so easy to use, I hated a different child lock I had that needed a magnetic key to open it. It was so annoying compared to this which us strong enough that you're baby won't open it but easy enough to only need one hand to open",5,04/11/2022 17:51,Magnetic Door Catch Magnets with Adhesive Backing Cabinet Magnets Thin Flat Furniture Catch Adhesive Door Latch (4 Pack White),Tools_and_Home_Improvement,OR,
Comfortable and Durable,"Soft, breathable fabric and fits well. Perfect for work or casual wear.",5,12/05/2023 20:58,Carhartt Men's Force Cotton Delmont Long Sleeve T-Shirt,Tools_and_Home_Improvement,CG,
A Beautifully Written Collection of Poetry,"""I am young enough, To know nothing, And desire more.   Yet I am old enough, To know all I need, And realize what I have lost."" This was a beautifully written collection of poetry, allowing the reader a glimpse into the heartache, triumph, bravery and despair that the author, Michelle Sarasin, has experienced. My personal favourite pieces are 'Edge of Darkness', 'Shadows', 'Despair' and 'Shadows of Love'. My motherly heart was broken by 'Without Warning'. ""Love is true in my heart, Lies are the love beheld in yours, Like green grasses under thick snow, I stayed for the winter, In the spring you let me go.""",4,20/12/2022 10:03,Shadows: Poems of Reflection and Life,Kindle_Store,OR,
Most comfortable shoes ever!,"I have searched for over a year for comfortable, supportive, stylish shoes and have finally found them.  These shoes support the foot but feel like you are walking on clouds.  I can't say enough great things about them.  I ordered 3 more pairs because I have learned the hard way companies discontinue styles.  Order them, you and your feet won't be sorry!",5,09/08/2022 23:24,ASICS womens Gel-nimbus® 23,Clothing_Shoes_and_Jewelry,OR,
"Seem ok, look great.","I like these. They seem very sturdy but not yet sure, only used for a week, so far.",5,04/11/2022 17:51,"Apple MFi Certified iPhone 14/13 Charger Block and Cord,30W Dual Port Fast Charging Wall Plug with 3ft USB-C to Lightning Cable and USB Adapter for iPhone 14/13/12/11/X/Xs/XR/Pro Max, iPad,and More",Electronics,OR,
Good Enough to Re-read,"When Phoebe Walsh moves to Florida for the summer to prepare her late father’s house for sale, she also plans to finish her dissertation. She’s turned her lifelong obsession with true crime into a research topic, analyzing the genre for her thesis. With murders, cons, and others crimes always on her mind, she can be forgiven for being less than trusting or thinking Sam, her next door neighbor who keeps strange hours and has a soundproof garage might just be a serial killer. Actually doing any writing may be a challenge as Phoebe stays busy wrangling her always positive but not always responsible little brother, Connor, reconnecting with her childhood best friend, dealing with her complicated feelings about her father with whom she hadn’t spoken in years, and evaluating Sam’s threat level. Returning to her hometown, though, gives Phoebe a new perspective on her future, her relationships, and the things that truly scare her. I found this book delightful and laughed out loud several times. Phoebe was very relatable to me with her preference for messy buns and leggings. Because I have a PhD, I also empathized with Phoebe’s issues with her advisor and struggling to convey her thoughts on paper. As much as I liked Phoebe, I got so frustrated with her, but I appreciated her character arc. Sam, Connor, and Allison were all great characters, too! Though I love true crime, I don’t love it as much as Phoebe! She does see the world through a suspecting lens and often discusses cases, many familiar to me. Readers should no that no murders are committed during the book. Alicia Thompson provides content warnings at the beginning of the book, and I’d encourage readers to preview those. I enjoyed this so much, I can even imagine rereading it soon. I’d definitely recommend to romance fans.",4,05/09/2022 02:21,Love in the Time of Serial Killers,Books,OR,https://m.media-amazon.com/images/I/71AqeskGKJL._SL1600_.jpg
Emotional and Suspenseful,"A letter reveals hidden secrets, leading to a suspenseful and emotional journey. The characters are relatable, and the plot is well-crafted.",4,11/07/2023 08:25,The Girl in the Letter,Kindle_Store,CG,
Nice Compact Projector,"We really like this projector. It’s easy to take with us and set up in different places - we’ve already used it to watch football games outside and used it for a movie night outside with friends. It does not have direct connection from your phone to the projector itself, but we plug our Roku in the HDMI slot and that worked great!",5,17/10/2022 02:20,"Tkisko Mini Projector, 5G WiFi Portable Movie Video Projector, 9000L 1080P HD Supported, Compatible with TV Stick Smartphone HDMI USB AV，for Ceiling/Home Theater/Gaming/Outdoor Camping",Electronics,OR,
Seems sturdy and comfortable for my dog.,"Seems comfortable for my dog, and definitely kept her from pulling. Have just received and only walked her once with it. Of course, she didn't like it, but so far I have not let her paw it off. We will see how she does with it. As for this ""no pull head collar"" it is soft material, seems like quality clasps, and works...",5,22/09/2022 13:31,"Dog Head Collar, No Pull Training Tool for Dogs on Walks, Soft Padded Head Halter to Stops Dog Pulling on Leash",Pet_Supplies,OR,
Sturdy yet VERY absorbent,"These sweat bands are very absorbent. Unlike many items with elastic as a main component  ... the elastic in these sweat bands maintains it firmness so that the band does not become limp and fall off your head. And ... after washing and drying they maintain their firmness as well. A really good product that is made with superb material that lasts many uses, and washes. I know this because this is my second set to purchase. I didn't wear our the first set ... I lost them.",5,14/07/2022 20:30,"BEACE Sweatbands Sports Headband for Men & Women - Moisture Wicking Athletic Cotton Terry Cloth Sweatband for Tennis, Basketball, Running, Gym, Working Out",Sports_and_Outdoors,OR,
Works great,Needed something more penetrating than WD40 to loosen and remove a very rusted fuel tank lock ring. This worked amazingly well and simplified a previously impossible task.,5,27/10/2022 01:36,"Free All Deep Penetrating Oil Rust Remover, Loosen Rusty Nuts & Bolts, Screws, Clamps, Pipes, 11 oz. Aerosol, 2 Pack",Tools_and_Home_Improvement,OR,
Slow and Boring,Moves at a snail's pace with very little happening. Characters are not engaging and the plot is downright boring.,2,21/06/2022 09:45,Tales from the Loop,Movies_and_TV,CG,
Quality,"Sturdy but thin because of resistance,  not too bad.",2,21/07/2022 22:45,"3DActive Pull Up Assist Band - Resistance Band for Strength Training, Powerlifting, Body Stretching, Crossfit. Free Exercise Guide.",Sports_and_Outdoors,OR,
Classic Fun,"Always a hit at parties. Easy to learn and play. The dry-erase boards work well, but the markers run out quickly.",4,05/09/2023 23:05,Pictionary Board Game,Toys_and_Games,CG,
Well made,These wear well and are very comfortable. After many outings they proved to be durable as well.,4,03/02/2023 16:15,find. Men's Loafer,Clothing_Shoes_and_Jewelry,OR,
Another hit,Wow I didn't see the end coming the way it did. Big surprise of who done it. I have trouble putting the book down and then really regret when its over.,5,13/02/2023 01:57,Encore in Death: An Eve Dallas Novel,Kindle_Store,OR,
Good value,works goods,5,11/03/2023 12:49,"LumoLeaf Collapsible Dog Travel Bowl, 8 Cups Large Lightweight Foldable Bowl, Water and Food Bowls for Pets Dogs Cats with Zipper",Pet_Supplies,OR,
"Excellent Shirt, Runs Large","We work as Landscapers. Hot, dirty, sweaty work. We have recently discovered these types of shirts/jackets, and they are so comfortable to work in. Truth be told, they said these shirts were made for Dad Bods. My hubby is not built like that, so we should have sized down. Instead, I got him the medium. It will be fine, he says, but it is difficult to have full range-of-motion in baggy clothes. He will use this for fishing, not working. It's a very nice, well-made shirt. The mesh is a great touch for air movement. So, if you carry weight in your torso, buy your normal size. If you are trim, size down.",5,23/05/2022 22:28,Fishoholic Performance Fishing Shirt - UPF 50+ Long Sleeve - Loose Keg Fit Style - Breathable - Quick Drying Sun Protection,Sports_and_Outdoors,OR,
A Profound Exploration,Frankl’s memoir and psychological analysis of his time in Nazi concentration camps is a profound and moving exploration of the human spirit. His insights into finding meaning in suffering are deeply inspiring and thought-provoking.,5,29/05/2022 18:25,Man's Search for Meaning,Books,CG,
Versatile and Convenient,"Offers the flexibility of brewing a single cup or a full pot. The programmable features are convenient, and the performance is consistent. It's a bit bulky, but the versatility makes it a great choice for coffee lovers.",4,29/01/2023 07:45,Hamilton Beach 2-Way Brewer Coffee Maker,Home_and_Kitchen,CG,
Long time to get it right,This second chance romance was one that took a long time for these two to get it right! Josie and Maddox have been through a lot. He is grumpy and she is sunshine and she lifts the clouds for him. This angsty romance will have you begging for more. I really enjoyed the story and continue to like the series. Another great read in the series.,4,31/08/2022 02:16,Second to None (Coastal Chronicles Book 3),Kindle_Store,OR,
Suspenseful and Intriguing,"Interwoven timelines and strong female leads make this a compelling read. The suspense builds steadily, keeping you hooked until the last page.",5,09/10/2022 17:20,The Alice Network,Kindle_Store,CG,
Perfect match for my shower curtain and switch plate cover.,I love these towels. They coordinate perfectly with my dragonflies and Monet shower curtain and switch plate cover. The guest bathroom is all ready for visitors.,5,15/05/2022 05:51,"AHOMY Water Lilies by Claude Monet Oil Paintings 3Pcs Bath Towels Set Include Bath Towel, Hand Towel and Wash Cloth for Bathroom, Hotel, Gym, Spa and Beach",Home_and_Kitchen,OR,
Compact with 128 GB USB,This USB flash drive is compact and lightweight but holds 128 GB.  It's relatively inexpensive and convenient. It is easy to use on a daily basis or to have for short work trips.,5,10/08/2022 16:51,"SamData 128GB USB Flash Drives Thumb Drive Memory Stick USB Stick Jump Drive 128GB USB Drive Pen Drive Zip Drive Waterproof Metal Mini Design for PC Laptop Storage and Backup,2Pack Black",Electronics,OR,
Warm but Bulky,"The jacket is incredibly warm and perfect for very cold weather. The material feels durable and the pockets are well-placed. However, it is quite bulky and makes movement a bit awkward. It's not the most flattering fit, but it does the job in terms of warmth. If you're looking for a sleek, stylish winter coat, this might not be it, but for sheer warmth, it's great.",3,27/01/2024 17:55,Women's Puffer Jacket,Clothing_Shoes_and_Jewelry,CG,
Quality Cat Food,"High quality and my cat loves it. Improved his coat and energy levels. The price is high, but worth it for the benefits.",4,10/03/2023 17:02,Hill's Science Diet Dry Cat Food,Pet_Supplies,CG,
Tabletop fire pit bowl,I love having this little tabletop fire pit! It’s made very well & sturdy of what I’m guessing is concrete & a stainless steel bowl. It comes with the topper in case you want to put something on it like a melter etc. & also comes with the plate like snuffer for putting out the fire when you are done with it! You can use just plain rubbing alcohol (I believe it has to be at least 70%) or you can use the ethanol as well! I have used mine to make s’mores with my granddaughter & it’s perfect for it! It would make such a great gift too!,5,01/03/2023 08:10,Tabletop Fire Pit Bowl Concrete Fireplace Heaters for Indoor Use Smores Maker Portable Personal Table Top Smokeless Fire Pot Rubbing Alcohol Mini Firepit Ethanol Fire Bowl Home Decor Outdoor Christmas,Home_and_Kitchen,OR,https://m.media-amazon.com/images/I/718pKD++3zL._SL1600_.jpg
Engrossing Thriller,"This psychological thriller is a masterclass in suspense and plot twists. The characters are complex and the story keeps you guessing until the very end. Flynn’s writing is sharp and engaging, making it a hard book to put down.",4,16/04/2023 09:45,Gone Girl,Books,CG,
Blisters Galore,"Caused blisters after a short hike. The fit is not comfortable, and they don't seem to break in well. Expected better from Asolo.",1,18/11/2023 14:00,Asolo Fugitive GTX Hiking Boots,Sports_and_Outdoors,CG,
They are good socks,"Fits as expected, good quality.",5,09/11/2022 21:36,COOVAN 10 Pairs Mens Ankle Socks Men 10 Pack Low Cut Comfort Cushion Casual Socks,Clothing_Shoes_and_Jewelry,OR,
Heartfelt Satire,Delivers a heartfelt satire with a mix of humor and poignant moments. The unique perspective on war and innocence is both touching and thought-provoking.,4,31/07/2025 12:21,Jojo Rabbit,Movies_and_TV,CG,
Book is great but DVD will not play,"Loved the two essays and other info in the book, but when we tried to load the DVD in our player, we got a message that it was not readable. Immediately after removing the Princess Bride DVD we inserted and played another DVD from my collection which played normally. We sent our first order back to Amazon and got a replacement which performed exactly like the first one! Sounds like a manufacturing defect so we will not be trying to get a third one.",2,18/11/2022 20:45,The Princess Bride (The Criterion Collection) [Blu-ray],Movies_and_TV,OR,
Good for DIY,Perfect for small home projects. Easy to handle but lacks power for bigger tasks.,4,08/07/2022 01:38,WORX WX101L 20V Cordless Drill & Driver,Tools_and_Home_Improvement,CG,
glad they lock on,glad they lock on,4,14/06/2022 16:25,"Dymoece Bike Handlebar Grips,Bicycle Handle Grip Ergonomic Design Dual Lock-on for Mountain Bike MTB BMX Foldable Downhill",Sports_and_Outdoors,OR,
Overhyped and Underwhelming,"While the premise is interesting, I found the writing to be subpar and the characters lacking depth. The romance felt clichéd and the plot predictable. It’s a phenomenon, but it didn’t live up to the hype for me.",2,19/03/2023 12:45,Twilight,Books,CG,
Classic Scooter Fun,Timeless design and durable construction. Easy to fold and carry. Provides a smooth ride. The height adjustment could be improved.,4,26/06/2022 09:07,Razor A Kick Scooter,Toys_and_Games,CG,
Sweet but Predictable,"Captures the essence of young love with charming characters and a nostalgic 1980s setting. The narrative is heartfelt, though the plot is somewhat predictable. A sweet, touching story that resonates with readers of all ages.",4,14/06/2022 11:45,Eleanor & Park,Books,CG,
One of the most frustrating tech purchases I've made.,"I've been around computers and the internet since the early 90's.  Notice that I lost wifi on my deck and decided to get an extender.  Expecting a simple installation as I have done in the past, I plugged it in.  Didn't work out.  Kept trying and trying.  Finally called tech support and the call was in such a noisy environment that I couldn't hear what was being said to me.  I give up!  If I could return it I would, but my window has closed.  Extremely disappointed!",1,21/09/2022 00:37,"NETGEAR Wi-Fi Range Extender EX6120 - Coverage Up to 1500 Sq Ft and 25 Devices with AC1200 Dual Band Wireless Signal Booster & Repeater (Up to 1200Mbps Speed), and Compact Wall Plug Design, White",Electronics,OR,
My minature poodle doesn't like!,"My minature poodle doesn't care for this dogfood. My dog will generally eat almost anything, but he doesn't like this food very well.",5,24/04/2022 06:28,"Hill's Science Diet Adult Small Paws Wet Dog Food Variety Pack, Chicken & Vegetables, Beef & Vegetables, 3.5 oz. Cans, 12-Pack",Pet_Supplies,OR,
"Only label was on the box, no brand name on the filters themselves to identify the features","I'm using one, and it seems to be filtering the air moving through the furnace pretty well. I checked... it's only been in a few weeks so there is a little dust already. Fits nicely. I replaced my furnace a few years ago so I'm motivated to keep it functioning well. Set a reminder on the phone, and have some extras on hand to you have them when you need them. Happy with this find.",4,25/10/2022 22:20,"Acteev Fresh 16x25x1 MERV 13 Antimicrobial Air Filters with Active Zinc Technology, USA Made, 2 pack",Tools_and_Home_Improvement,OR,
Lives up to it's name!!,It makes GIGANTIC bubbles and the children have so much fun! Easy to mix and hours of bubbles!,5,13/05/2022 23:06,"Atlasonix Giant Bubble Solution 7 Gallons - Bubble Refill, Giant Bubble Mix for Big Bubble Solution Refill for Kids, All Natural Bubble Concentrate Bottle for Bubble Machine",Toys_and_Games,OR,
Great Cooler Pack,"Keeps contents cold for hours, even on hot days. Comfortable to carry with padded straps. The zipper is sturdy and easy to use. Ideal for picnics, hikes, and beach days.",5,27/06/2022 11:00,Hydro Flask Unbound Series Soft Cooler Pack,Sports_and_Outdoors,CG,
Best quality,A Christmas gift for my daughter and loves them,5,17/01/2023 17:40,"FIHUNY Adjustable Inline Skates for Kids and Adults with Light Up Wheels,Roller Blades Skates for Girls and Boys,Women",Sports_and_Outdoors,OR,
Puzzled but good story,I don't understand how to ask a question but I got this download for $0.99 and somehow I feel that this is some shortened version of the book. It's nowhere near as long as her other stories. Sorry but I don't know how to ask anybody. The story was her usual good adventure.,3,03/06/2022 18:58,Taken (Deep Ops),Kindle_Store,OR,
"Almost Perfect, But Some Minor Flaws","The Samsung Galaxy S22 is a solid performer with a sleek design and excellent display. The camera system delivers sharp and vibrant photos. Performance is generally smooth, although there are occasional stutters during intensive tasks. Battery life is decent but could be better. The software interface is user-friendly, but some bloatware is pre-installed. Overall, it's a great phone with a few areas that could use improvement.",4,02/03/2022 09:30,Samsung Galaxy S22,Electronics,CG,
Engaging Historical Fiction,"Set in Nazi Germany, this novel offers a unique perspective on the war through the eyes of a young girl. The narrative style is innovative and the characters are well-developed. It's a gripping, emotional read that stayed with me long after I finished it.",5,13/07/2022 13:20,The Book Thief,Books,CG,
Super fun game!,"I got this game for my granddaughter for Christmas. After all the gifts were opened, she asked if we could play her new game and I said sure. We read the directions and started playing. Next thing I know more and more family members were joining and I think we had seven people playing. Next thing I know it is almost 1130 at night and we have been playing The game for a good four hours. We had so much fun and laughed so hard. Made for some great family time!",5,16/01/2023 01:38,"Double Ditto - A Hilarious Family Party Word Board Game - Family Games -Games for Kids Ages 8-12, Teens, & Adults - Family Games for Game Night - Family Games for Kids and Adults",Toys_and_Games,OR,
Not so great,Wasn't that good.,3,08/01/2023 23:43,Dead for a Dollar,Movies_and_TV,OR,
Atmospheric but Slow,"Richly atmospheric setting, but the pacing is slow. The characters are interesting, though the plot drags in places.",3,30/10/2023 15:50,A Sudden Light,Kindle_Store,CG,
Funny stickers,[[VIDEOID:34fca6af1a6cf400a4e783ecff45af01]] These are very funny stickers.  Tom is a great actor and I love him as Spider-Man. Many awesome Spider-Man stickers here.  They seem to be pretty sticky and have good adhesion too. Very funny gift to give,5,03/06/2022 00:11,103 Pieces Sticker Pack Laptop Holland Aesthetic Vinyl,Electronics,OR,https://m.media-amazon.com/images/I/71D1OnNOE1L._SL1600_.jpg
Maybe just not for me,"3 stars This really wasn’t for me. I had high hopes and the premise seemed so good. It was kind of boring though.  I thought it was supposed to be funny, yet it felt a bit depressing. Nothing really happened. I’m sure it will have people that love it, just not me.",3,25/02/2023 02:57,Vampire Weekend: A Novel,Kindle_Store,OR,
My dogs love it!,"My dogs are really enjoying this food.  It arrived completely frozen.  I put 6 packs in the freezer and one in the refrigerator.  By the next day, the one in the refrigerator had thawed and was ready for use.  There's a good deal of food in each packet.  I have 2 big dogs, so this food wouldn't be affordable for their primary meal, but I've been mixing it in with their kibble.  My picky dog gobbles down her entire bowl when I include some of this in her bowl.  By mixing a small amount in each dog's bowl, I'm able to able to stretch each pack out for the 5 days that the manufacturer recommends as the number of days this product will remain fresh in the refrigerator. These packets look unpleasant when the food is in the plastic pouch, but once added to the bowl, it reminds me of stuffing and actually looks appetizing.  I'm vegetarian, but I would be tempted to try it myself if I wasn't vegetarian. Overall,  I think this is a good food.  My dogs like it a lot and it makes me happy to feed this food to them.",5,13/03/2023 14:29,"JustFoodForDogs Frozen Fresh Human Grade Dog Food, Healthy Weight Variety Pack, 18 Oz (7 Pack)",Pet_Supplies,OR,https://m.media-amazon.com/images/I/61Rmz3jdjFL._SL1600_.jpg
Super sticky,I use this to gain a better grip when play disc golf but I put a bit on a old rag then carry that in a zip lock bag so it's not so messy,5,26/10/2022 03:22,Pelican Bat Wax Grip Dip Pine Tar and Rosin Blend 4 Ounce. Grip Enhancer,Sports_and_Outdoors,OR,
Great Entertainment!,"The Brits do this stuff way better than us, its VERA, its good, and its fun!",5,31/05/2022 00:18,Vera: Series 11 (Eps 3 & 4) [DVD] [2022],Movies_and_TV,OR,
Thin,"Thin material, so definitely more of a fall sweater.",3,08/11/2022 19:54,Goodthreads Men's Lambswool Crewneck Jumper (Available in Tall),Clothing_Shoes_and_Jewelry,OR,
Humorous and Thought-Provoking,"Humorous take on modern politics and women's issues. The narrative is thought-provoking, though some characters feel one-dimensional.",4,20/01/2024 14:45,Young Jane Young,Kindle_Store,CG,
Cute,This was really cute.,5,11/09/2022 19:49,"POP MART Yoki Christmas Series 1PC Action Figure Box Toy Box Bulk Popular Collectible Art Toy Hot Toys Cute Figure Creative Gift, for Christmas Birthday Party Holiday",Toys_and_Games,OR,
An Engaging Sci-Fi Thriller,Gibson's novel is an engaging and groundbreaking sci-fi thriller that explores themes of artificial intelligence and cyberspace. The complex plot and richly imagined world make it a fascinating and thought-provoking read.,4,21/03/2023 13:40,Neuromancer,Books,CG,
Shows  5 flushies but you only get and it's twice the price as elsewhere.  one,Only one of the flushies is sent not the 5 as shown. Way over priced,1,28/08/2022 23:35,"Funko Five Nights at Freddy's Collectible Plush Figure, 6"", Assorted Colors and Styles (1 Random Plush)",Toys_and_Games,OR,
Rolls a bit,"So I ordered the biggest size, which based on measurements I knew would be a little -snug-. It's got impressive stretch, very flattering, not transparent at all, BUT it does roll a little during exercise. Now, whether this is because I was pushing the size chart to its very limits, I'm not sure. It made for some cute Insta pics, but it isn't practical to work out in for me (5'3, 155 lbs, 42 chest, 30 waist, 45 hips)",4,20/10/2022 17:28,Women’s Two Piece Outfits Yoga Pants Set Seamless High Waist Leggings and Quick-Dry Yoga Crop Tops Athletic Sports Set,Clothing_Shoes_and_Jewelry,OR,
Durable stainless water bottle,This water bottle is made of durable material. Both the lid and the bottle itself are good quality. I haven’t had any issues with the lid leaking or staying on. The straw is a typical water bottle straw made of plastic or silicone. Love this water bottle!,5,14/12/2022 02:48,vbv Caribbean Blue Sports Water Bottle 40oz,Sports_and_Outdoors,OR,https://m.media-amazon.com/images/I/61L0zS50u4L._SL1600_.jpg
Lot Of Hype; No Real Pics Of Keyes,"Am about 2/3rds thru this book and really don't understand either the ""selling"" of Keyes as ""the most ambitious and terrifying serial killer in modern history"", or the praise lauded on the author for her portrayal of his story.  Not to belittle the seriousness of the man's crimes, there is nothing particularly instructive about this book - no greater insight into the predator mindset - or no ""record-setting"" numbers of murders.  And except for what I assume is a partial picture of Keyes on the cover, there are no pictures of him.  This is a mediocre story of a less than mediocre human being.",1,18/06/2022 06:41,American Predator: The Hunt for the Most Meticulous Serial Killer of the 21st Century,Books,OR,
Bizarre and Unnerving,Bizarre in a way that wasn't entertaining. Unnerving without a solid plot.,2,04/01/2024 08:13,Swarm,Movies_and_TV,CG,
Versatile and Durable,Extremely versatile and durable multitool. Has all the essential tools and is built to last.,5,14/09/2023 16:50,Leatherman Wave Plus Multitool,Sports_and_Outdoors,CG,
Great C. S. Lewis classic,Great movie depicting how Good overcomes evil. It’s easy to see Christ portrayed and see the salvation message.,5,19/09/2022 14:02,"The Chronicles of Narnia: The Lion, the Witch and the Wardrobe (Widescreen Edition)",Movies_and_TV,OR,
Great classic,One of my favorite animations. Classic,5,01/05/2022 18:50,Robin Hood-40th Anniversary Edition (DVD + Digital Copy),Movies_and_TV,OR,
Not worth the $6,"I love Ryan in most of this films. But, this one I felt like he wasn't feeling it. The movie was boring. The acting was bad. It was just bad. Lol",2,04/03/2023 22:00,,Movies_and_TV,OR,
Compact and Reliable Tent,"Easy to set up and surprisingly spacious for one person. Good ventilation and weather resistance. Lightweight and packs down small, making it great for solo backpacking trips.",5,20/09/2022 13:30,Alps Mountaineering Lynx 1-Person Tent,Sports_and_Outdoors,CG,
Didn't hold up,"Dog loved this, but got the treat out, then chewed the treat holding part, so no more treats can stay in.",3,20/07/2022 13:45,Nylabone Strong Chew Cone Stuffable Chew Toy for Dogs Cone Bacon Small/Regular (1 Count),Pet_Supplies,OR,
Almost to soft,Need patience to use on medium size cans,4,05/05/2022 20:16,"CAM2 Pet Can Covers,Silicone Dog Cat Food can lid,Universal BPA Free & Dishwasher Safe,Fits Most Standard Size(Green,Pink, Blue)",Tools_and_Home_Improvement,OR,
Sweet story!,This is a beautifully written book about a girl discovering it's great to be you and do things the way God made only you to do! Wonderfully made!,5,05/09/2022 03:45,Twirl: God Loves You and Created You with Your Own Special Twirl,Books,OR,
Not Worth It,The interactive features are limited and not very engaging. The books are expensive and the system is clunky. Would not recommend for older kids.,2,21/05/2022 20:01,LeapFrog LeapStart 3D Interactive Learning System,Toys_and_Games,CG,
Spacious Ferret Cage,Spacious and well-designed. Easy to clean and my ferret loves it. The cage is quite heavy and difficult to move.,4,06/03/2022 04:28,Prevue Hendryx Black Feisty Ferret Cage,Pet_Supplies,CG,
Stylish but Fades,"Stylish and fits well, but the graphic started to fade after a few washes. Disappointed with the durability of the print. Would have been perfect if the graphic quality was better.",3,15/09/2022 14:00,Graphic Tee,Clothing_Shoes_and_Jewelry,CG,
"It's Fall, Y'all","First off ... the second cup doesn't say ""Hello Fall"", it says ""Hello Pumpkin"" - okay by me. These are bit around the size of a tall Starbucks drink. They're realistic, especially for being ""fake"". Adorable for kitchen table, kitchen counter, or book photo decorating. I LOVE them so much; I want to keep them out year-round!! Do wish they had Christmas and summer items too!",5,14/07/2022 04:04,Fall Decor - Fall Decorations for Home - 2 Pack Mini Pumpkin Spice Latte Cups with Faux Whipped Cream - For Autumn Tiered Tray Thanksgiving Farmhouse Table - Gifts for Women Warming Gifts New Home,Home_and_Kitchen,OR,
Stunning but Delicate,"Diamond stud earrings are absolutely stunning and add a touch of elegance to any outfit. However, they feel quite delicate and need to be handled with care. The sparkle is impressive, but the prongs seem a bit flimsy. Overall, a beautiful purchase if treated gently.",4,11/03/2023 10:40,Diamond Stud Earrings,Clothing_Shoes_and_Jewelry,CG,
Reliable and Accurate,Easy to set up and use. Provides clear and accurate lines.,5,04/02/2024 15:29,"DEWALT Line Laser, Self-Leveling, Cross Line",Tools_and_Home_Improvement,CG,
